Date,BBDC4.SA,ITUB4.SA,PETR4.SA,VALE3.SA
2008-01-02,9.977742195129395,5.56150484085083,8.669651985168457,21.2984561920166
2008-01-03,9.774625778198242,5.456718921661377,8.530138969421387,21.40880584716797
2008-01-04,9.65976619720459,5.495054721832275,8.11160659790039,20.63632583618164
2008-01-07,9.838635444641113,5.495054721832275,7.873438835144043,20.268476486206055
2008-01-08,9.989291191101074,5.546171188354492,8.305922508239746,20.673114776611328
2008-01-09,9.902661323547363,5.546171188354492,8.46237850189209,20.452402114868164
2008-01-10,10.03636360168457,5.649681091308594,8.380664825439453,20.897499084472656
2008-01-11,9.874420166015625,5.498889923095703,8.127548217773438,20.63632583618164
2008-01-14,9.974221229553223,5.520610809326172,8.111604690551758,20.599544525146484
2008-01-15,9.546777725219727,5.290586948394775,7.754490375518799,19.827064514160156
2008-01-16,9.377318382263184,5.207519054412842,7.46239709854126,18.911113739013672
2008-01-17,8.985651016235352,5.105284690856934,7.087274551391602,18.7786865234375
2008-01-18,9.017655372619629,4.990277290344238,7.1823039054870605,18.977327346801758
2008-01-21,8.699433326721191,4.868870258331299,6.649135112762451,17.001977920532227
2008-01-22,8.699433326721191,4.868870258331299,7.298343658447266,17.509611129760742
2008-01-23,8.50171947479248,4.830534934997559,7.173300743103027,16.55320167541504
2008-01-24,9.15323543548584,5.222859859466553,7.676462173461914,18.43658447265625
2008-01-28,9.245501518249512,5.196021556854248,8.089600563049316,18.484413146972656
2008-01-29,9.038369178771973,5.252246379852295,8.082594871520996,18.789722442626953
2008-01-30,9.036482810974121,5.220300197601318,8.265652656555176,19.271602630615234
2008-01-31,8.799227714538574,5.051610946655273,8.042580604553223,19.06561279296875
2008-02-01,8.7691068649292,4.915088176727295,8.172624588012695,20.194904327392578
2008-02-06,8.532029151916504,4.705445289611816,7.882529258728027,19.536462783813477
2008-02-07,8.388898849487305,4.690112113952637,8.127606391906738,19.275287628173828
2008-02-08,8.326735496520996,4.65942907333374,8.182625770568848,19.67991828918457
2008-02-11,8.6638765335083,4.7706451416015625,8.319671630859375,20.41561508178711
2008-02-12,8.946396827697754,5.063374042510986,8.336673736572266,20.566425323486328
2008-02-13,9.191240310668945,5.322874069213867,8.458714485168457,20.8901424407959
2008-02-14,8.9671049118042,5.123455047607422,8.355681419372559,20.713581085205078
2008-02-15,9.021729469299316,5.202706813812256,8.282659530639648,20.312620162963867
2008-02-18,9.228903770446777,5.36250114440918,8.497727394104004,21.184419631958008
2008-02-19,9.078232765197754,5.216770172119141,8.53274154663086,21.3021297454834
2008-02-20,9.264689445495605,5.343326568603516,8.552745819091797,22.070940017700195
2008-02-21,9.230792999267578,5.3049750328063965,8.40369701385498,21.997365951538086
2008-02-22,9.45491886138916,5.430246353149414,8.432705879211426,22.328433990478516
2008-02-25,9.650797843933105,5.471155166625977,8.427706718444824,22.328433990478516
2008-02-26,10.029376029968262,5.625832557678223,8.442710876464844,22.328433990478516
2008-02-27,10.159331321716309,5.70508337020874,8.572750091552734,22.2585391998291
2008-02-28,10.230897903442383,5.678243637084961,8.617767333984375,22.99056053161621
2008-02-29,9.944619178771973,5.44558572769165,8.147613525390625,21.578022003173828
2008-03-03,10.185696601867676,5.541741847991943,8.092597007751465,21.445594787597656
2008-03-04,9.976835250854492,5.422826290130615,7.867525100708008,20.989459991455078
2008-03-05,10.25375747680664,5.638924598693848,8.062588691711426,21.618484497070312
2008-03-06,9.795988082885742,5.473973751068115,7.903535842895508,21.052000045776367
2008-03-07,9.626437187194824,5.319255352020264,7.818511009216309,20.606897354125977
2008-03-10,9.45313549041748,5.262996673583984,7.672461986541748,20.047767639160156
2008-03-11,9.89959716796875,5.485485553741455,7.973562240600586,20.871749877929688
2008-03-12,9.777139663696289,5.2949628829956055,7.934548377990723,21.077743530273438
2008-03-13,9.85062026977539,5.395974159240723,7.83051061630249,21.188098907470703
2008-03-14,9.737580299377441,5.344833850860596,7.676462173461914,21.666305541992188
2008-03-17,9.419221878051758,5.344833850860596,7.676462173461914,20.35308074951172
2008-03-18,9.69238567352295,5.242536544799805,7.49740743637085,20.99681854248047
2008-03-19,9.12722396850586,5.037943363189697,6.942229747772217,19.554851531982422
2008-03-20,9.16490650177002,5.09548807144165,6.942229747772217,19.39667510986328
2008-03-24,9.211995124816895,4.999586582183838,7.002249240875244,20.39722442626953
2008-03-25,9.569924354553223,5.242536544799805,7.3723649978637695,20.974746704101562
2008-03-26,9.400382041931152,5.188833713531494,7.492403507232666,21.89069175720215
2008-03-27,9.211995124816895,5.050739288330078,7.3133463859558105,21.97896957397461
2008-03-28,9.049980163574219,5.005984783172607,7.263331413269043,21.997365951538086
2008-03-31,9.193160057067871,5.1159467697143555,7.401376247406006,22.254865646362305
2008-04-01,9.381546020507812,5.2760796546936035,7.578434944152832,22.71466827392578
2008-04-02,9.572089195251465,5.285037994384766,7.779497146606445,22.47556495666504
2008-04-03,9.607892036437988,5.30805778503418,7.872527122497559,22.75881576538086
2008-04-04,9.600358963012695,5.2760796546936035,7.902536869049072,22.994234085083008
2008-04-07,9.790670394897461,5.340036392211914,7.872971057891846,22.95745086669922
2008-04-08,9.78219223022461,5.4103851318359375,8.022408485412598,23.06412696838379
2008-04-09,9.581509590148926,5.282480716705322,8.027421951293945,22.65949821472168
2008-04-10,9.70870590209961,5.2581787109375,8.056506156921387,22.516036987304688
2008-04-11,9.52499008178711,5.186553955078125,7.87798547744751,22.270252227783203
2008-04-14,9.329962730407715,5.091899871826172,8.32127857208252,21.97756004333496
2008-04-15,9.383666038513184,5.116204261779785,8.418563842773438,22.514768600463867
2008-04-16,9.76523208618164,5.372010231018066,8.36440372467041,23.196475982666016
2008-04-17,10.104401588439941,5.563873291015625,8.534900665283203,23.211292266845703
2008-04-18,10.189194679260254,5.664917469024658,8.554963111877441,23.41506576538086
2008-04-22,10.166579246520996,5.602240562438965,8.645221710205078,24.17827606201172
2008-04-23,10.033736228942871,5.519104957580566,8.526878356933594,24.00784683227539
2008-04-24,10.211798667907715,5.525500774383545,8.344346046447754,23.06309700012207
2008-04-25,10.457700729370117,5.6150336265563965,8.454666137695312,23.340967178344727
2008-04-28,10.350300788879395,5.705846786499023,8.542925834655762,23.659589767456055
2008-04-29,10.04786491394043,5.595845699310303,8.203936576843262,23.081626892089844
2008-04-30,10.796869277954102,6.066535472869873,8.46469783782959,24.319061279296875
2008-05-02,11.446954727172852,6.281728744506836,8.625166893005371,24.230144500732422
2008-05-05,11.392546653747559,6.3648858070373535,8.795661926269531,24.67473030090332
2008-05-06,11.050474166870117,6.091102600097656,9.026338577270508,25.12672996520996
2008-05-07,10.883692741394043,5.968286991119385,8.996249198913574,24.433916091918945
2008-05-08,10.855414390563965,6.045042514801025,9.026338577270508,24.726606369018555
2008-05-09,10.798879623413086,6.000267028808594,9.160731315612793,24.604341506958008
2008-05-12,10.954347610473633,6.039928436279297,9.176772117614746,24.937788009643555
2008-05-13,10.954347610473633,5.923506259918213,9.176772117614746,25.00817108154297
2008-05-14,10.680145263671875,5.872328281402588,9.28709602355957,24.919252395629883
2008-05-15,10.781917572021484,6.006661891937256,9.449569702148438,25.786205291748047
2008-05-16,10.829975128173828,6.010501384735107,9.65817928314209,26.708730697631836
2008-05-19,10.996755599975586,6.135881423950195,10.029261589050293,26.490140914916992
2008-05-20,10.911949157714844,6.038647651672363,10.362232208251953,26.490140914916992
2008-05-21,10.660354614257812,5.885119915008545,10.532732963562012,25.63800621032715
2008-05-23,10.651874542236328,5.865931510925293,10.141590118408203,25.286043167114258
2008-05-26,10.51618480682373,5.872328281402588,10.3441801071167,25.00817108154297
2008-05-27,10.75364875793457,6.038647651672363,10.009201049804688,24.52283477783203
2008-05-28,11.138110160827637,6.249748706817627,10.227838516235352,25.067453384399414
2008-05-29,11.138110160827637,6.204962730407715,10.227838516235352,23.878177642822266
2008-05-30,11.10983943939209,6.455721378326416,9.828678131103516,24.27089500427246
2008-06-02,11.10983943939209,6.174816608428955,9.828678131103516,24.18938636779785
2008-06-03,10.829219818115234,5.998852729797363,9.987140655517578,23.32614517211914
2008-06-04,10.603020668029785,5.955656051635742,9.517768859863281,22.5036563873291
2008-06-05,10.489923477172852,6.158817768096924,9.082498550415039,23.503978729248047
2008-06-06,10.800949096679688,6.013245582580566,9.539834022521973,22.89267349243164
2008-06-09,10.359864234924316,5.877274036407471,9.523788452148438,22.118343353271484
2008-06-10,10.128006935119629,5.6789116859436035,9.226922035217285,21.63670539855957
2008-06-11,9.845261573791504,5.598926544189453,9.106571197509766,20.96611785888672
2008-06-12,10.178895950317383,5.726901531219482,9.062440872192383,21.54408073425293
2008-06-13,10.235455513000488,5.792488098144531,9.206859588623047,21.029096603393555
2008-06-16,10.19020938873291,5.80689001083374,9.18680191040039,21.043916702270508
2008-06-17,10.314618110656738,5.958853721618652,9.277068138122559,21.666343688964844
2008-06-18,10.08559513092041,5.7508955001831055,9.106571197509766,21.55148696899414
2008-06-19,10.006421089172363,5.718906879425049,8.805692672729492,21.507030487060547
2008-06-20,9.71236801147461,5.4869489669799805,8.651243209838867,20.54004669189453
2008-06-23,9.627544403076172,5.4869489669799805,8.803685188293457,20.925365447998047
2008-06-24,9.503133773803711,5.32697868347168,8.779616355895996,21.299551010131836
2008-06-25,9.681270599365234,5.470952033996582,9.016307830810547,21.74044418334961
2008-06-26,9.305217742919922,5.170210838317871,9.006275177001953,20.969810485839844
2008-06-27,9.251493453979492,5.199006080627441,9.086514472961426,20.832738876342773
2008-06-30,9.327834129333496,5.214999675750732,9.269042015075684,21.266210556030273
2008-07-01,9.056391716003418,5.141709804534912,9.244973182678223,20.3807315826416
2008-07-02,9.078315734863281,5.128910064697266,8.821738243103027,19.335956573486328
2008-07-03,8.852070808410645,4.946473598480225,8.534900665283203,18.87653923034668
2008-07-04,8.854894638061523,5.005683422088623,8.665283203125,19.08031463623047
2008-07-07,8.911460876464844,4.978478908538818,8.41053581237793,19.102540969848633
2008-07-08,9.194276809692383,5.055289268493652,8.145767211914062,18.895069122314453
2008-07-10,9.106602668762207,5.071295261383057,8.033438682556152,18.895069122314453
2008-07-11,9.021761894226074,4.992879867553711,8.143763542175293,18.587562561035156
2008-07-14,8.925607681274414,4.984882354736328,8.19992446899414,18.895069122314453
2008-07-15,8.806817054748535,4.863260269165039,8.133731842041016,18.491235733032227
2008-07-16,9.414865493774414,5.3129353523254395,7.977275371551514,18.228185653686523
2008-07-17,9.474266052246094,5.370548725128174,7.582122325897217,17.242671966552734
2008-07-18,9.80515193939209,5.53538179397583,7.662354946136475,17.04631233215332
2008-07-21,9.703341484069824,5.4105544090271,7.774684429168701,17.672447204589844
2008-07-22,9.643954277038574,5.487368583679199,7.507907390594482,17.009265899658203
2008-07-23,9.61849594116211,5.488970756530762,7.241127014160156,16.99444580078125
2008-07-24,9.290433883666992,5.264930248260498,6.920189380645752,16.20159149169922
2008-07-25,9.149017333984375,5.136905670166016,6.920189380645752,16.11638069152832
2008-07-28,9.024584770202637,5.056893348693848,6.9903950691223145,16.297924041748047
2008-07-29,9.024584770202637,5.232926368713379,6.98036527633667,16.690641403198242
2008-07-30,9.024584770202637,5.344942569732666,7.321359157562256,17.820642471313477
2008-07-31,9.024584770202637,5.360947608947754,7.201007843017578,17.5390682220459
2008-08-01,9.024584770202637,5.25881290435791,6.922197341918945,16.446115493774414
2008-08-04,9.026712417602539,5.090724468231201,6.597248077392578,15.260546684265137
2008-08-05,9.026712417602539,5.314843654632568,6.458845138549805,15.423564910888672
2008-08-06,9.026712417602539,5.412491321563721,6.679487705230713,15.634743690490723
2008-08-07,9.026712417602539,5.314843654632568,6.791816234588623,15.70883846282959
2008-08-08,9.026712417602539,5.236401081085205,6.729633331298828,15.445795059204102
2008-08-11,9.026712417602539,5.113135814666748,6.559137344360352,14.87523365020752
2008-08-12,9.026712417602539,5.066705226898193,6.633352756500244,14.790019989013672
2008-08-13,9.026712417602539,4.965858459472656,6.76975154876709,15.468019485473633
2008-08-14,9.026712417602539,5.090724468231201,6.707569122314453,15.634743690490723
2008-08-15,9.026712417602539,5.010679244995117,6.553117752075195,15.33835220336914
2008-08-18,8.294055938720703,4.863394260406494,6.354538440704346,14.997492790222168
2008-08-19,8.248791694641113,4.84099006652832,6.545098781585693,15.227206230163574
2008-08-20,8.472270965576172,5.042694091796875,6.862020492553711,16.064512252807617
2008-08-21,8.540155410766602,5.0058770179748535,7.098712921142578,16.37572479248047
2008-08-22,8.591076850891113,5.0507025718688965,7.078652858734131,16.10896873474121
2008-08-25,8.398716926574707,4.890617370605469,6.781787395477295,15.61992359161377
2008-08-26,8.226165771484375,4.834587097167969,6.8580098152160645,15.634743690490723
2008-08-27,8.415692329406738,4.887411117553711,7.060600280761719,16.146020889282227
2008-08-28,8.619361877441406,5.066705226898193,7.0906877517700195,16.227521896362305
2008-08-29,8.472270965576172,4.922631740570068,7.000425338745117,16.105262756347656
2008-09-01,8.344969749450684,4.878114700317383,6.862020492553711,15.853327751159668
2008-09-02,8.570640563964844,4.932560443878174,6.641378879547119,15.486544609069824
2008-09-03,8.630058288574219,4.985416412353516,6.539078712463379,15.412446975708008
2008-09-04,8.429155349731445,4.8204569816589355,6.308404445648193,14.94562816619873
2008-09-05,8.559309005737305,4.91494607925415,6.390645503997803,15.112354278564453
2008-09-08,8.743237495422363,4.9645891189575195,6.0697102546691895,14.564023971557617
2008-09-09,8.417841911315918,4.8204569816589355,5.686591625213623,13.841565132141113
2008-09-10,8.431989669799805,4.876511096954346,5.7527852058410645,14.652935981750488
2008-09-11,8.417841911315918,4.940567970275879,6.29837703704834,15.412446975708008
2008-09-12,8.48575210571289,4.948577404022217,6.619313716888428,15.805170059204102
2008-09-15,7.891546726226807,4.620274066925049,5.977442264556885,14.41212272644043
2008-09-16,7.8943772315979,4.693939208984375,6.278316974639893,14.782612800598145
2008-09-17,7.492580890655518,4.432900428771973,5.977442264556885,13.74523639678955
2008-09-18,8.007560729980469,4.724370002746582,6.458845138549805,14.74555778503418
2008-09-19,8.601762771606445,5.124740123748779,7.016472339630127,15.968181610107422
2008-09-22,8.347095489501953,4.884519100189209,7.000425338745117,15.523592948913574
2008-09-23,8.262212753295898,4.804442882537842,6.669456958770752,14.386189460754395
2008-09-24,8.315972328186035,4.772414207458496,6.918185710906982,14.634414672851562
2008-09-25,8.57346248626709,4.9645891189575195,7.231098651885986,15.145692825317383
2008-09-26,8.545167922973633,4.9469733238220215,7.106733322143555,14.263925552368164
2008-09-29,8.064155578613281,4.653903007507324,6.569164752960205,12.522613525390625
2008-09-30,8.754558563232422,5.108724594116211,7.040539741516113,13.541462898254395
2008-10-01,8.743237495422363,5.110644817352295,7.000425338745117,13.482185363769531
2008-10-02,8.151023864746094,4.806251049041748,6.428754806518555,12.05949592590332
2008-10-03,7.740638732910156,4.46500825881958,6.218142986297607,12.129889488220215
2008-10-06,7.231197357177734,4.253533840179443,6.0175580978393555,11.207371711730957
2008-10-07,7.1887431144714355,4.1173529624938965,5.676560878753662,10.751664161682129
2008-10-08,7.160444259643555,4.005209445953369,5.355626583099365,10.744253158569336
2008-10-09,6.648176193237305,3.8049514293670654,5.191146373748779,10.351532936096191
2008-10-10,6.2547736167907715,3.6671693325042725,4.814046859741211,10.484905242919922
2008-10-13,7.638753414154053,4.524285316467285,5.395740509033203,11.855728149414062
2008-10-14,8.03215217590332,4.6957106590271,5.475975036621094,11.666776657104492
2008-10-15,7.386861801147461,4.179835796356201,4.814046859741211,9.499401092529297
2008-10-16,7.103837966918945,3.9251043796539307,4.452991962432861,9.262288093566895
2008-10-17,6.764214038848877,3.6944057941436768,4.611455917358398,9.586895942687988
2008-10-20,7.287806034088135,3.9587478637695312,5.09285831451416,10.861344337463379
2008-10-21,7.1887431144714355,3.8930630683898926,5.0146307945251465,10.971668243408203
2008-10-22,6.362325191497803,3.4204492568969727,4.65357780456543,10.347762107849121
2008-10-23,6.113263130187988,3.1384828090667725,4.553285598754883,9.758090019226074
2008-10-24,5.6632585525512695,2.8036460876464844,4.0919389724731445,9.2787446975708
2008-10-27,5.417025089263916,2.8036460876464844,3.632598400115967,8.40755558013916
2008-10-28,6.1670403480529785,3.051968812942505,4.021732807159424,9.571677207946777
2008-10-29,6.523645877838135,3.4540915489196777,4.292523384094238,9.868416786193848
2008-10-30,7.324594020843506,3.8193678855895996,4.583373069763184,10.572214126586914
2008-10-31,7.101008892059326,3.7328550815582275,4.675642490386963,10.8004732131958
2008-11-03,7.415162563323975,4.34004545211792,4.641542434692383,11.032537460327148
2008-11-04,7.646604537963867,4.549918174743652,5.0346903800964355,11.808618545532227
2008-11-05,7.0690765380859375,4.150998592376709,4.864192008972168,10.804279327392578
2008-11-06,6.698211193084717,3.8946661949157715,4.593400955200195,10.46189022064209
2008-11-07,6.686892986297607,4.037248134613037,4.665612697601318,10.138524055480957
2008-11-10,6.7633256912231445,4.165416240692139,4.804015636444092,10.614063262939453
2008-11-11,6.6812238693237305,4.125365257263184,4.795992374420166,10.747213363647461
2008-11-12,6.15748405456543,3.838589906692505,4.136068820953369,10.04721736907959
2008-11-13,6.723693370819092,4.191052436828613,4.232348918914795,10.381998062133789
2008-11-14,6.780312538146973,4.134978294372559,4.164148807525635,10.290695190429688
2008-11-17,6.723693370819092,4.128567218780518,4.101968288421631,10.157546043395996
2008-11-18,6.2282562255859375,3.812959671020508,3.861266613006592,9.720046043395996
2008-11-19,6.075387477874756,3.6143016815185547,3.7108261585235596,9.510808944702148
2008-11-21,5.489360332489014,3.325927495956421,3.387885332107544,8.673856735229492
2008-11-24,6.185796737670898,3.7809176445007324,3.8572535514831543,9.933088302612305
2008-11-25,6.3216872215271,3.9555468559265137,3.8833303451538086,10.19939136505127
2008-11-26,6.6812238693237305,4.245523452758789,4.116009712219238,10.49612808227539
2008-11-27,6.794467449188232,4.226296901702881,4.001676082611084,10.290695190429688
2008-11-28,6.9728240966796875,4.267950534820557,4.023740291595459,10.473306655883789
2008-12-01,6.644423007965088,4.131772041320801,3.6907684803009033,9.701026916503906
2008-12-02,6.850452899932861,4.235910415649414,3.6707098484039307,9.339614868164062
2008-12-03,6.907094478607178,4.277563571929932,3.8733010292053223,9.461352348327637
2008-12-04,6.790983200073242,4.314409255981445,3.730886220932007,9.164617538452148
2008-12-05,6.881599426269531,4.357666969299316,3.6426281929016113,8.95918083190918
2008-12-08,7.241265773773193,4.791830062866211,4.053826808929443,10.081459045410156
2008-12-09,7.255605697631836,4.750178813934326,4.0337700843811035,10.222217559814453
2008-12-10,7.28141450881958,4.7581915855407715,4.4008402824401855,10.922210693359375
2008-12-11,6.997505187988281,4.618809223175049,4.479069709777832,10.693954467773438
2008-12-12,7.269942760467529,4.806251049041748,4.533227920532227,10.73199462890625
2008-12-15,6.983162879943848,4.485834121704102,4.593400955200195,10.8004732131958
2008-12-16,7.4276814460754395,4.774209499359131,4.773929595947266,11.37492847442627
2008-12-17,7.482161998748779,4.886354923248291,4.884250640869141,11.527098655700684
2008-12-18,7.370315074920654,4.790227890014648,4.7137532234191895,10.960257530212402
2008-12-19,7.040523529052734,4.6140007972717285,4.6836652755737305,10.914605140686035
2008-12-22,6.782411098480225,4.399322509765625,4.440957069396973,10.226022720336914
2008-12-23,6.515704154968262,4.167020797729492,4.412875175476074,9.837980270385742
2008-12-26,6.515704154968262,4.14939546585083,4.573344707489014,10.30971622467041
2008-12-29,6.515704154968262,4.14939546585083,4.6814398765563965,10.28689193725586
2008-12-30,6.515704154968262,4.181439399719238,4.74796199798584,10.534173011779785
2009-01-02,6.515704154968262,4.628944396972656,5.101357460021973,11.60318660736084
2009-01-05,6.517858028411865,4.640164375305176,5.217770576477051,12.234704971313477
2009-01-06,6.517858028411865,4.830898761749268,5.290525913238525,12.573286056518555
2009-01-07,6.517858028411865,4.553613662719727,5.082647323608398,11.793400764465332
2009-01-08,6.517858028411865,4.580857276916504,5.3009209632873535,12.318397521972656
2009-01-09,6.517858028411865,4.576050281524658,5.280133247375488,12.11677360534668
2009-01-12,6.517858028411865,4.3821120262146,4.937132358551025,11.150472640991211
2009-01-13,6.517858028411865,4.221826076507568,4.978708267211914,11.45101547241211
2009-01-14,6.517858028411865,3.904470205307007,4.843585968017578,10.91840648651123
2009-01-15,6.517858028411865,3.974996328353882,5.009889602661133,11.203733444213867
2009-01-16,6.517858028411865,3.838758945465088,5.047309398651123,11.412970542907715
2009-01-19,6.517858028411865,3.8948514461517334,4.953762531280518,11.28742790222168
2009-01-20,5.7691144943237305,3.6287853717803955,4.79369592666626,10.7890625
2009-01-21,6.050256252288818,3.7505979537963867,5.043148517608643,11.10482120513916
2009-01-22,5.9957499504089355,3.646418571472168,4.91426420211792,11.120039939880371
2009-01-23,6.0588603019714355,3.729762077331543,4.903872489929199,11.508082389831543
2009-01-26,6.067462921142578,3.7057230472564697,4.9475250244140625,11.724922180175781
2009-01-27,5.9498515129089355,3.652825117111206,4.968314170837402,12.21568489074707
2009-01-28,6.225250244140625,3.923703908920288,5.2385573387146,12.911871910095215
2009-01-29,6.038785934448242,3.7986836433410645,5.203217506408691,12.565679550170898
2009-01-30,5.967058181762695,3.766627788543701,5.203217506408691,12.36405086517334
2009-02-02,5.80927848815918,3.633845567703247,5.132538318634033,12.291769027709961
2009-02-03,5.826001167297363,3.686767101287842,5.317551612854004,12.900459289550781
2009-02-04,5.998197555541992,3.7541210651397705,5.342495441436768,13.471107482910156
2009-02-05,6.199094772338867,3.9144837856292725,5.404860496520996,14.056971549987793
2009-02-06,6.4947028160095215,4.193515777587891,5.6335248947143555,14.741752624511719
2009-02-09,6.5061750411987305,4.129373073577881,5.693812370300293,14.304256439208984
2009-02-10,6.333981513977051,3.9690072536468506,5.623133659362793,13.885783195495605
2009-02-11,6.440171241760254,3.9609854221343994,5.591948986053467,13.497736930847168
2009-02-12,6.262239456176758,3.9257102012634277,5.569084644317627,13.24284839630127
2009-02-13,6.471741199493408,4.089282512664795,5.737468242645264,13.843931198120117
2009-02-16,6.437302112579346,4.073244094848633,5.803991317749023,13.889582633972168
2009-02-17,6.1790080070495605,3.8326964378356934,5.488012790679932,12.976550102233887
2009-02-18,6.213448524475098,3.800626039505005,5.381992340087891,13.239044189453125
2009-02-19,6.141698837280273,3.7653439044952393,5.467222690582275,13.32274055480957
2009-02-20,5.886270523071289,3.6562981605529785,5.359127998352051,12.261334419250488
2009-02-25,6.026897430419922,3.6162068843841553,5.456832408905029,11.60318660736084
2009-02-26,6.069942951202393,3.6242260932922363,5.512957572937012,11.60318660736084
2009-02-27,5.940802097320557,3.5600783824920654,5.488012790679932,11.74394702911377
2009-03-02,5.716948509216309,3.3676440715789795,5.201138019561768,11.078187942504883
2009-03-03,5.687738418579102,3.351606845855713,5.155405521392822,11.29123306274414
2009-03-04,5.983460903167725,3.5536653995513916,5.481774806976318,12.436332702636719
2009-03-05,5.85713529586792,3.5280039310455322,5.404860496520996,11.877099990844727
2009-03-06,5.992081642150879,3.576117753982544,5.336260795593262,11.565143585205078
2009-03-09,5.819807529449463,3.534421920776367,5.342495441436768,11.29884147644043
2009-03-10,6.1700873374938965,3.7204413414001465,5.627290725708008,12.13579273223877
2009-03-11,6.115537166595459,3.7284626960754395,5.656394004821777,12.25753116607666
2009-03-12,6.2763190269470215,3.824676752090454,5.72707462310791,12.04448413848877
2009-03-13,6.230379581451416,3.8487346172332764,5.7582550048828125,11.724922180175781
2009-03-16,6.264835357666016,3.8663721084594727,5.652234077453613,11.671666145324707
2009-03-17,6.373939037322998,3.951367139816284,5.81646203994751,11.964598655700684
2009-03-18,6.497395992279053,4.074846267700195,5.882981300354004,11.84666633605957
2009-03-19,6.316514492034912,3.970609426498413,6.080466270446777,12.097748756408691
2009-03-20,6.175828456878662,3.9128804206848145,6.049286365509033,11.926553726196289
2009-03-23,6.632345676422119,4.289734840393066,6.4151530265808105,12.676006317138672
2009-03-24,6.491657257080078,4.13578462600708,6.309135913848877,12.21568489074707
2009-03-25,6.546209812164307,4.150218486785889,6.3257646560668945,12.249918937683105
2009-03-26,6.732831954956055,4.281716823577881,6.313293933868408,12.588506698608398
2009-03-27,6.7701568603515625,4.265679836273193,6.153225421905518,12.268940925598145
2009-03-30,6.557694911956787,4.142202854156494,5.982765197753906,11.576560974121094
2009-03-31,6.632345676422119,4.113336086273193,5.9349517822265625,11.793400764465332
2009-04-01,6.827580451965332,4.179436683654785,6.11165189743042,11.98361873626709
2009-04-02,7.028135776519775,4.379983901977539,6.340317249298096,12.771113395690918
2009-04-03,7.180360794067383,4.492292404174805,6.319528102874756,12.915679931640625
2009-04-06,7.252162456512451,4.5372138023376465,6.2966628074646,12.577096939086914
2009-04-07,7.209081649780273,4.546841144561768,6.230139255523682,12.303181648254395
2009-04-08,7.300994873046875,4.540421485900879,6.211431980133057,12.402094841003418
2009-04-09,7.5968194007873535,4.692838668823242,6.487331390380859,13.201003074645996
2009-04-13,7.5968194007873535,4.660751819610596,6.476815223693848,13.543390274047852
2009-04-14,7.341201305389404,4.442557334899902,6.415811061859131,13.55480670928955
2009-04-15,7.352687358856201,4.442557334899902,6.306427478790283,13.653719902038574
2009-04-16,7.568100929260254,4.570906639099121,6.310634136199951,13.74042797088623
2009-04-17,7.525017261505127,4.540421485900879,6.209662914276123,13.62846565246582
2009-04-20,7.209081649780273,4.37677526473999,6.05820894241333,13.080243110656738
2009-04-22,7.140145778656006,4.301366329193115,6.018240928649902,13.234672546386719
2009-04-23,7.4560933113098145,4.476247310638428,6.157075881958008,13.609163284301758
2009-04-24,7.542248725891113,4.586954116821289,6.165492534637451,13.863975524902344
2009-04-27,7.27514123916626,4.4281158447265625,6.035071849822998,13.477900505065918
2009-04-28,7.352687358856201,4.524378776550293,6.064521789550781,13.242393493652344
2009-04-29,7.789254665374756,4.826001167297363,6.2559404373168945,13.51650619506836
2009-04-30,7.780643939971924,4.877342224121094,6.213871002197266,13.929611206054688
2009-05-04,8.156889915466309,5.14570426940918,6.653512954711914,15.443022727966309
2009-05-05,8.360376358032227,5.272505283355713,6.748172760009766,15.327201843261719
2009-05-06,8.478171348571777,5.213115692138672,6.847038745880127,15.443022727966309
2009-05-07,8.107551574707031,4.818276405334473,6.727136611938477,14.863910675048828
2009-05-08,8.331646919250488,4.874456405639648,6.94169807434082,15.076251983642578
2009-05-11,8.116169929504395,4.74765682220459,6.914351463317871,15.122580528259277
2009-05-12,8.009871482849121,4.670619487762451,6.804967880249023,14.71720027923584
2009-05-13,7.713952541351318,4.547032833099365,6.62196159362793,14.130363464355469
2009-05-14,7.860476493835449,4.606419086456299,6.676651954650879,14.223024368286133
2009-05-15,7.814509391784668,4.5566630363464355,6.584096431732178,14.130363464355469
2009-05-18,8.216726303100586,4.776547908782959,6.880695343017578,15.0569486618042
2009-05-19,8.188000679016113,4.726792812347412,6.8827996253967285,15.172770500183105
2009-05-20,8.20235824584961,4.819886207580566,6.973250389099121,15.219099044799805
2009-05-21,8.127667427062988,4.813466548919678,6.836520671844482,14.601384162902832
2009-05-22,8.219598770141602,4.876061916351318,6.914351463317871,14.574355125427246
2009-05-25,8.317280769348145,4.879270076751709,6.931181907653809,14.705620765686035
2009-05-26,8.495402336120605,5.063849925994873,7.097359657287598,15.01061725616455
2009-05-27,8.504030227661133,5.086318492889404,7.097359657287598,14.612960815429688
2009-05-28,8.730992317199707,5.136074542999268,7.288784980773926,14.972010612487793
2009-05-29,4.954763889312744,5.120022773742676,7.246713638305664,14.678592681884766
2009-06-01,5.041438579559326,5.263245582580566,7.412894248962402,15.404417991638184
2009-06-02,4.947290420532227,5.197413444519043,7.2677483558654785,14.879353523254395
2009-06-03,4.821316719055176,5.073784828186035,6.973250389099121,14.261632919311523
2009-06-04,4.901483058929443,5.138004779815674,7.170983791351318,14.58593463897705
2009-06-05,4.863852500915527,5.0946526527404785,7.14784574508667,14.740365028381348
2009-06-08,4.909662246704102,5.105896949768066,7.126811504364014,14.825301170349121
2009-06-09,4.863852500915527,5.0416717529296875,7.048979759216309,14.829163551330566
2009-06-10,4.898209095001221,5.060934543609619,7.126811504364014,14.960433006286621
2009-06-12,4.991462707519531,5.14121675491333,7.141536235809326,14.87163257598877
2009-06-15,4.850766181945801,4.964601993560791,7.00480318069458,14.57821273803711
2009-06-16,4.834405422210693,4.9340925216674805,6.847038745880127,14.323402404785156
2009-06-17,4.788595199584961,4.906797885894775,6.741861343383789,14.211444854736328
2009-06-18,4.757514953613281,4.839362144470215,6.680858135223389,14.126502990722656
2009-06-19,4.803323745727539,4.913221836090088,6.720826148986816,14.111063957214355
2009-06-22,4.646263599395752,4.877893924713135,6.491540431976318,13.346634864807129
2009-06-23,4.531743049621582,4.776742935180664,6.605132579803467,13.454732894897461
2009-06-24,4.531743049621582,4.776742935180664,6.520986557006836,13.14973258972168
2009-06-25,4.67734956741333,4.885922431945801,6.783933639526367,13.589861869812012
2009-06-26,4.728066921234131,4.96299409866333,6.783933639526367,13.358214378356934
2009-06-29,4.777144432067871,5.060934543609619,6.952216148376465,13.477900505065918
2009-06-30,4.741153240203857,4.99350643157959,6.826002597808838,13.319605827331543
2009-07-01,4.728066921234131,4.997034072875977,6.689273834228516,13.36979866027832
2009-07-02,4.648602485656738,4.9857916831970215,6.571474552154541,13.261699676513672
2009-07-03,4.599502086639404,4.947240829467773,6.5230937004089355,13.196063041687012
2009-07-06,4.6046142578125,4.979370594024658,6.38077974319458,12.960556030273438
2009-07-07,4.57003116607666,4.900660991668701,6.234217166900635,12.31195068359375
2009-07-08,4.454751491546631,4.874960899353027,6.1832380294799805,12.570622444152832
2009-07-09,4.454751491546631,4.874960899353027,6.1832380294799805,12.570622444152832
2009-07-10,4.425106525421143,4.818739891052246,6.302188396453857,12.547457695007324
2009-07-13,4.481102466583252,4.818739891052246,6.327677249908447,12.547457695007324
2009-07-14,4.467925071716309,4.767343997955322,6.285194396972656,12.439353942871094
2009-07-15,4.660605430603027,4.966514587402344,6.533713340759277,13.404545783996582
2009-07-16,4.693544387817383,5.043612957000732,6.574071884155273,13.427712440490723
2009-07-17,4.703426837921143,5.0195207595825195,6.6908955574035645,13.416126251220703
2009-07-20,4.833527088165283,5.231544494628906,6.7758588790893555,13.929611206054688
2009-07-21,4.784121513366699,5.2363691329956055,6.758868217468262,14.087900161743164
2009-07-22,4.803884506225586,5.250823020935059,6.731251239776611,13.802202224731445
2009-07-23,4.920813083648682,5.459632873535156,6.882065773010254,14.091758728027344
2009-07-24,4.960338115692139,5.475692272186279,6.903306007385254,14.207582473754883
2009-07-27,4.957043647766113,5.453205108642578,6.892686367034912,14.304100036621094
2009-07-28,4.933987140655518,5.445178031921387,6.744000434875488,14.261632919311523
2009-07-29,4.849997520446777,5.372891902923584,6.563449859619141,13.956633567810059
2009-07-30,4.902696132659912,5.422694206237793,6.631422996520996,14.130363464355469
2009-07-31,4.866466045379639,5.396992206573486,6.6845245361328125,14.304100036621094
2009-08-03,4.965278625488281,5.463191032409668,6.913926601409912,14.701760292053223
2009-08-04,4.913302421569824,5.511392593383789,6.82258939743042,14.678592681884766
2009-08-05,5.0006279945373535,5.622267723083496,6.865072727203369,14.701760292053223
2009-08-06,4.93472146987915,5.575667381286621,6.7758588790893555,14.497137069702148
2009-08-07,5.0418171882629395,5.737960338592529,6.79710054397583,14.651571273803711
2009-08-10,5.091246128082275,5.7974090576171875,6.8183417320251465,14.612960815429688
2009-08-11,4.941308975219727,5.559601306915283,6.631422996520996,14.242329597473145
2009-08-12,4.992386341094971,5.517819881439209,6.7737345695495605,14.373595237731934
2009-08-13,4.938016414642334,5.450337886810303,6.901181697845459,14.744223594665527
2009-08-14,4.901767730712891,5.366781234741211,6.871445178985596,14.863910675048828
2009-08-17,4.763362407684326,5.238238334655762,6.79710054397583,14.246190071105957
2009-08-18,4.840805530548096,5.4230241775512695,6.865072727203369,14.168973922729492
2009-08-19,4.901767730712891,5.4953293800354,6.96702766418457,14.161255836486816
2009-08-20,4.984150409698486,5.567637920379639,7.020130634307861,14.27321720123291
2009-08-21,4.992386341094971,5.527462482452393,7.14332914352417,14.477834701538086
2009-08-24,4.969319820404053,5.545139312744141,7.094476222991943,14.651571273803711
2009-08-25,5.00886344909668,5.614231586456299,7.058363914489746,14.547331809997559
2009-08-26,5.091246128082275,5.7363505363464355,7.045619964599609,14.508722305297852
2009-08-27,5.091246128082275,5.692969799041748,6.979773044586182,14.419921875
2009-08-28,5.124201774597168,5.688142776489258,6.913926601409912,14.628405570983887
2009-08-31,5.066533088684082,5.652472019195557,6.665406703948975,14.161255836486816
2009-09-01,5.00886344909668,5.490155220031738,6.712137699127197,14.114922523498535
2009-09-02,4.965104579925537,5.474241256713867,6.8289642333984375,13.902579307556152
2009-09-03,4.9782891273498535,5.447723865509033,6.837459564208984,14.084037780761719
2009-09-04,5.131601333618164,5.5856428146362305,6.905428409576416,14.323402404785156
2009-09-08,5.197535514831543,5.6581339836120605,6.98402214050293,14.786696434020996
2009-09-09,5.2305006980896,5.728858470916748,7.009511947631836,14.72878646850586
2009-09-10,5.266769886016846,5.762451648712158,7.081729412078857,14.99903678894043
2009-09-11,5.331058502197266,5.824337482452393,7.039247512817383,14.825301170349121
2009-09-14,5.357431888580322,5.834949493408203,7.060491561889648,15.018339157104492
2009-09-15,5.415130138397217,5.921591758728027,7.094476222991943,15.242266654968262
2009-09-16,5.522279262542725,6.001157283782959,7.296263217926025,15.539543151855469
2009-09-17,5.542063236236572,6.002923488616943,7.285641670227051,15.346506118774414
2009-09-18,5.563487529754639,6.038291931152344,7.359987258911133,15.439163208007812
2009-09-21,5.517333030700684,5.994083881378174,7.349367618560791,15.70555305480957
2009-09-22,5.538764476776123,6.0206074714660645,7.398220539093018,16.126379013061523
2009-09-23,5.443151950836182,5.921591758728027,7.277146339416504,15.968088150024414
2009-09-24,5.405238151550293,5.861478328704834,7.179437160491943,15.690112113952637
2009-09-25,5.439852714538574,5.8932952880859375,7.2452850341796875,15.7094144821167
2009-09-28,5.543708324432373,6.024145126342773,7.410967826843262,15.971944808959961
2009-09-29,5.687123775482178,6.223944187164307,7.38547420501709,15.829099655151367
2009-09-30,5.810755252838135,6.312353134155273,7.434329986572266,15.902453422546387
2009-10-01,5.774486064910889,6.341010093688965,7.274106025695801,15.462327003479004
2009-10-02,5.842850208282471,6.367542266845703,7.297607421875,15.813654899597168
2009-10-05,6.044048309326172,6.4913554191589355,7.35955810546875,16.02213478088379
2009-10-06,5.954995632171631,6.402913570404053,7.368103981018066,16.168846130371094
2009-10-07,5.717523574829102,6.199506759643555,7.40442419052124,16.55878448486328
2009-10-08,5.862640857696533,6.305635929107666,7.5731892585754395,16.794286727905273
2009-10-09,5.920360088348389,6.367542266845703,7.613780975341797,16.879226684570312
2009-10-13,5.986331462860107,6.385223865509033,7.652233123779297,16.717073440551758
2009-10-14,6.13475227355957,6.562102794647217,7.7227325439453125,17.489221572875977
2009-10-15,6.131446361541748,6.535571575164795,7.818863868713379,17.67840003967285
2009-10-16,6.045698642730713,6.473667144775391,7.776139259338379,17.659679412841797
2009-10-19,6.0902180671691895,6.547952651977539,7.981222629547119,18.19045066833496
2009-10-20,5.936854839324951,6.420601844787598,7.797499179840088,17.862625122070312
2009-10-21,5.936854839324951,6.367542266845703,7.840227127075195,17.99531364440918
2009-10-22,6.0869245529174805,6.4913554191589355,7.904316425323486,18.311429977416992
2009-10-23,6.027554512023926,6.429443359375,7.797499179840088,17.99531364440918
2009-10-26,5.978081226348877,6.420601844787598,7.840227127075195,18.108495712280273
2009-10-27,5.869235038757324,6.254342555999756,7.68000602722168,17.425525665283203
2009-10-28,5.549307346343994,5.836910247802734,7.314697742462158,16.668399810791016
2009-10-29,5.8708930015563965,6.213659286499023,7.703503608703613,18.14751625061035
2009-10-30,5.699378490447998,5.925349235534668,7.48560094833374,17.48406219482422
2009-11-03,5.8214192390441895,6.238884449005127,7.5945515632629395,18.14751625061035
2009-11-04,5.779267311096191,6.440598011016846,7.626598358154297,18.31924057006836
2009-11-05,5.81556510925293,6.493682384490967,7.776139259338379,18.39729118347168
2009-11-06,5.772665977478027,6.465371131896973,7.70136833190918,18.280208587646484
2009-11-09,5.856808185577393,6.6086907386779785,7.92140531539917,18.908544540405273
2009-11-10,5.889801979064941,6.693620681762695,7.991905212402344,18.701705932617188
2009-11-11,5.881556034088135,6.69716215133667,8.032492637634277,18.666582107543945
2009-11-12,5.7578206062316895,6.502526760101318,7.872268199920654,17.991411209106445
2009-11-13,5.807312965393066,6.7201666831970215,7.9320902824401855,18.303625106811523
2009-11-16,5.939301013946533,6.767934322357178,7.985495567321777,19.03342628479004
2009-11-17,6.005291938781738,6.808628559112549,8.203396797180176,19.283199310302734
2009-11-18,5.945894241333008,6.723698139190674,8.160673141479492,18.951475143432617
2009-11-19,5.82051420211792,6.562685012817383,8.224761962890625,18.994400024414062
2009-11-23,5.914549350738525,6.704245090484619,8.299532890319824,19.197341918945312
2009-11-24,5.972294807434082,6.739625453948975,8.363618850708008,19.30661964416504
2009-11-25,5.997040271759033,6.863487243652344,8.42771053314209,19.63054084777832
2009-11-26,5.86340856552124,6.638772010803223,8.214080810546875,19.04513931274414
2009-11-27,5.907952308654785,6.679463863372803,8.310214042663574,19.357351303100586
2009-11-30,6.02178430557251,6.7148542404174805,8.288850784301758,19.130998611450195
2009-12-01,6.137279510498047,6.964776992797852,8.500345230102539,19.47443199157715
2009-12-02,6.14792537689209,7.044417381286621,8.419163703918457,19.31832504272461
2009-12-03,6.164435863494873,6.964776992797852,8.395665168762207,19.103673934936523
2009-12-04,6.14792537689209,6.955923080444336,8.203396797180176,18.7524356842041
2009-12-07,6.270061492919922,7.0886712074279785,8.203396797180176,18.783660888671875
2009-12-08,6.237054824829102,7.053267478942871,8.030359268188477,18.615840911865234
2009-12-09,6.235401630401611,7.051497936248779,8.030359268188477,18.810977935791016
2009-12-10,6.306370258331299,7.086897850036621,8.066673278808594,19.12318992614746
2009-12-11,6.339380264282227,7.0798163414001465,8.075221061706543,19.279294967651367
2009-12-14,6.288214683532715,7.0408759117126465,8.09658432006836,19.62273597717285
2009-12-15,6.299770355224609,7.0992889404296875,8.117945671081543,19.599323272705078
2009-12-16,6.138024806976318,7.0090250968933105,8.08803653717041,19.497848510742188
2009-12-17,5.987834930419922,6.817863464355469,7.8765459060668945,18.89293098449707
2009-12-18,5.9333672523498535,6.810781478881836,7.814590930938721,18.850006103515625
2009-12-21,5.925115585327148,6.75237512588501,7.561123371124268,18.78755760192871
2009-12-22,5.974628448486328,6.759457111358643,7.8059983253479,19.1427001953125
2009-12-23,5.925115585327148,6.702814102172852,7.88332986831665,19.400279998779297
2009-12-24,5.925115585327148,6.702814102172852,7.88332986831665,19.400279998779297
2009-12-28,5.948223114013672,6.708130836486816,7.894068241119385,19.435407638549805
2009-12-29,5.991135120391846,6.708130836486816,7.894068241119385,19.38077163696289
2009-12-30,6.004337787628174,6.847951889038086,7.881178379058838,19.38077163696289
2010-01-04,6.222196578979492,7.136029243469238,8.016507148742676,20.09496307373047
2010-01-05,6.191579818725586,7.182274341583252,7.9477715492248535,20.282289505004883
2010-01-06,6.1420464515686035,7.120021820068359,8.055171966552734,20.711585998535156
2010-01-07,6.125531196594238,7.047095775604248,7.979992389678955,20.797443389892578
2010-01-08,6.118930339813232,6.940371513366699,7.937027931213379,21.00038719177246
2010-01-11,6.123879909515381,6.8799004554748535,7.911253452301025,20.93794822692871
2010-01-12,6.1420464515686035,6.815865993499756,7.810294151306152,20.879404067993164
2010-01-13,6.175063133239746,6.837210655212402,7.797405242919922,21.136980056762695
2010-01-14,6.042977333068848,6.7429399490356445,7.662080764770508,21.133075714111328
2010-01-15,5.957119941711426,6.62910795211792,7.679264068603516,20.859886169433594
2010-01-18,6.009959697723389,6.687802314758301,7.851109027862549,21.152589797973633
2010-01-19,6.064444541931152,6.670021057128906,7.814589977264404,21.445297241210938
2010-01-20,5.382544040679932,6.493928909301758,7.614824295043945,20.859886169433594
2010-01-21,5.247157573699951,6.374757766723633,7.374242782592773,20.13789176940918
2010-01-22,5.247157573699951,6.4476847648620605,7.464459419250488,19.712495803833008
2010-01-26,5.273575305938721,6.463688373565674,7.281879425048828,19.31442642211914
2010-01-27,5.156343460083008,6.371199131011963,7.32698392868042,19.049039840698242
2010-01-28,5.243852138519287,6.561518669128418,7.434387683868408,19.037330627441406
2010-01-29,5.172858715057373,6.426337718963623,7.339874744415283,19.088064193725586
2010-02-01,5.260364532470703,6.549464225769043,7.367797374725342,19.665666580200195
2010-02-02,5.3437089920043945,6.6366472244262695,7.324836730957031,19.665666580200195
2010-02-03,5.310667991638184,6.608183860778809,7.311946868896484,19.62273597717285
2010-02-04,5.153740406036377,6.353744029998779,6.938188552856445,18.561203002929688
2010-02-05,4.963780403137207,6.191834449768066,6.7706427574157715,18.40509796142578
2010-02-08,4.95552396774292,6.174038410186768,6.817898750305176,18.537792205810547
2010-02-09,5.124007701873779,6.449825763702393,6.925299644470215,18.928050994873047
2010-02-10,5.18678092956543,6.485412120819092,7.011219501495361,18.947566986083984
2010-02-11,5.22704553604126,6.5992817878723145,7.165883541107178,19.39247703552246
2010-02-12,5.2253899574279785,6.59750509262085,7.260396480560303,19.259782791137695
2010-02-17,5.372516632080078,6.739847183227539,7.357059001922607,20.02080726623535
2010-02-18,5.339457035064697,6.761190891265869,7.451573371887207,20.360347747802734
2010-02-19,5.288208484649658,6.654442310333252,7.378536701202393,20.293994903564453
2010-02-22,5.2320075035095215,6.583320617675781,7.44297981262207,19.903730392456055
2010-02-23,5.124557971954346,6.473660945892334,7.344168663024902,19.599323272705078
2010-02-24,5.124557971954346,6.401750564575195,7.290466785430908,19.669565200805664
2010-02-25,5.124557971954346,6.399951934814453,7.384980201721191,19.786649703979492
2010-02-26,5.124557971954346,6.561747074127197,7.434387683868408,19.6890811920166
2010-03-01,5.124557971954346,6.574697494506836,7.5031256675720215,19.892019271850586
2010-03-02,5.1269612312316895,6.680802345275879,7.543935775756836,20.29010009765625
2010-03-03,5.1269612312316895,6.680802345275879,7.550381183624268,20.247163772583008
2010-03-04,5.1269612312316895,6.671807289123535,7.561123371124268,20.528162002563477
2010-03-05,5.1269612312316895,6.707773208618164,7.6921563148498535,21.19161605834961
2010-03-08,5.1269612312316895,6.704179763793945,7.66852331161499,21.035511016845703
2010-03-09,5.1269612312316895,6.786901950836182,7.840365409851074,21.19161605834961
2010-03-10,5.1269612312316895,6.815674781799316,7.9477715492248535,20.918432235717773
2010-03-11,5.1269612312316895,6.833653926849365,7.958509922027588,20.645240783691406
2010-03-12,5.1269612312316895,6.7239556312561035,7.960656642913818,20.528162002563477
2010-03-15,5.1269612312316895,6.76352071762085,7.898365497589111,20.645240783691406
2010-03-16,5.1269612312316895,6.806686878204346,7.992882251739502,21.160400390625
2010-03-17,5.1269612312316895,6.743739604949951,7.979992389678955,21.183813095092773
2010-03-18,5.1269612312316895,6.689788341522217,7.952066421508789,20.97696876525879
2010-03-19,5.1269612312316895,6.662812232971191,7.7823710441589355,20.7506160736084
2010-03-22,5.1269612312316895,6.761725425720215,7.784519672393799,21.031606674194336
2010-03-23,5.1269612312316895,6.705978870391846,7.694300174713135,21.777019500732422
2010-03-24,5.1269612312316895,6.563908576965332,7.752298355102539,21.737998962402344
2010-03-25,5.1269612312316895,6.64302921295166,7.561123371124268,21.581886291503906
2010-03-26,5.1269612312316895,6.761725425720215,7.4107584953308105,21.777019500732422
2010-03-29,5.1269612312316895,6.862427234649658,7.4966816902160645,22.264850616455078
2010-03-30,5.1269612312316895,6.932562351226807,7.47520112991333,22.420969009399414
2010-03-31,5.1269612312316895,7.013487339019775,7.601934432983398,22.303882598876953
2010-04-01,5.1269612312316895,7.051629066467285,7.679264068603516,22.530242919921875
2010-04-05,5.129364967346191,7.096596717834473,7.735114574432373,22.467803955078125
2010-04-06,5.129364967346191,7.006659030914307,7.750151634216309,22.43657875061035
2010-04-07,5.129364967346191,6.943699836730957,7.690003395080566,22.662933349609375
2010-04-08,5.129364967346191,7.191940784454346,7.6921563148498535,23.103933334350586
2010-04-09,5.129364967346191,7.21353006362915,7.567566394805908,23.13905906677246
2010-04-12,5.129364967346191,7.114586353302002,7.387129783630371,22.979049682617188
2010-04-13,5.129364967346191,7.093000888824463,7.344168663024902,23.162473678588867
2010-04-14,5.129364967346191,7.132575988769531,7.357059001922607,23.35761070251465
2010-04-15,5.129364967346191,7.121784210205078,7.217432498931885,23.32681655883789
2010-04-16,5.129364967346191,6.898719310760498,7.0778117179870605,23.00452995300293
2010-04-19,5.129364967346191,6.819567680358887,7.206693172454834,22.599699020385742
2010-04-20,5.129364967346191,6.88073205947876,7.367797374725342,22.285266876220703
2010-04-22,5.129364967346191,6.817775726318359,7.273284435272217,22.36387825012207
2010-04-23,5.129364967346191,6.826766490936279,7.358402252197266,22.167362213134766
2010-04-26,5.129364967346191,6.738619804382324,7.209071159362793,22.07695770263672
2010-04-27,5.129364967346191,6.5137619972229,6.94719934463501,20.952871322631836
2010-04-28,5.129364967346191,6.679256439208984,7.009960651397705,20.811372756958008
2010-04-29,5.129364967346191,6.7997822761535645,7.146310329437256,21.381282806396484
2010-04-30,5.129364967346191,6.781793594360352,7.09869384765625,20.870328903198242
2010-05-03,5.129364967346191,6.801949977874756,6.817344665527344,20.3200740814209
2010-05-04,5.131771564483643,6.622003078460693,6.587934970855713,19.400367736816406
2010-05-05,5.131771564483643,6.600408554077148,6.538156032562256,19.883808135986328
2010-05-06,5.131771564483643,6.521234512329102,6.4515886306762695,19.600811004638672
2010-05-07,5.131771564483643,6.503239154815674,6.438602447509766,19.53400421142578
2010-05-10,5.131771564483643,6.782158374786377,6.525170803070068,20.363313674926758
2010-05-11,5.131771564483643,6.688578128814697,6.41046667098999,20.166793823242188
2010-05-12,5.131771564483643,6.675985336303711,6.471066951751709,20.096046447753906
2010-05-13,5.131771564483643,6.577012538909912,6.4927077293396,19.805200576782227
2010-05-14,5.131771564483643,6.469050407409668,6.512186050415039,19.219573974609375
2010-05-17,5.131771564483643,6.460048675537109,6.460244655609131,18.920860290527344
2010-05-18,5.131771564483643,6.2963032722473145,6.323898792266846,18.236980438232422
2010-05-19,5.131771564483643,5.9741997718811035,6.178894519805908,17.883237838745117
2010-05-20,5.131771564483643,5.968799591064453,5.936498641967773,17.234729766845703
2010-05-21,5.131771564483643,6.02818489074707,5.968963146209717,18.39419174194336
2010-05-24,5.131771564483643,5.9238152503967285,5.918822765350342,18.201601028442383
2010-05-25,5.131771564483643,5.77805757522583,5.78801965713501,18.362743377685547
2010-05-26,5.131771564483643,5.9724016189575195,5.897022724151611,18.264488220214844
2010-05-27,5.131771564483643,6.080365180969238,6.062707424163818,19.41609001159668
2010-05-28,5.131771564483643,6.080365180969238,6.062707424163818,19.239219665527344
2010-05-31,5.131771564483643,6.244120121002197,6.452932357788086,19.651914596557617
2010-06-01,5.131771564483643,6.120273590087891,6.245827674865723,19.227428436279297
2010-06-02,5.134178161621094,6.293075084686279,6.343930721282959,19.63225746154785
2010-06-04,5.134178161621094,6.165272235870361,6.376630783081055,18.704687118530273
2010-06-07,5.134178161621094,5.978064060211182,6.435492515563965,18.119068145751953
2010-06-08,5.134178161621094,6.086069583892822,6.466014862060547,18.311655044555664
2010-06-09,5.134178161621094,6.030263423919678,6.4420318603515625,18.37846565246582
2010-06-10,5.134178161621094,6.1922760009765625,6.518335819244385,18.712549209594727
2010-06-11,5.134178161621094,6.284080505371094,6.457293510437012,18.940519332885742
2010-06-14,5.134178161621094,6.183273792266846,6.333028793334961,18.95230484008789
2010-06-15,5.134178161621094,6.334482669830322,6.322131156921387,19.223501205444336
2010-06-16,5.134178161621094,6.354279518127441,6.463833808898926,18.983749389648438
2010-06-17,5.134178161621094,6.325479507446289,6.435492515563965,18.64966583251953
2010-06-18,5.134178161621094,6.354279518127441,6.428954124450684,18.441354751586914
2010-06-21,5.134178161621094,6.381283760070801,6.4093337059021,19.050569534301758
2010-06-22,5.134178161621094,6.354279518127441,6.3461127281188965,18.865840911865234
2010-06-23,5.134178161621094,6.384886264801025,6.213128566741943,19.09773063659668
2010-06-24,5.134178161621094,6.183273792266846,5.9929423332214355,18.669321060180664
2010-06-25,5.134178161621094,6.228281497955322,6.084505081176758,18.897281646728516
2010-06-28,5.134178161621094,6.212074279785156,5.977685451507568,18.54354476928711
2010-06-29,5.162667274475098,5.956464767456055,5.84906005859375,17.647418975830078
2010-06-30,5.162667274475098,5.8502607345581055,5.8556013107299805,17.156116485595703
2010-07-01,5.162667274475098,6.120729446411133,5.766217231750488,17.230792999267578
2010-07-02,5.165092468261719,6.1783528327941895,5.835981845855713,17.144329071044922
2010-07-05,5.165092468261719,6.028897285461426,5.785839557647705,16.900644302368164
2010-07-06,5.165092468261719,6.172950744628906,5.897022724151611,17.112884521484375
2010-07-07,5.165092468261719,6.5349016189575195,5.973324775695801,17.525575637817383
2010-07-08,5.165092468261719,6.6807637214660645,6.012564182281494,17.58452796936035
2010-07-12,5.323380470275879,6.704171180725098,5.93626070022583,17.203285217285156
2010-07-13,5.390027046203613,6.725785255432129,5.951521873474121,17.356571197509766
2010-07-14,4.891841888427734,6.677158355712891,5.951521873474121,17.36050033569336
2010-07-15,4.888508319854736,6.662751197814941,5.910101890563965,17.222932815551758
2010-07-16,4.805206775665283,6.495288848876953,5.851242542266846,16.841690063476562
2010-07-19,4.913505554199219,6.6447529792785645,5.875220775604248,17.31333351135254
2010-07-20,4.986814498901367,6.700566291809082,6.027826309204102,18.29199981689453
2010-07-21,4.948493480682373,6.678959369659424,5.995124816894531,18.39812469482422
2010-07-22,5.093448162078857,6.860838413238525,6.099766254425049,18.7872257232666
2010-07-23,5.131771087646484,6.9328694343566895,6.058347225189209,18.932653427124023
2010-07-26,5.116774559020996,6.949075222015381,6.082326412200928,18.940519332885742
2010-07-27,5.133433818817139,6.9328694343566895,6.099766254425049,18.865840911865234
2010-07-28,5.365033149719238,7.094936847686768,6.060525894165039,19.199913024902344
2010-07-29,5.36336612701416,7.10033655166626,6.0474443435668945,19.023054122924805
2010-07-30,5.3733625411987305,7.129148483276367,6.071425914764404,19.082008361816406
2010-08-02,5.406683444976807,7.15292501449585,6.2448954582214355,19.8602237701416
2010-08-03,5.317425727844238,6.934967994689941,6.385425090789795,19.836645126342773
2010-08-04,5.280756950378418,6.816084861755371,6.442519664764404,19.820924758911133
2010-08-05,5.292425155639648,6.828690528869629,6.462280750274658,19.907384872436523
2010-08-06,5.300763130187988,6.9079461097717285,6.3876237869262695,19.87987518310547
2010-08-09,5.334097862243652,6.934967994689941,6.330533027648926,19.930973052978516
2010-08-10,5.262421131134033,6.902547836303711,6.238307952880859,19.651914596557617
2010-08-11,5.159074783325195,6.78654670715332,6.03848934173584,18.98767852783203
2010-08-12,5.167403221130371,6.819145679473877,6.045074939727783,19.148826599121094
2010-08-13,5.152406692504883,6.830012798309326,6.0736212730407715,19.180269241333008
2010-08-16,5.214082717895508,6.862617492675781,6.062642574310303,19.43181800842285
2010-08-17,5.2424211502075195,6.90789270401001,6.214151382446289,19.65584373474121
2010-08-18,5.300763130187988,6.891592025756836,6.078012466430664,19.789478302001953
2010-08-19,5.20908260345459,6.81009578704834,5.88038969039917,19.592954635620117
2010-08-20,5.192409992218018,6.79559850692749,5.88038969039917,19.353208541870117
2010-08-23,5.192409992218018,6.748508453369141,5.85404109954834,18.799030303955078
2010-08-24,5.075728416442871,6.6325907707214355,5.739856719970703,18.39419174194336
2010-08-25,5.000718116760254,6.628971099853516,5.726682662963867,18.22911834716797
2010-08-26,4.925708770751953,6.464148044586182,5.6432414054870605,18.024734497070312
2010-08-27,5.059062480926514,6.737643241882324,5.832082748413086,18.64966583251953
2010-08-30,4.954044818878174,6.656135082244873,5.588347911834717,18.13085174560547
2010-08-31,5.077396392822266,6.849936008453369,5.722291469573975,18.425634384155273
2010-09-01,5.184077262878418,6.940886974334717,5.935286045074463,19.33355140686035
2010-09-02,5.1381378173828125,6.866602897644043,6.060445308685303,19.093799591064453
2010-09-03,5.093112945556641,6.857546806335449,6.323943138122559,19.023054122924805
2010-09-06,5.063096523284912,6.794136047363281,6.3876237869262695,18.865840911865234
2010-09-08,5.126462459564209,6.785077095031738,6.1109514236450195,18.54747772216797
2010-09-09,5.16649055480957,6.75246000289917,6.018725395202637,18.590707778930664
2010-09-10,5.144811153411865,6.737969398498535,6.042880535125732,18.41777229309082
2010-09-13,5.353271484375,6.975310325622559,6.214151382446289,18.944448471069336
2010-09-14,5.378285884857178,7.0749592781066895,5.895761489868164,18.7872257232666
2010-09-15,5.4133100509643555,7.116631031036377,5.807926177978516,18.897281646728516
2010-09-16,5.3699469566345215,7.047783851623535,5.78816556930542,18.77543830871582
2010-09-17,5.311579704284668,7.01154088973999,5.805732250213623,18.523897171020508
2010-09-20,4.6661834716796875,7.065897464752197,5.950654983520508,18.905139923095703
2010-09-21,5.349937915802002,6.955377101898193,5.785971164703369,18.964099884033203
2010-09-22,5.353271484375,7.0024824142456055,5.704723358154297,19.376789093017578
2010-09-23,5.453333377838135,7.056838035583496,5.884779930114746,19.31390380859375
2010-09-24,5.386625289916992,7.0024824142456055,5.774991512298584,19.97813606262207
2010-09-27,5.444991588592529,7.01154088973999,5.818907737731934,20.343660354614258
2010-09-28,5.45166540145874,7.0749592781066895,5.862823486328125,20.50087547302246
2010-09-29,5.603425979614258,7.203592300415039,6.03848934173584,20.512666702270508
2010-09-30,5.656789302825928,7.332228660583496,5.992376804351807,20.55590057373047
2010-10-01,5.721827507019043,7.394215106964111,6.03848934173584,20.752416610717773
2010-10-04,5.694221496582031,7.4032697677612305,6.012140274047852,20.768144607543945
2010-10-05,5.837705612182617,7.588123798370361,5.924306869506836,21.03148078918457
2010-10-06,5.814345836639404,7.5210771560668945,5.678375720977783,21.0943603515625
2010-10-07,5.811010837554932,7.5355682373046875,5.555409908294678,21.019689559936523
2010-10-08,5.942814350128174,7.700489521026611,5.709115028381348,20.948938369750977
2010-10-11,5.922793865203857,7.642491817474365,5.676178455352783,21.066852569580078
2010-10-13,6.046255111694336,7.731305122375488,5.6454362869262695,21.04720115661621
2010-10-14,6.026235580444336,7.675119400024414,5.805732250213623,21.125804901123047
2010-10-15,5.974511623382568,7.751235008239746,5.772797107696533,20.968595504760742
2010-10-18,5.999541282653809,7.792921543121338,5.7969489097595215,21.42058753967285
2010-10-19,5.889427661895752,7.637059688568115,5.551019191741943,20.909637451171875
2010-10-20,5.9962053298950195,7.711363792419434,5.487339973449707,21.530641555786133
2010-10-21,5.889427661895752,7.613497257232666,5.305088043212891,21.184762954711914
2010-10-22,5.964505672454834,7.682369709014893,5.316066265106201,21.204416275024414
2010-10-25,6.037912845611572,7.702304840087891,5.395114898681641,21.381282806396484
2010-10-26,6.1563720703125,7.684180736541748,5.676178455352783,21.695714950561523
2010-10-27,5.881085395812988,7.5283203125,5.750838279724121,21.479541778564453
2010-10-28,5.812683582305908,7.455831050872803,5.766208648681641,21.066852569580078
2010-10-29,5.847715854644775,7.5210771560668945,5.676178455352783,21.066852569580078
2010-11-01,6.006211280822754,7.664646148681641,5.816710948944092,21.53849220275879
2010-11-03,6.08708381652832,7.641080856323242,5.960196495056152,21.30267333984375
2010-11-04,6.1505126953125,7.844119548797607,6.070571422576904,21.8489933013916
2010-11-05,6.160530090332031,7.884003639221191,6.01538610458374,21.892236709594727
2010-11-08,6.192241191864014,7.891250133514404,6.077192783355713,22.04944610595703
2010-11-09,6.008638381958008,7.679148197174072,5.986688613891602,21.970836639404297
2010-11-10,6.092094898223877,7.76798152923584,5.988894462585449,21.931528091430664
2010-11-11,5.9418792724609375,7.61388635635376,5.898387908935547,22.02586555480957
2010-11-12,5.918511390686035,7.61388635635376,5.706336498260498,21.617107391357422
2010-11-16,5.853418350219727,7.459799766540527,5.607001304626465,21.180831909179688
2010-11-17,5.805011749267578,7.450733184814453,5.618040084838867,21.149389266967773
2010-11-18,5.836723804473877,7.525061130523682,5.717375755310059,21.71143341064453
2010-11-19,5.890131950378418,7.601200103759766,5.673224925994873,21.79397201538086
2010-11-22,5.766626834869385,7.483366012573242,5.531947612762451,21.73501968383789
2010-11-23,5.6614766120910645,7.285760879516602,5.441440105438232,21.184762954711914
2010-11-24,5.783318519592285,7.349216938018799,5.571680545806885,21.723222732543945
2010-11-25,5.763284683227539,7.336529731750488,5.485589981079102,21.585660934448242
2010-11-26,5.716551303863525,7.269451141357422,5.43040132522583,21.259443283081055
2010-11-29,5.69986629486084,7.178809642791748,5.45247745513916,21.306604385375977
2010-11-30,5.603057861328125,7.115362167358398,5.42819356918335,21.05112648010254
2010-12-01,5.726571083068848,7.25535249710083,5.576097011566162,21.73501968383789
2010-12-02,5.785767078399658,7.280742168426514,5.607001304626465,21.970836639404297
2010-12-03,5.668887615203857,7.16831111907959,5.673224925994873,22.245967864990234
2010-12-06,5.568695068359375,7.103030204772949,5.708545684814453,22.344226837158203
2010-12-07,5.501907825469971,7.12660026550293,5.595963478088379,22.293128967285156
2010-12-08,5.486881256103516,7.05950927734375,5.518702983856201,21.79789924621582
2010-12-09,5.435117721557617,6.961584568023682,5.607001304626465,22.037656784057617
2010-12-10,5.418417453765869,6.961584568023682,5.673224925994873,22.312780380249023
2010-12-13,5.48020076751709,6.981533050537109,5.719581127166748,22.870895385742188
2010-12-14,5.501907825469971,7.012360095977783,5.701920986175537,22.67044448852539
2010-12-15,5.441798686981201,6.9724650382995605,5.600379467010498,22.324573516845703
2010-12-16,5.359977722167969,6.9162492752075195,5.595963478088379,22.304929733276367
2010-12-17,5.376672744750977,6.981533050537109,5.726206302642822,22.36387825012207
2010-12-20,5.315096855163574,6.829209804534912,5.644529819488525,22.206663131713867
2010-12-21,5.400611400604248,6.986969947814941,5.688679218292236,22.477859497070312
2010-12-22,5.507920742034912,7.150177478790283,5.722049713134766,22.41497230529785
2010-12-23,5.486124038696289,7.132047176361084,5.728721618652344,22.344226837158203
2010-12-27,5.375459671020508,7.008734226226807,5.795466423034668,21.70750617980957
2010-12-28,5.36539888381958,7.0051093101501465,5.93117618560791,21.514917373657227
2010-12-29,5.4458794593811035,7.161060810089111,6.000140190124512,21.664274215698242
2010-12-30,5.474381446838379,7.215458393096924,6.071332931518555,21.746814727783203
2011-01-03,5.5397772789001465,7.23680305480957,6.006816387176514,22.391389846801758
2011-01-04,5.5908589363098145,7.295157432556152,5.984569549560547,22.855178833007812
2011-01-05,5.6948628425598145,7.40458345413208,6.055760383605957,23.26786231994629
2011-01-06,5.543893337249756,7.229503154754639,6.031288146972656,22.969154357910156
2011-01-07,5.449957370758057,7.0525946617126465,5.946747779846191,22.796218872070312
2011-01-10,5.460023403167725,7.109131336212158,6.002367973327637,22.75298500061035
2011-01-11,5.488537311553955,7.152904510498047,6.040189743041992,22.992733001708984
2011-01-12,5.595890522003174,7.340755462646484,6.20704460144043,23.629459381103516
2011-01-13,5.527117729187012,7.306102275848389,6.075784206390381,23.46438217163086
2011-01-14,5.579116344451904,7.224034786224365,6.129177570343018,23.56657600402832
2011-01-17,5.501960277557373,7.1219024658203125,6.106930255889893,23.776004791259766
2011-01-18,5.5069899559021,7.030710220336914,6.166997909545898,24.07236671447754
2011-01-19,5.4415693283081055,6.954110622406006,6.073558330535889,23.550765991210938
2011-01-20,5.344276428222656,6.784499645233154,6.066883563995361,23.155620574951172
2011-01-21,5.300664901733398,6.786319255828857,6.017940044403076,23.313682556152344
2011-01-24,5.382861137390137,6.835564613342285,6.006816387176514,23.471738815307617
2011-01-26,5.350984573364258,6.7389020919799805,5.968993663787842,23.451982498168945
2011-01-27,5.372796535491943,6.76625919342041,5.977895259857178,23.21884536743164
2011-01-28,5.245315074920654,6.618534088134766,5.9334001541137695,22.551048278808594
2011-01-31,5.166472434997559,6.490863800048828,6.0268378257751465,22.555002212524414
2011-02-01,5.194985389709473,6.58610200881958,6.1492018699646,23.21489143371582
2011-02-02,5.110162734985352,6.524068355560303,6.184795379638672,22.681442260742188
2011-02-03,5.036316871643066,6.456563472747803,6.235965251922607,22.641925811767578
2011-02-04,4.900382995605469,6.2777791023254395,6.144752025604248,22.262590408325195
2011-02-07,4.950729846954346,6.341630458831787,6.055760383605957,22.42854881286621
2011-02-08,5.070555210113525,6.531368255615234,5.980118751525879,22.29814910888672
2011-02-09,4.991006374359131,6.378118991851807,5.980118751525879,21.575027465820312
2011-02-10,5.001077651977539,6.341630458831787,5.980118751525879,21.855587005615234
2011-02-11,5.001077651977539,6.587930679321289,5.873331546783447,22.306060791015625
2011-02-14,5.015846252441406,6.637187480926514,5.951197624206543,22.740720748901367
2011-02-15,5.015846252441406,6.753949165344238,6.000140190124512,22.665645599365234
2011-02-16,5.015846252441406,6.905372619628906,6.075784206390381,22.882966995239258
2011-02-17,5.015846252441406,6.971053123474121,6.062435626983643,22.914579391479492
2011-02-18,5.015846252441406,6.940038681030273,6.089132308959961,22.681442260742188
2011-02-21,5.015846252441406,6.8323974609375,6.0958075523376465,22.167749404907227
2011-02-22,5.015846252441406,6.682796955108643,6.178122043609619,21.725187301635742
2011-02-23,5.015846252441406,6.715631008148193,6.387248992919922,22.128238677978516
2011-02-24,5.015846252441406,6.653604984283447,6.387248992919922,22.128238677978516
2011-02-25,5.015846252441406,6.624417304992676,6.362774848937988,22.00969123840332
2011-02-28,5.015846252441406,6.750296592712402,6.358328342437744,22.246780395507812
2011-03-01,5.015846252441406,6.606490135192871,6.293807506561279,21.82793426513672
2011-03-02,5.018294334411621,6.630213260650635,6.429519176483154,22.19936752319336
2011-03-03,5.018294334411621,6.792640209197998,6.442866802215576,22.365327835083008
2011-03-04,5.018294334411621,6.88516902923584,6.46956205368042,21.989938735961914
2011-03-09,5.018294334411621,6.676807403564453,6.46956205368042,21.989938735961914
2011-03-10,5.089020252227783,6.420499324798584,6.255987167358398,20.587167739868164
2011-03-11,5.136178016662598,6.57907247543335,6.267111301422119,20.871671676635742
2011-03-14,5.168169021606445,6.610421180725098,6.291584014892578,20.942790985107422
2011-03-15,5.218692302703857,6.689711093902588,6.23818826675415,20.567405700683594
2011-03-16,5.119332790374756,6.531135082244873,6.180348873138428,20.053714752197266
2011-03-17,5.119332790374756,6.496101379394531,6.247087001800537,20.622726440429688
2011-03-18,5.186695575714111,6.63439416885376,6.20704460144043,20.895387649536133
2011-03-21,5.235531330108643,6.63623571395874,6.258212566375732,21.021825790405273
2011-03-22,5.2321624755859375,6.853821277618408,6.297032833099365,20.82425308227539
2011-03-23,5.3332014083862305,6.781905174255371,6.297032833099365,21.136423110961914
2011-03-24,5.346673011779785,6.800344467163086,6.364189147949219,20.614824295043945
2011-03-25,5.329833030700684,6.804030895233154,6.364189147949219,20.863771438598633
2011-03-28,5.3028883934021,6.791125297546387,6.346282482147217,20.74917221069336
2011-03-29,5.299520492553711,6.7431817054748535,6.346282482147217,21.175933837890625
2011-03-30,5.299520492553711,6.934954643249512,6.346282482147217,20.90328598022461
2011-03-31,5.4645514488220215,7.172817707061768,6.350759983062744,21.081100463867188
2011-04-01,5.4645514488220215,7.16396951675415,6.350759983062744,21.081100463867188
2011-04-04,5.593356609344482,7.101249694824219,6.404484748840332,21.397218704223633
2011-04-05,5.593356609344482,7.104942798614502,6.404484748840332,21.496007919311523
2011-04-06,5.56640100479126,7.08096170425415,6.350759983062744,21.160131454467773
2011-04-07,5.584935188293457,7.092029571533203,6.2679290771484375,20.986265182495117
2011-04-08,5.467002868652344,6.944468975067139,6.270172119140625,20.942790985107422
2011-04-11,5.431626319885254,6.892824649810791,6.153764724731445,20.9704532623291
2011-04-12,5.3659162521362305,6.857782363891602,5.965729236602783,20.547651290893555
2011-04-13,5.377711296081543,6.861465930938721,5.853802680969238,20.25128746032715
2011-04-14,5.330540180206299,6.7950639724731445,5.815744876861572,20.506502151489258
2011-04-15,5.306951522827148,6.820890426635742,5.938865661621094,20.454517364501953
2011-04-18,5.295158863067627,6.76740026473999,5.938865661621094,20.250568389892578
2011-04-19,5.333907604217529,6.872531414031982,5.759782791137695,20.434520721435547
2011-04-20,5.429934978485107,6.990584850311279,5.885141849517822,20.806419372558594
2011-04-25,5.421514987945557,6.966608047485352,5.86051607131958,21.010374069213867
2011-04-26,5.451838493347168,7.0403876304626465,5.864994049072266,21.0263614654541
2011-04-27,5.3659162521362305,6.944468975067139,5.762020587921143,20.754436492919922
2011-04-28,5.236195087432861,6.7563300132751465,5.697105407714844,20.594478607177734
2011-04-29,5.291787147521973,6.843020915985107,5.759308338165283,20.710445404052734
2011-05-02,5.246300220489502,6.743755340576172,5.788554668426514,20.482507705688477
2011-05-03,5.090311527252197,6.513119220733643,5.725564002990723,20.014631271362305
2011-05-04,5.086939334869385,6.52235221862793,5.696314811706543,19.64273452758789
2011-05-05,5.1189656257629395,6.596150875091553,5.505088806152344,19.89066505432129
2011-05-06,5.225154876708984,6.752983093261719,5.446598052978516,19.894668579101562
2011-05-09,5.258866786956787,6.789886951446533,5.454919815063477,20.026630401611328
2011-05-10,5.258866786956787,6.896902561187744,5.534335136413574,20.026630401611328
2011-05-11,5.3043742179870605,6.7954230308532715,5.534335136413574,19.33881378173828
2011-05-12,5.319544315338135,6.760366439819336,5.582810401916504,19.374805450439453
2011-05-13,5.183016777038574,6.590616703033447,5.582810401916504,19.058889389038086
2011-05-16,5.183016777038574,6.526037693023682,5.582810401916504,19.058889389038086
2011-05-17,5.166164875030518,6.548182487487793,5.582810401916504,19.17885398864746
2011-05-18,5.03131628036499,6.402416706085205,5.582810401916504,19.238842010498047
2011-05-19,5.03131628036499,6.391351222991943,5.364943981170654,19.410795211791992
2011-05-20,5.03131628036499,6.3747406005859375,5.444375038146973,19.494773864746094
2011-05-23,5.036375522613525,6.34706449508667,5.355865955352783,19.47477912902832
2011-05-24,5.134134769439697,6.479913711547852,5.412603378295898,19.65873146057129
2011-05-25,5.086939334869385,6.411643981933594,5.423950672149658,19.70671272277832
2011-05-26,5.235264778137207,6.618293762207031,5.492033958435059,20.014631271362305
2011-05-27,5.231898784637451,6.58692741394043,5.512457370758057,20.13460350036621
2011-05-30,5.201556205749512,6.559249401092529,5.464799880981445,20.050626754760742
2011-05-31,5.2285261154174805,6.612757205963135,5.467068672180176,20.0946102142334
2011-06-01,5.142561912536621,6.537454128265381,5.446643352508545,19.90266227722168
2011-06-02,5.177055835723877,6.6002020835876465,5.435296535491943,19.934654235839844
2011-06-03,5.202350616455078,6.616815567016602,5.39671516418457,19.76669692993164
2011-06-06,5.118034362792969,6.463626861572266,5.2650885581970215,19.6147403717041
2011-06-07,5.219213008880615,6.561446666717529,5.219701290130615,19.578746795654297
2011-06-08,5.209095478057861,6.528231620788574,5.2650885581970215,19.594749450683594
2011-06-09,5.170310974121094,6.478389739990234,5.378560543060303,19.81068992614746
2011-06-10,5.0961079597473145,6.441472053527832,5.3831000328063965,19.590749740600586
2011-06-13,5.101171016693115,6.42302131652832,5.294593811035156,19.226842880249023
2011-06-14,5.148388385772705,6.507925510406494,5.355865955352783,19.322818756103516
2011-06-15,5.183800220489502,6.570674419403076,5.287782669067383,19.194856643676758
2011-06-16,5.126464366912842,6.530073642730713,5.285513401031494,18.97890853881836
2011-06-17,5.109598636627197,6.458084583282471,5.274167060852051,18.88294219970703
2011-06-20,5.126464366912842,6.496848106384277,5.242394924163818,19.17486000061035
2011-06-21,5.129839897155762,6.447019577026367,5.274167060852051,19.350811004638672
2011-06-22,5.16862678527832,6.496848106384277,5.2787065505981445,19.414794921875
2011-06-24,5.131525039672852,6.459933757781982,5.190196990966797,19.54676055908203
2011-06-27,5.1568193435668945,6.461781024932861,5.237856864929199,19.402799606323242
2011-06-28,5.307933807373047,6.6537346839904785,5.32182502746582,19.63873863220215
2011-06-29,5.350323677062988,6.714638710021973,5.305939197540283,19.65073013305664
2011-06-30,5.375762462615967,6.727563858032227,5.3831000328063965,19.790699005126953
2011-07-01,5.3927202224731445,6.73531436920166,5.389909267425537,20.670459747314453
2011-07-04,5.4715352058410645,6.794395923614502,5.4012556076049805,20.934383392333984
2011-07-05,5.452871799468994,6.787012100219727,5.34678840637207,20.51449966430664
2011-07-06,5.3867058753967285,6.685466766357422,5.335441589355469,20.446517944335938
2011-07-07,5.310362339019775,6.545149326324463,5.36267614364624,20.574487686157227
2011-07-08,5.222135066986084,6.406674385070801,5.319556713104248,20.434520721435547
2011-07-11,5.064349174499512,6.170346260070801,5.253742694854736,20.25856590270996
2011-07-12,4.9540696144104,6.0097174644470215,5.246934413909912,20.274564743041992
2011-07-13,5.079620361328125,6.048491954803467,5.308207988739014,20.5264949798584
2011-07-14,4.957464218139648,5.8694024085998535,5.208353519439697,20.24656867980957
2011-07-15,4.876028060913086,5.850935459136963,5.217431545257568,20.23457145690918
2011-07-18,4.767443656921387,5.797394275665283,5.165234088897705,20.294559478759766
2011-07-19,4.8353118896484375,5.93586540222168,5.140271186828613,20.338550567626953
2011-07-20,4.89469051361084,5.978334903717041,5.078996658325195,20.338550567626953
2011-07-21,5.013452529907227,6.059568405151367,5.219701290130615,20.39853286743164
2011-07-22,5.021935939788818,6.06141471862793,5.212892055511475,20.462512969970703
2011-07-25,4.988001823425293,5.926634788513184,5.469337463378906,20.458511352539062
2011-07-26,4.9523797035217285,5.830624103546143,5.36948299407959,20.426525115966797
2011-07-27,4.891298770904541,5.716154098510742,5.353598117828369,20.270566940307617
2011-07-28,4.979519367218018,5.732776165008545,5.33317232131958,20.454517364501953
2011-07-29,5.004969120025635,5.815857887268066,5.33317232131958,20.046628952026367
2011-08-01,5.05247688293457,5.799602508544922,5.33317232131958,20.074617385864258
2011-08-02,4.88859224319458,5.463446617126465,5.33317232131958,19.65473175048828
2011-08-03,4.808816432952881,5.347088813781738,5.380635738372803,19.138870239257812
2011-08-04,4.633979320526123,5.180854320526123,5.380635738372803,18.035160064697266
2011-08-05,4.701878070831299,5.22703218460083,5.380635738372803,17.595287322998047
2011-08-08,4.287704944610596,4.719104766845703,5.380635738372803,15.919734954833984
2011-08-09,4.523648738861084,5.042329788208008,5.380635738372803,16.73550796508789
2011-08-10,4.459146022796631,4.9249186515808105,5.380635738372803,16.751510620117188
2011-08-11,4.583056449890137,5.089078903198242,5.380635738372803,17.475317001342773
2011-08-12,4.589850902557373,5.184218883514404,5.380635738372803,17.403154373168945
2011-08-15,4.659439563751221,5.298013210296631,5.380635738372803,17.72187614440918
2011-08-16,4.664535999298096,5.225260257720947,5.380635738372803,17.599292755126953
2011-08-17,4.752797603607178,5.381962299346924,4.778462886810303,17.8975830078125
2011-08-18,4.566084861755371,5.163698673248291,4.647953987121582,16.998619079589844
2011-08-19,4.45574951171875,4.97155237197876,4.510575771331787,16.753446578979492
2011-08-22,4.448962688446045,4.906260013580322,4.499129295349121,16.728927612304688
2011-08-23,4.515159606933594,4.943569183349609,4.615899085998535,17.284652709960938
2011-08-24,4.549106121063232,4.915590286254883,4.6319260597229,17.394983291625977
2011-08-25,4.515159606933594,4.960359573364258,4.547210216522217,17.202924728393555
2011-08-26,4.5066752433776855,5.0834832191467285,4.556367874145508,17.493053436279297
2011-08-29,4.608521938323975,5.1581034660339355,4.691457748413086,17.938446044921875
2011-08-30,4.650954723358154,5.260705947875977,4.705193996429443,17.97930908203125
2011-08-31,4.778261661529541,5.381962299346924,4.762434959411621,18.30620574951172
2011-09-01,5.131326198577881,5.748121738433838,4.817387580871582,18.416532516479492
2011-09-02,4.942134857177734,5.596960544586182,4.6639814376831055,18.1468448638916
2011-09-05,4.768904685974121,5.374871730804443,4.586134910583496,17.7341365814209
2011-09-06,4.950624942779541,5.4700493812561035,4.68687629699707,18.23265838623047
2011-09-08,5.018555641174316,5.537235736846924,4.730380535125732,18.633106231689453
2011-09-09,4.870803356170654,5.374871730804443,4.613609313964844,18.347068786621094
2011-09-12,4.787586212158203,5.27968692779541,4.657113075256348,18.45330810546875
2011-09-13,4.772301197052002,5.2293009757995605,4.652532577514648,18.592235565185547
2011-09-14,4.823251247406006,5.277825355529785,4.69832706451416,18.816980361938477
2011-09-15,4.884390830993652,5.365537643432617,4.705193996429443,19.025381088256836
2011-09-16,4.959115505218506,5.468183517456055,4.728091716766357,19.12343978881836
2011-09-19,4.933639049530029,5.421523571014404,4.762434959411621,19.384963989257812
2011-09-20,4.918353080749512,5.406598091125488,4.7166428565979,19.58110237121582
2011-09-21,4.911563873291016,5.3898024559021,4.7166428565979,19.25420570373535
2011-09-22,4.714556694030762,5.1789116859436035,4.464783668518066,18.23265838623047
2011-09-23,4.5600104331970215,5.119190216064453,4.386937618255615,18.101892471313477
2011-09-26,4.641528129577637,5.231167316436768,4.5288920402526855,17.860803604125977
2011-09-27,4.73493766784668,5.447653770446777,4.476231575012207,18.069204330444336
2011-09-28,4.73493766784668,5.430857181549072,4.430439472198486,17.97113800048828
2011-09-29,4.785886287689209,5.468183517456055,4.441886901855469,17.860803604125977
2011-09-30,4.7060675621032715,5.421523571014404,4.37319803237915,17.42767333984375
2011-10-03,4.585483074188232,5.35282039642334,4.215212821960449,16.904638290405273
2011-10-04,4.64088249206543,5.28747034072876,4.2472686767578125,16.753446578979492
2011-10-05,4.647678852081299,5.377091407775879,4.1694207191467285,17.100772857666016
2011-10-06,4.68846321105957,5.4797797203063965,4.3159565925598145,17.345943450927734
2011-10-07,4.5712080001831055,5.412562847137451,4.190026760101318,16.83925437927246
2011-10-10,4.7581353187561035,5.625408172607422,4.329693794250488,17.366376876831055
2011-10-11,4.8074140548706055,5.7318291664123535,4.386937618255615,17.619722366333008
2011-10-13,4.919577121734619,5.797177791595459,4.439598083496094,17.958879470825195
2011-10-14,4.909375190734863,5.862524032592773,4.496838092803955,17.98748207092285
2011-10-17,4.894079685211182,5.843851089477539,4.418989658355713,16.908721923828125
2011-10-18,4.894079685211182,5.862524032592773,4.418989658355713,16.97818374633789
2011-10-19,4.9620561599731445,5.974544525146484,4.402962684631348,16.406116485595703
2011-10-20,4.9620561599731445,5.899869918823242,4.309087753295898,16.201810836791992
2011-10-21,5.067418098449707,6.013754367828369,4.4121222496032715,16.569562911987305
2011-10-24,5.19146728515625,6.150050163269043,4.4121222496032715,17.550256729125977
2011-10-25,5.19146728515625,6.150050163269043,4.4121222496032715,17.550256729125977
2011-10-26,5.19146728515625,6.150050163269043,4.4121222496032715,17.550256729125977
2011-10-27,5.19146728515625,6.150050163269043,4.4121222496032715,17.550256729125977
2011-10-28,5.344406604766846,6.17991828918457,4.794490814208984,18.224485397338867
2011-10-31,5.327413558959961,6.110841274261475,4.94102668762207,17.860803604125977
2011-11-01,5.225451469421387,6.001019477844238,4.837993621826172,17.693273544311523
2011-11-03,5.262176036834717,6.070127010345459,5.018873691558838,18.26125717163086
2011-11-04,5.248575687408447,6.092539310455322,5.06008768081665,18.633106231689453
2011-11-07,5.270678997039795,6.088805675506592,5.1928863525390625,18.79654884338379
2011-11-08,5.30468225479126,6.079461097717285,5.13106632232666,18.67805290222168
2011-11-09,5.21967077255249,5.926309108734131,4.913549900054932,18.371585845947266
2011-11-10,5.21967077255249,5.926309108734131,4.913549900054932,18.371585845947266
2011-11-11,5.1941680908203125,5.946852684020996,5.028030872344971,18.559547424316406
2011-11-14,5.270678997039795,5.961793899536133,5.065003395080566,18.46965217590332
2011-11-16,5.289379596710205,6.001019477844238,5.108907699584961,18.624929428100586
2011-11-17,5.100659370422363,5.775022983551025,4.9725751876831055,18.122323989868164
2011-11-18,5.007145404815674,5.687239646911621,5.025720119476318,18.0610294342041
2011-11-21,4.913631439208984,5.605058670043945,5.037276268005371,17.954792022705078
2011-11-22,4.845623016357422,5.590118408203125,5.009547233581543,17.795427322387695
2011-11-23,4.765711784362793,5.5210137367248535,4.984130382537842,17.325515747070312
2011-11-24,4.777612686157227,5.5434250831604,5.007236003875732,17.345943450927734
2011-11-25,4.760612487792969,5.511673450469971,4.854733467102051,16.9495849609375
2011-11-28,4.855825901031494,5.666691780090332,4.967954635620117,17.11711883544922
2011-11-29,4.818418979644775,5.621870517730713,4.947159767150879,16.876028060913086
2011-11-30,5.03774881362915,5.958059787750244,5.095041751861572,17.019052505493164
2011-12-01,5.212870121002197,6.1938581466674805,5.203644275665283,17.121204376220703
2011-12-02,5.222395896911621,6.216278076171875,5.2059550285339355,17.333683013916016
2011-12-05,5.285337448120117,6.315304279327393,5.307625770568848,17.65241050720215
2011-12-06,5.317658424377441,6.343332767486572,5.388498783111572,17.631982803344727
2011-12-07,5.273429870605469,6.33398962020874,5.381567001342773,16.8637752532959
2011-12-08,5.273429870605469,6.320908069610596,5.203644275665283,16.51644515991211
2011-12-09,5.312557220458984,6.390046119689941,5.319178104400635,16.847429275512695
2011-12-12,5.312557220458984,6.390046119689941,5.319178104400635,16.847429275512695
2011-12-13,5.344473361968994,6.305966854095459,5.18053674697876,16.54096794128418
2011-12-14,5.2784905433654785,6.259252548217773,5.041896820068359,16.279441833496094
2011-12-15,5.144792079925537,6.165835380554199,4.9702653884887695,16.017929077148438
2011-12-16,5.143055438995361,6.203193664550781,4.9217424392700195,16.017929077148438
2011-12-19,5.191675186157227,6.165835380554199,4.8801493644714355,15.768674850463867
2011-12-20,5.3305792808532715,6.315304279327393,5.106596946716309,16.344825744628906
2011-12-21,5.3132195472717285,6.315304279327393,5.065003395080566,16.397947311401367
2011-12-22,5.38267183303833,6.427412509918213,5.118150234222412,16.630857467651367
2011-12-23,5.379199504852295,6.481597423553467,5.134323596954346,16.733020782470703
2011-12-26,5.363572120666504,6.4460930824279785,5.1227707862854,16.60225486755371
2011-12-27,5.380937099456787,6.4645609855651855,5.129703044891357,16.71258544921875
2011-12-28,5.283698558807373,6.317594528198242,4.951780319213867,16.23041343688965
2011-12-29,5.339261531829834,6.404268741607666,4.9656453132629395,16.120086669921875
2012-01-02,5.332319259643555,6.414069175720215,5.0211005210876465,16.71258544921875
2012-01-03,5.448019504547119,6.574281215667725,5.220823764801025,17.456275939941406
2012-01-04,5.456705570220947,6.581818580627441,5.258098602294922,17.57477378845215
2012-01-05,5.421959400177002,6.532814979553223,5.197527885437012,17.104860305786133
2012-01-06,5.489712238311768,6.581818580627441,5.202188014984131,16.9577579498291
2012-01-09,5.503607749938965,6.623287677764893,5.272077560424805,16.937326431274414
2012-01-10,5.515772342681885,6.709987163543701,5.3349785804748535,16.91689682006836
2012-01-11,5.519245147705078,6.719409465789795,5.337306499481201,17.04357147216797
2012-01-12,5.520986080169678,6.734488487243652,5.376913547515869,16.871946334838867
2012-01-13,5.421959400177002,6.691137313842773,5.3699259757995605,16.52870750427246
2012-01-16,5.4636549949646,6.736372470855713,5.509705066680908,16.63494300842285
2012-01-17,5.4636549949646,6.736372470855713,5.509705066680908,16.63494300842285
2012-01-18,5.567885875701904,6.92485237121582,5.677443027496338,17.611549377441406
2012-01-19,5.58526086807251,6.964437961578369,5.640168190002441,17.562522888183594
2012-01-20,5.607845783233643,6.992712020874023,5.6424970626831055,17.53799819946289
2012-01-23,5.5939483642578125,6.860774517059326,5.854497909545898,17.41132164001465
2012-01-24,5.63043212890625,6.736372470855713,5.917400360107422,17.57477378845215
2012-01-26,5.6825480461120605,6.841925621032715,5.805574417114258,17.484878540039062
2012-01-27,5.725975036621094,6.806114196777344,5.747332572937012,17.5870361328125
2012-01-30,5.63216495513916,6.691137313842773,5.72403621673584,17.77090835571289
2012-01-31,5.454966068267822,6.619513511657715,5.72403621673584,18.26534080505371
2012-02-01,5.442804336547852,6.731136798858643,5.812563896179199,18.633106231689453
2012-02-02,5.456017017364502,6.731136798858643,5.714718341827393,18.620845794677734
2012-02-03,5.518587112426758,6.757528305053711,5.733356952667236,18.743431091308594
2012-02-06,5.518587112426758,6.799014568328857,5.79159688949585,18.73525619506836
2012-02-07,5.532491683959961,6.863119602203369,5.963994026184082,18.731164932250977
2012-02-08,5.515112400054932,7.0139594078063965,5.924388885498047,18.600406646728516
2012-02-09,5.475136756896973,6.966818809509277,5.940697193145752,18.428789138793945
2012-02-10,5.37258768081665,6.844265937805176,5.474760055541992,18.114160537719727
2012-02-13,5.443849563598633,6.844265937805176,5.474760055541992,18.571807861328125
2012-02-14,5.396922588348389,6.972482204437256,5.407199382781982,18.081462860107422
2012-02-15,5.337822437286377,6.863119602203369,5.381572246551514,17.762744903564453
2012-02-16,5.370846271514893,6.8800883293151855,5.56328821182251,17.828123092651367
2012-02-17,5.355203151702881,6.912142276763916,5.6028947830200195,17.542085647583008
2012-02-23,5.270035743713379,6.806552886962891,5.572608947753906,17.922103881835938
2012-02-24,5.278728008270264,6.787696361541748,5.703068256378174,18.016082763671875
2012-02-27,5.224842548370361,6.714163303375244,5.672784805297852,17.824033737182617
2012-02-28,5.337822437286377,6.89705753326416,5.668123722076416,18.01200294494629
2012-02-29,5.422990322113037,6.93853759765625,5.663464546203613,17.795427322387695
2012-03-01,5.494258880615234,7.0971598625183105,5.796255111694336,17.999740600585938
2012-03-02,5.577032089233398,7.192546367645264,5.894103527069092,18.163188934326172
2012-03-05,5.4970383644104,7.087618827819824,5.728695869445801,17.631982803344727
2012-03-06,5.35617208480835,6.849137306213379,5.533003330230713,16.777969360351562
2012-03-07,5.4796462059021,6.992224216461182,5.586584568023682,16.753446578979492
2012-03-08,5.564858436584473,7.215440273284912,5.612212181091309,16.814741134643555
2012-03-09,5.663984775543213,7.3299102783203125,5.523684501647949,16.798397064208984
2012-03-12,5.6257243156433105,7.2135329246521,5.458453178405762,16.59817123413086
2012-03-13,5.721364974975586,7.297479629516602,5.691420555114746,17.44809913635254
2012-03-14,5.712676048278809,7.326096534729004,5.784607887268066,17.284652709960938
2012-03-15,5.742239952087402,7.339450359344482,5.6424970626831055,17.44809913635254
2012-03-16,5.756147861480713,7.364250183105469,5.672784805297852,17.55843162536621
2012-03-19,5.702242374420166,7.364250183105469,5.672784805297852,17.55843162536621
2012-03-20,5.622244834899902,7.234523296356201,5.683180809020996,17.41132164001465
2012-03-21,5.634417533874512,7.192546367645264,5.64571475982666,17.345943450927734
2012-03-22,5.634417533874512,6.992224216461182,5.64571475982666,16.986356735229492
2012-03-23,5.695282936096191,6.92545223236084,5.549705982208252,16.97818374633789
2012-03-26,5.7509331703186035,7.047550678253174,5.669129848480225,17.207015991210938
2012-03-27,5.735280990600586,7.053271293640137,5.573122501373291,17.329599380493164
2012-03-28,5.611815929412842,6.8682169914245605,5.477116107940674,16.998619079589844
2012-03-29,5.573551654815674,6.7976250648498535,5.46072244644165,17.22745132446289
2012-03-30,5.545730113983154,6.664076805114746,5.467748165130615,17.52982521057129
2012-04-02,5.561379909515381,6.737557888031006,5.439648628234863,17.983388900756836
2012-04-03,5.515720844268799,6.632584095001221,5.280417442321777,17.578859329223633
2012-04-04,5.376521110534668,6.428356647491455,5.095426082611084,17.23153305053711
2012-04-05,5.341726303100586,6.29856538772583,5.1516265869140625,17.186586380004883
2012-04-09,5.313882827758789,6.203136920928955,5.055620193481445,17.006792068481445
2012-04-10,5.305182456970215,6.0771636962890625,4.961953163146973,16.851518630981445
2012-04-11,5.338245391845703,6.0771636962890625,4.999418258666992,16.851518630981445
2012-04-12,5.447861194610596,6.290931701660156,5.15396785736084,17.922103881835938
2012-04-13,5.338245391845703,6.046626091003418,5.0743513107299805,17.8975830078125
2012-04-16,5.3104023933410645,6.002721786499023,5.036886215209961,17.661022186279297
2012-04-17,5.320843696594238,6.012271881103516,5.053277492523193,18.038034439086914
2012-04-18,5.313882827758789,5.9760026931762695,5.095426082611084,18.222352981567383
2012-04-19,5.294743537902832,6.019903659820557,5.022837162017822,18.088302612304688
2012-04-20,5.289525985717773,6.151601314544678,5.02517557144165,18.046411514282227
2012-04-23,5.289525985717773,6.067620277404785,4.983028411865234,17.929119110107422
2012-04-24,5.331281661987305,6.002721786499023,4.97366189956665,17.97100830078125
2012-04-25,5.19382381439209,5.649623870849609,4.947903633117676,17.711280822753906
2012-04-26,5.228625297546387,5.65153169631958,4.97366189956665,17.97100830078125
2012-04-27,5.237323760986328,5.668712139129639,4.901070594787598,17.853710174560547
2012-04-30,5.329545974731445,5.725971698760986,4.9853715896606445,17.845338821411133
2012-05-02,5.329545974731445,5.583703994750977,4.9853715896606445,18.096677780151367
2012-05-03,5.222924709320068,5.5760602951049805,5.011126518249512,17.91236686706543
2012-05-04,5.196808338165283,5.499680042266846,4.795694351196289,17.397113800048828
2012-05-07,5.170695781707764,5.537877082824707,4.8191118240356445,17.384544372558594
2012-05-08,5.14109992980957,5.547421455383301,4.744178771972656,16.92374610900879
2012-05-09,5.1097612380981445,5.465311050415039,4.720762729644775,16.88185691833496
2012-05-10,5.128911972045898,5.467215538024902,4.664562702178955,16.88604736328125
2012-05-11,5.1306562423706055,5.5397796630859375,4.573239803314209,16.379173278808594
2012-05-14,5.022712707519531,5.423296928405762,4.4715070724487305,16.106884002685547
2012-05-15,4.980929374694824,5.43857479095459,4.374505996704102,15.985401153564453
2012-05-16,4.893883228302002,5.43857479095459,4.563775539398193,15.541360855102539
2012-05-17,4.679738521575928,5.165498733520508,4.360311031341553,15.00935173034668
2012-05-18,4.709339618682861,5.192232608795166,4.5117268562316895,15.365424156188965
2012-05-21,5.041863441467285,5.192232608795166,4.5117268562316895,15.855542182922363
2012-05-22,5.04012393951416,5.45385217666626,4.663143634796143,15.65865421295166
2012-05-23,4.982672691345215,5.446212291717529,4.5495805740356445,15.784323692321777
2012-05-24,4.93740701675415,5.3698272705078125,4.424189567565918,15.604196548461914
2012-05-25,4.989633560180664,5.434756755828857,4.4099955558776855,15.310965538024902
2012-05-28,4.953075408935547,5.45003080368042,4.44548225402832,15.449204444885254
2012-05-29,5.005304336547852,5.398470878601074,4.459677219390869,15.708925247192383
2012-05-30,5.054049968719482,5.3698272705078125,4.34138298034668,15.61676025390625
2012-05-31,5.153287887573242,5.595164775848389,4.525921821594238,15.746625900268555
2012-06-01,5.128911972045898,5.46046257019043,4.447848320007324,15.499472618103027
2012-06-04,5.091909885406494,5.3783087730407715,4.521189212799072,15.465957641601562
2012-06-05,4.990878105163574,5.2961554527282715,4.447848320007324,15.453386306762695
2012-06-06,5.1912055015563965,5.517782688140869,4.516458034515381,15.901617050170898
2012-06-08,5.203396320343018,5.485306739807129,4.4667744636535645,16.06080436706543
2012-06-11,5.260890007019043,5.540711879730225,4.350846290588379,15.859723091125488
2012-06-12,5.347989559173584,5.636241912841797,4.400529861450195,16.232555389404297
2012-06-13,5.365407943725586,5.645795822143555,4.4715070724487305,16.253501892089844
2012-06-14,5.4002485275268555,5.649613380432129,4.298798561096191,16.295387268066406
2012-06-15,5.471668243408203,5.769980430603027,4.388700485229492,16.555110931396484
2012-06-18,5.426379680633545,5.769980430603027,4.388700485229492,16.555110931396484
2012-06-19,5.469933032989502,5.823478698730469,4.648946762084961,17.095497131347656
2012-06-20,5.426379680633545,5.741322994232178,4.708093643188477,17.145769119262695
2012-06-21,5.269599437713623,5.515872001647949,4.559044361114502,16.672407150268555
2012-06-22,5.269599437713623,5.401236534118652,4.625288486480713,16.63469886779785
2012-06-25,5.138945579528809,5.196806907653809,4.2112603187561035,16.316335678100586
2012-06-26,5.107588291168213,5.1891632080078125,4.258577346801758,16.69335174560547
2012-06-27,5.187724590301514,5.256031513214111,4.173405647277832,16.626319885253906
2012-06-28,5.14509391784668,5.206354141235352,4.1876020431518555,16.429439544677734
2012-06-29,5.2521071434021,5.405056476593018,4.317723751068115,16.810644149780273
2012-07-02,5.26438045501709,5.4251251220703125,4.343749523162842,16.85672378540039
2012-07-03,5.397914409637451,5.534095287322998,4.492799282073975,17.17508888244629
2012-07-04,5.40318489074707,5.566590785980225,4.483336925506592,17.279815673828125
2012-07-05,5.408449649810791,5.629670143127441,4.637118339538574,17.497644424438477
2012-07-06,5.389139175415039,5.591442108154297,4.542483329772949,17.087120056152344
2012-07-10,5.283816814422607,5.341022491455078,4.350846290588379,16.588624954223633
2012-07-11,5.275036334991455,5.363958835601807,4.386336326599121,16.571866989135742
2012-07-12,5.180245876312256,5.419393539428711,4.3957977294921875,16.500648498535156
2012-07-13,5.2364182472229,5.572324752807617,4.625288486480713,16.85253143310547
2012-07-16,5.231151580810547,5.572324752807617,4.625288486480713,16.588624954223633
2012-07-17,5.229394912719727,5.524535179138184,4.554312229156494,16.525787353515625
2012-07-18,5.320680141448975,5.656435966491699,4.573239803314209,16.546733856201172
2012-07-19,5.380362033843994,5.765395164489746,4.641849517822266,16.567678451538086
2012-07-20,5.359296798706055,5.744367599487305,4.5377516746521,16.1655330657959
2012-07-23,5.103006362915039,5.581882476806641,4.485702037811279,15.784323692321777
2012-07-24,5.148645401000977,5.7711334228515625,4.44548225402832,15.013541221618652
2012-07-25,5.171466827392578,5.811275482177734,4.49516487121582,14.933950424194336
2012-07-26,5.204822063446045,5.971848487854004,4.556678295135498,15.118266105651855
2012-07-27,5.494463920593262,6.193594932556152,4.771973609924316,15.72986888885498
2012-07-30,5.561171054840088,6.363727569580078,4.805094242095947,15.717301368713379
2012-07-31,5.547125816345215,6.20697546005249,4.61345911026001,15.562304496765137
2012-08-01,5.573460102081299,6.163942813873291,4.689167499542236,15.662842750549316
2012-08-02,5.5121026039123535,6.057343006134033,4.637118339538574,15.394742965698242
2012-08-03,5.671953201293945,6.2406134605407715,4.71755838394165,15.625141143798828
2012-08-06,5.80017614364624,6.38143253326416,4.712825775146484,15.792706489562988
2012-08-07,5.8581461906433105,6.38143253326416,4.790900230407715,15.76756477355957
2012-08-08,5.937192440032959,6.38143253326416,5.010926723480225,15.88905143737793
2012-08-09,5.9020609855651855,6.522250652313232,4.96834135055542,16.044042587280273
2012-08-10,5.9020609855651855,6.593632221221924,4.96834135055542,16.16134262084961
2012-08-13,5.9986724853515625,6.54926061630249,4.975439548492432,16.17391014099121
2012-08-14,5.967052936553955,6.54926061630249,4.930486679077148,15.520413398742676
2012-08-15,6.0232625007629395,6.54926061630249,4.980169773101807,15.20623779296875
2012-08-16,6.047850608825684,6.54926061630249,5.077169895172119,15.415687561035156
2012-08-17,6.10933780670166,6.54926061630249,5.098463535308838,14.933950424194336
2012-08-20,6.0900092124938965,6.626425266265869,5.098463535308838,14.933950424194336
2012-08-21,6.072449684143066,6.5878424644470215,5.025122165679932,15.118266105651855
2012-08-22,6.077719688415527,6.6129255294799805,5.084269046783447,15.122456550598145
2012-08-23,6.00042724609375,6.568551540374756,5.018024921417236,14.535988807678223
2012-08-24,5.981106281280518,6.5608391761779785,5.022755146026611,14.464776039123535
2012-08-27,5.938945293426514,6.462453365325928,5.055879592895508,14.242756843566895
2012-08-28,6.003937244415283,6.462453365325928,5.067707538604736,14.209240913391113
2012-08-29,5.914356231689453,6.306196212768555,5.018024921417236,13.786150932312012
2012-08-30,5.919626712799072,6.269547462463379,4.977804183959961,13.740073204040527
2012-08-31,5.770316123962402,6.115213394165039,4.91156005859375,14.15059757232666
2012-09-03,5.898543834686279,6.185660362243652,4.883169174194336,14.05424690246582
2012-09-04,5.835394859313965,6.060214042663574,4.833484649658203,13.593456268310547
2012-09-05,5.852970123291016,6.079514503479004,4.871341228485107,13.8238525390625
2012-09-06,5.910976886749268,6.253211498260498,4.96834135055542,14.460586547851562
2012-09-10,5.9162468910217285,6.289879322052002,5.022755146026611,14.460586547851562
2012-09-11,5.953156471252441,6.3574323654174805,5.136317253112793,15.415687561035156
2012-09-12,6.037525653839111,6.525343418121338,5.20256233215332,15.61676025390625
2012-09-13,6.193952560424805,6.658513069152832,5.4178571701049805,16.014724731445312
2012-09-14,6.276566505432129,6.735714912414551,5.5124921798706055,16.1906681060791
2012-09-17,6.301170825958252,6.658513069152832,5.50539493560791,16.416872024536133
2012-09-18,6.225593090057373,6.5002522468566895,5.488833427429199,16.567678451538086
2012-09-19,6.222078323364258,6.504112243652344,5.363442897796631,16.379173278808594
2012-09-20,6.209776401519775,6.4558610916137695,5.443882465362549,16.240934371948242
2012-09-21,6.257229328155518,6.492532730102539,5.370540142059326,15.834592819213867
2012-09-24,6.220320224761963,6.515696048736572,5.432051181793213,15.868107795715332
2012-09-25,5.800241470336914,6.123903274536133,5.363442897796631,15.424070358276367
2012-09-26,5.752789497375488,6.156710147857666,5.387101173400879,15.478532791137695
2012-09-27,5.826605319976807,6.079514503479004,5.3729047775268555,15.449204444885254
2012-09-28,5.724662780761719,5.900018692016602,5.292466640472412,15.285829544067383
2012-10-01,5.824850559234619,5.995604991912842,5.325588703155518,15.218807220458984
2012-10-02,5.837283134460449,5.96663761138916,5.370540142059326,15.160157203674316
2012-10-03,5.691305160522461,5.889398097991943,5.285368919372559,14.9548978805542
2012-10-04,5.715930461883545,5.899051189422607,5.299565315246582,15.122456550598145
2012-10-05,5.689552307128906,5.945398807525635,5.264073848724365,15.042861938476562
2012-10-08,5.6684441566467285,5.958914279937744,5.292466640472412,15.541360855102539
2012-10-09,5.4978461265563965,5.812161922454834,5.256977081298828,15.625141143798828
2012-10-10,5.4556355476379395,5.676999092102051,5.233318328857422,15.457578659057617
2012-10-11,5.552369117736816,5.725272178649902,5.323223114013672,15.667033195495605
2012-10-15,5.548848628997803,5.756164073944092,5.394198417663574,15.667033195495605
2012-10-16,5.640300750732422,5.77547550201416,5.394198417663574,15.964452743530273
2012-10-17,5.666686058044434,5.773541450500488,5.358709812164307,16.02012825012207
2012-10-18,5.705377578735352,5.7580976486206055,5.323223114013672,15.943399429321289
2012-10-19,5.689552307128906,5.6963067054748535,5.264073848724365,15.602359771728516
2012-10-22,5.619199752807617,5.667339324951172,5.264073848724365,15.602359771728516
2012-10-23,5.5242228507995605,5.487759113311768,5.126852989196777,15.1632719039917
2012-10-24,5.566434860229492,5.711755752563477,5.096098899841309,15.056707382202148
2012-10-25,5.703618049621582,5.792849063873291,5.145779609680176,15.905030250549316
2012-10-26,5.606890678405762,5.713685989379883,5.264073848724365,15.785666465759277
2012-10-29,5.6315083503723145,5.715614318847656,5.051146030426025,15.887979507446289
2012-10-30,5.671964645385742,5.785130023956299,5.093732833862305,15.96470832824707
2012-10-31,5.627989768981934,5.7310590744018555,4.921021938323975,15.96470832824707
2012-11-01,5.830246925354004,5.988975524902344,4.932853698730469,16.36542510986328
2012-11-05,5.833890438079834,5.983173370361328,5.025122165679932,16.22048568725586
2012-11-06,5.913084030151367,6.039205074310303,5.129218578338623,16.29722023010254
2012-11-07,5.772298336029053,5.888518333435059,5.010926723480225,16.1267032623291
2012-11-08,5.677264213562012,5.757143974304199,4.876072406768799,15.764354705810547
2012-11-09,5.666707515716553,5.761008262634277,4.916292190551758,15.900762557983398
2012-11-12,5.629752159118652,5.757143974304199,4.835852146148682,15.772879600524902
2012-11-13,5.74765682220459,5.863399028778076,4.8429484367370605,15.88371467590332
2012-11-14,5.701901435852051,5.782257080078125,4.684434413909912,15.598098754882812
2012-11-16,5.767014503479004,5.803508758544922,4.502261638641357,15.12491226196289
2012-11-19,5.8954877853393555,5.983173370361328,4.525921821594238,15.325271606445312
2012-11-21,6.015153408050537,6.05659294128418,4.405262470245361,15.538416862487793
2012-11-22,6.080269813537598,6.128068923950195,4.412360191345215,15.47021198272705
2012-11-23,6.150665283203125,6.19955587387085,4.5353851318359375,15.738773345947266
2012-11-26,6.09259033203125,6.0855712890625,4.452579975128174,15.606627464294434
2012-11-27,5.9993181228637695,5.990902423858643,4.379236221313477,15.551207542419434
2012-11-28,5.95884370803833,6.0179524421691895,4.412360191345215,15.291166305541992
2012-11-29,6.053872585296631,6.170574188232422,4.53065299987793,15.968975067138672
2012-11-30,6.245694637298584,6.205348491668701,4.414725303649902,16.028654098510742
2012-12-03,6.294973850250244,6.375358581542969,4.49516487121582,15.9348726272583
2012-12-04,6.2140936851501465,6.305810451507568,4.452579975128174,15.644989967346191
2012-12-05,6.312705039978027,6.338650226593018,4.480971336364746,15.900762557983398
2012-12-06,6.182398319244385,6.317399024963379,4.424189567565918,15.794188499450684
2012-12-07,6.185921669006348,6.328990936279297,4.514092445373535,15.977495193481445
2012-12-10,6.26692008972168,6.332857608795166,4.630019187927246,16.263118743896484
2012-12-11,6.303899765014648,6.37342643737793,4.729386806488037,16.62546157836914
2012-12-12,6.310943603515625,6.348311424255371,4.69626522064209,16.795982360839844
2012-12-13,6.356729030609131,6.352177619934082,4.630019187927246,16.889768600463867
2012-12-14,6.328550815582275,6.298083305358887,4.781435966491699,17.563316345214844
2012-12-17,6.328550815582275,6.317399024963379,4.712825775146484,17.904348373413086
2012-12-18,6.333832740783691,6.354108810424805,4.771973609924316,18.25390625
2012-12-19,6.490554332733154,6.578214168548584,4.951779365539551,17.9256591796875
2012-12-20,6.427158832550049,6.549229621887207,4.980169773101807,18.010923385620117
2012-12-21,6.4025115966796875,6.585937976837158,4.8949995040893555,17.85745620727539
2012-12-26,6.367419242858887,6.578530311584473,4.7459492683410645,17.976821899414062
2012-12-27,6.251158714294434,6.4693427085876465,4.592165946960449,17.97255516052246
2012-12-28,6.29050874710083,6.5063886642456055,4.618189811706543,18.02370834350586
2013-01-02,6.4371724128723145,6.7258381843566895,4.658411026000977,18.799564361572266
2013-01-03,6.821483135223389,6.926753044128418,4.826387405395508,18.47984504699707
2013-01-04,6.706953048706055,6.885789394378662,4.833484649658203,18.194229125976562
2013-01-07,6.672953128814697,6.7687482833862305,4.750680923461914,17.836143493652344
2013-01-08,6.696213245391846,6.7960591316223145,4.61345911026001,17.695465087890625
2013-01-09,6.782107830047607,6.905298709869385,4.656044960021973,17.776464462280273
2013-01-10,6.692634582519531,6.81751823425293,4.691534042358398,17.964033126831055
2013-01-11,6.669373512268066,6.83507776260376,4.703363418579102,17.593156814575195
2013-01-14,6.782107830047607,6.924803256988525,4.66550874710083,17.58889389038086
2013-01-15,6.674744129180908,6.833118438720703,4.689167499542236,17.5462589263916
2013-01-16,6.708745002746582,6.893598556518555,4.693899631500244,17.435426712036133
2013-01-17,6.819686412811279,7.010631084442139,4.663143634796143,17.469528198242188
2013-01-18,6.844742298126221,7.034038543701172,4.632386207580566,17.311800003051758
2013-01-21,6.816110610961914,6.983321189880371,4.587435722351074,17.299009323120117
2013-01-22,6.816110610961914,6.983321189880371,4.632386207580566,17.507892608642578
2013-01-23,6.7713751792907715,6.96381950378418,4.625288486480713,17.414113998413086
2013-01-24,6.755270957946777,6.97161865234375,4.63948392868042,17.0517578125
2013-01-28,6.547693252563477,6.788254261016846,4.58270263671875,16.53594398498535
2013-01-29,6.472538471221924,6.778501510620117,4.521189212799072,16.727773666381836
2013-01-30,6.406325817108154,6.649759769439697,4.305895805358887,16.51889419555664
2013-01-31,6.549476146697998,6.696573734283447,4.2775044441223145,17.162601470947266
2013-02-01,6.511899948120117,6.664378643035889,4.367408275604248,17.414113998413086
2013-02-04,6.427870273590088,6.508256435394287,4.258577346801758,17.24359703063965
2013-02-05,6.408174991607666,6.672183036804199,4.2775044441223145,16.923873901367188
2013-02-06,6.31544828414917,6.533622741699219,4.163942337036133,17.115699768066406
2013-02-07,6.2616167068481445,6.492647647857666,4.140284061431885,16.638256072998047
2013-02-08,6.38721227645874,6.609739303588867,4.1970648765563965,16.770408630371094
2013-02-13,6.331592559814453,6.592166423797607,4.2112603187561035,16.672359466552734
2013-02-14,6.247265815734863,6.560949802398682,4.1805033683776855,16.446426391601562
2013-02-15,6.523565292358398,6.865384101867676,4.171041011810303,16.32706069946289
2013-02-18,6.629422664642334,6.937588691711426,4.234918594360352,16.216222763061523
2013-02-19,6.487680435180664,6.802928447723389,4.282236576080322,16.04996681213379
2013-02-20,6.340561389923096,6.683891296386719,4.168674468994141,15.534154891967773
2013-02-21,6.2705864906311035,6.635104179382324,4.09769868850708,15.644989967346191
2013-02-22,6.399768352508545,6.849770545959473,4.057478904724121,15.227224349975586
2013-02-25,6.383621692657471,6.863429069519043,4.010162353515625,15.295429229736328
2013-02-26,6.24367618560791,6.738541126251221,3.960477113723755,15.602359771728516
2013-02-27,6.279562950134277,6.763901233673096,3.9770381450653076,15.772879600524902
2013-02-28,6.33696985244751,6.8400115966796875,3.9297215938568115,16.113914489746094
2013-03-01,6.408738136291504,6.872227191925049,3.9983303546905518,15.666305541992188
2013-03-04,6.486056804656982,6.8429365158081055,3.903696060180664,15.193120956420898
2013-03-05,6.5022172927856445,6.837085723876953,3.917891502380371,15.11212158203125
2013-03-06,6.49323844909668,7.029025077819824,4.270406246185303,15.943399429321289
2013-03-07,6.559661865234375,7.07442045211792,4.483336925506592,15.9348726272583
2013-03-08,6.6566057205200195,7.283656120300293,4.346114635467529,15.491518020629883
2013-03-11,6.6566057205200195,7.244181156158447,4.478604793548584,15.63219928741455
2013-03-12,6.604544639587402,7.135614395141602,4.433652400970459,15.47021198272705
2013-03-13,6.626083850860596,7.1257452964782715,4.436018466949463,14.860608100891113
2013-03-14,6.604544639587402,7.017186641693115,4.563775539398193,14.920291900634766
2013-03-15,6.649419784545898,7.023103713989258,4.516458034515381,14.805191040039062
2013-03-18,6.52734375,7.1553521156311035,4.542483329772949,14.920291900634766
2013-03-19,6.444769859313965,7.070476531982422,4.518824100494385,14.31495475769043
2013-03-20,6.5022172927856445,7.131666660308838,4.459677219390869,14.643199920654297
2013-03-21,6.442975044250488,7.052712917327881,4.383968353271484,14.766824722290039
2013-03-22,6.4322052001953125,6.9658637046813965,4.407627582550049,14.796666145324707
2013-03-25,6.340646743774414,6.908616065979004,4.398165225982666,14.600567817687988
2013-03-26,6.441536903381348,6.981652736663818,4.398165225982666,14.685831069946289
2013-03-27,6.5817413330078125,6.997438907623291,4.357944488525391,14.975707054138184
2013-03-28,6.5817413330078125,6.997438907623291,4.357944488525391,14.975707054138184
2013-04-01,6.6706037521362305,6.988560199737549,4.265675067901611,14.493996620178223
2013-04-02,6.599605560302734,6.864150524139404,4.1876020431518555,14.174278259277344
2013-04-03,6.678648471832275,6.875997066497803,4.258577346801758,15.069490432739258
2013-04-04,6.5482354164123535,6.6805033683776855,4.189967155456543,14.574990272521973
2013-04-05,6.5818281173706055,6.678524017333984,4.2112603187561035,14.7327241897583
2013-04-08,6.453393936157227,6.674575328826904,4.109526634216309,14.792402267456055
2013-04-09,6.660866737365723,6.832550525665283,4.294064998626709,15.427578926086426
2013-04-10,6.816964149475098,6.935237407684326,4.357944488525391,14.920291900634766
2013-04-11,6.809059143066406,6.960907936096191,4.25621223449707,14.553677558898926
2013-04-12,6.757682800292969,6.832550525665283,4.249115467071533,14.741246223449707
2013-04-15,6.556140422821045,6.684452056884766,4.0764031410217285,13.837503433227539
2013-04-16,6.676671981811523,6.852302074432373,4.1876020431518555,14.152962684631348
2013-04-17,6.4316582679748535,6.684452056884766,4.062209606170654,13.901824951171875
2013-04-18,6.30914831161499,6.455383777618408,4.215992450714111,13.661989212036133
2013-04-19,6.382256031036377,6.597560405731201,4.350846290588379,13.747644424438477
2013-04-22,6.358548641204834,6.56398868560791,4.44548225402832,13.871841430664062
2013-04-23,6.4316582679748535,6.605461120605469,4.523556232452393,14.304404258728027
2013-04-24,6.419804573059082,6.6528544425964355,4.599263668060303,14.381494522094727
2013-04-25,6.370404243469238,6.648900032043457,4.5353851318359375,14.608480453491211
2013-04-26,6.370404243469238,6.648900032043457,4.5353851318359375,14.608480453491211
2013-04-29,6.301245212554932,6.4771013259887695,4.83112096786499,14.390058517456055
2013-04-30,6.510693073272705,6.646928310394287,4.941813945770264,14.685569763183594
2013-05-02,6.498839855194092,6.566916465759277,4.981171131134033,14.342945098876953
2013-05-03,6.485133171081543,6.657797813415527,4.912294864654541,14.475714683532715
2013-05-06,6.425820827484131,6.647912979125977,5.000848770141602,14.488564491271973
2013-05-07,6.603764057159424,6.84350061416626,5.0721845626831055,14.925402641296387
2013-05-08,6.663081169128418,6.914623737335205,4.991011142730713,14.972513198852539
2013-05-09,6.65319299697876,6.914623737335205,4.99346923828125,15.053884506225586
2013-05-10,6.625517845153809,6.849428176879883,4.909835338592529,14.66415786743164
2013-05-13,6.465366840362549,6.71903657913208,4.794221878051758,14.321532249450684
2013-05-14,6.5543389320373535,6.819796562194824,4.808981895446777,14.043153762817383
2013-05-15,6.603764057159424,6.934381008148193,4.813900470733643,13.747644424438477
2013-05-16,6.61760950088501,6.869185447692871,4.858178615570068,13.42643928527832
2013-05-17,6.7401933670043945,6.940301895141602,4.892614841461182,13.606311798095703
2013-05-20,6.870682716369629,6.383185386657715,4.968871116638184,14.085982322692871
2013-05-21,6.90627384185791,7.1345109939575195,4.981171131134033,14.19733715057373
2013-05-22,6.931975841522217,7.227949619293213,4.899994850158691,13.970349311828613
2013-05-23,6.837074279785156,7.167108535766602,4.885235786437988,13.709099769592285
2013-05-24,6.785667896270752,7.145373344421387,4.941813945770264,13.576332092285156
2013-05-27,6.761940956115723,7.114946365356445,4.902453422546387,13.640576362609863
2013-05-28,6.801486015319824,7.138850212097168,4.929513454437256,13.40502643585205
2013-05-29,6.655177593231201,6.965000152587891,4.882776737213135,13.297953605651855
2013-05-31,6.78764533996582,7.036712646484375,4.9344329833984375,13.040990829467773
2013-06-03,6.591902732849121,6.983449459075928,4.991011142730713,13.533506393432617
2013-06-04,6.5069708824157715,7.0182342529296875,4.936892032623291,13.704815864562988
2013-06-05,6.322980880737305,6.774724006652832,4.777003765106201,13.242278099060059
2013-06-06,6.326937675476074,6.837779998779297,4.786841869354248,13.396458625793457
2013-06-07,6.1746015548706055,6.7942938804626465,4.63433313369751,13.1780366897583
2013-06-10,6.305174827575684,6.781253337860107,4.644171714782715,13.045273780822754
2013-06-11,6.063809394836426,6.559481620788574,4.558077335357666,12.724066734313965
2013-06-12,6.044022083282471,6.5442657470703125,4.457223892211914,12.587017059326172
2013-06-13,5.960930347442627,6.526872158050537,4.62449312210083,13.229433059692383
2013-06-14,5.862011432647705,6.387723922729492,4.513801097869873,12.882527351379395
2013-06-17,5.889710426330566,6.422509670257568,4.449845314025879,13.019574165344238
2013-06-18,5.846187591552734,6.383382320404053,4.385889053344727,13.289390563964844
2013-06-19,5.719566345214844,6.305107593536377,4.23091983795166,13.152342796325684
2013-06-20,5.7314372062683105,6.376850605010986,4.154665470123291,13.255126953125
2013-06-21,5.618670463562012,6.209440231323242,4.03659200668335,13.040990829467773
2013-06-24,5.509854793548584,6.000720500946045,3.9136009216308594,12.372880935668945
2013-06-25,5.555355548858643,6.0246381759643555,3.960336923599243,12.591301918029785
2013-06-26,5.590969085693359,6.055074214935303,3.9726357460021973,12.184440612792969
2013-06-27,5.6067986488342285,6.176829814910889,4.029212951660156,12.184440612792969
2013-06-28,5.729777812957764,6.250751495361328,3.9775562286376953,12.381443977355957
2013-07-01,5.739741325378418,6.199631690979004,3.9652576446533203,12.629847526550293
2013-07-02,5.448698997497559,5.93207311630249,3.785688877105713,12.205856323242188
2013-07-03,5.404824733734131,5.864631652832031,3.9111409187316895,12.158742904663086
2013-07-04,5.396846294403076,5.938595771789551,3.9258992671966553,12.621281623840332
2013-07-05,5.209371566772461,5.829829692840576,3.7266530990600586,12.291508674621582
2013-07-08,5.213360786437988,5.849405288696289,3.68975567817688,12.154462814331055
2013-07-10,5.211368560791016,5.871160507202148,3.751250743865967,12.441401481628418
2013-07-11,5.458672046661377,6.019082069396973,3.876703977584839,13.053841590881348
2013-07-12,5.444709777832031,5.955997467041016,3.7955288887023926,12.779740333557129
2013-07-15,5.59030294418335,6.064762115478516,3.8127474784851074,12.903944969177246
2013-07-16,5.5703606605529785,6.099568843841553,3.8742432594299316,13.375041961669922
2013-07-17,5.703982830047607,6.177881240844727,3.9504969120025635,13.6362943649292
2013-07-18,5.628199577331543,6.186577796936035,3.960336923599243,13.554922103881836
2013-07-19,5.538446426391602,6.188756465911865,3.9308197498321533,13.246561050415039
2013-07-22,5.741876602172852,6.290991306304932,4.009533882141113,13.45213508605957
2013-07-23,5.823646545410156,6.375833511352539,4.03659200668335,13.713385581970215
2013-07-24,5.73789119720459,6.299698352813721,4.031672954559326,13.666269302368164
2013-07-25,5.749853134155273,6.308396339416504,4.142364978790283,13.816167831420898
2013-07-26,5.749853134155273,6.308396339416504,4.142364978790283,13.816167831420898
2013-07-29,5.636172294616699,6.306220054626465,4.10300874710083,13.6362943649292
2013-07-30,5.614238262176514,6.356250762939453,4.048891544342041,13.302240371704102
2013-07-31,5.524489879608154,6.334501266479492,4.007074356079102,13.285109519958496
2013-08-01,5.672072410583496,6.544524192810059,4.166964530944824,13.417872428894043
2013-08-02,5.628307342529297,6.507529258728027,4.13498592376709,13.383610725402832
2013-08-05,5.512547492980957,6.405232906341553,4.09562873840332,13.512096405029297
2013-08-06,5.400776386260986,6.257236003875732,4.004615306854248,13.409307479858398
2013-08-07,5.416743755340576,6.245676040649414,3.997234344482422,13.704815864562988
2013-08-08,5.592377662658691,6.425881862640381,4.09562873840332,14.210182189941406
2013-08-09,5.650259494781494,6.456655502319336,4.20140266418457,14.882575988769531
2013-08-12,5.7480549812316895,6.6258697509765625,4.083329677581787,15.203779220581055
2013-08-13,5.877788543701172,6.672019958496094,4.0267534255981445,15.25089168548584
2013-08-14,5.817911624908447,6.606091499328613,4.169424533843994,15.32369613647461
2013-08-15,5.742071151733398,6.551148891448975,4.385889053344727,15.482162475585938
2013-08-16,5.6881818771362305,6.417092323303223,4.37359094619751,15.674883842468262
2013-08-19,5.678199291229248,6.359949111938477,4.385889053344727,15.593511581420898
2013-08-20,5.602358341217041,6.291830062866211,4.213700294494629,15.152382850646973
2013-08-21,5.508551597595215,6.245676040649414,4.2653584480285645,14.993926048278809
2013-08-22,5.488593101501465,6.2500691413879395,4.491662502288818,15.529267311096191
2013-08-23,5.59836483001709,6.4632439613342285,4.562997817993164,15.469311714172363
2013-08-26,5.530509948730469,6.353365898132324,4.4744439125061035,15.375093460083008
2013-08-27,5.368843078613281,6.175354480743408,4.292415142059326,15.105279922485352
2013-08-28,5.3389081954956055,6.197333812713623,4.221080303192139,14.921122550964355
2013-08-29,5.428715705871582,6.247872352600098,4.157124042510986,14.56993293762207
2013-08-30,5.54048490524292,6.375340461730957,4.179264068603516,14.70698356628418
2013-09-02,5.584395408630371,6.4423980712890625,4.157124042510986,15.255173683166504
2013-09-03,5.522617816925049,6.378636837005615,4.127607345581055,15.353675842285156
2013-09-04,5.550578594207764,6.394029140472412,4.144825458526611,15.41791820526123
2013-09-05,5.614495754241943,6.462190628051758,4.3145551681518555,15.413640022277832
2013-09-06,5.722352504730225,6.5941162109375,4.368670463562012,15.375093460083008
2013-09-09,5.890125751495361,6.778820037841797,4.469524383544922,15.824786186218262
2013-09-10,5.962034225463867,6.827186584472656,4.511341571807861,16.21023178100586
2013-09-11,6.019950866699219,6.794201374053955,4.489201545715332,15.90615463256836
2013-09-12,5.904108047485352,6.778820037841797,4.390809059143066,15.824786186218262
2013-09-13,5.952043056488037,6.877756595611572,4.459683418273926,15.632057189941406
2013-09-16,5.978005409240723,6.8359832763671875,4.538398742675781,15.58495044708252
2013-09-17,6.039927005767822,6.945918560028076,4.558077335357666,15.627771377563477
2013-09-18,6.239660263061523,7.1460041999816895,4.649092674255371,15.644906044006348
2013-09-19,6.265622615814209,7.102030277252197,4.713048934936523,15.58066463470459
2013-09-20,6.109834671020508,6.886551856994629,4.658932209014893,15.319416046142578
2013-09-23,6.141788482666016,6.948123931884766,4.710587501525879,15.422200202941895
2013-09-24,6.141788482666016,6.921735763549805,4.617115020751953,15.182364463806152
2013-09-25,6.171748638153076,6.9283294677734375,4.62449312210083,15.310851097106934
2013-09-26,6.1697540283203125,6.926131248474121,4.572836399078369,15.41791820526123
2013-09-27,6.317552089691162,7.080048084259033,4.545779705047607,15.058168411254883
2013-09-30,6.067887783050537,6.9129414558410645,4.516260623931885,14.75837516784668
2013-10-01,6.149782180786133,6.98443078994751,4.590055465698242,14.775506019592285
2013-10-02,6.165909767150879,6.955833911895752,4.619573593139648,14.779786109924316
2013-10-03,6.145920276641846,6.9734344482421875,4.560537815093994,14.578498840332031
2013-10-04,6.115942478179932,6.98443078994751,4.59251594543457,14.728395462036133
2013-10-07,6.145920276641846,6.953638553619385,4.580216884613037,14.59991455078125
2013-10-08,6.137923240661621,6.929436683654785,4.503962516784668,14.394338607788086
2013-10-09,6.2398576736450195,7.004227638244629,4.444925308227539,14.218749046325684
2013-10-10,6.325802326202393,7.127420902252197,4.464603424072266,14.32581615447998
2013-10-11,6.305816173553467,7.059228897094727,4.452305793762207,14.462865829467773
2013-10-14,6.443723678588867,7.109818458557129,4.4941229820251465,15.13525390625
2013-10-15,6.459712028503418,7.138421535491943,4.531020164489746,15.2594575881958
2013-10-16,6.5156755447387695,7.219812393188477,4.513801097869873,15.178085327148438
2013-10-17,6.54965353012085,7.28140926361084,4.479362964630127,15.516422271728516
2013-10-18,6.595621109008789,7.461795330047607,4.4129486083984375,15.364407539367676
2013-10-21,6.5156755447387695,7.393601894378662,4.644171714782715,15.557890892028809
2013-10-22,6.609611988067627,7.433195114135742,4.562997817993164,15.782156944274902
2013-10-23,6.475701332092285,7.332003593444824,4.508880615234375,15.412775039672852
2013-10-24,6.469708442687988,7.296805381774902,4.486742973327637,15.412775039672852
2013-10-25,6.427736282348633,7.2594122886657715,4.548238754272461,15.421573638916016
2013-10-28,6.423736572265625,7.345203399658203,4.892614841461182,15.527113914489746
2013-10-29,6.493690490722656,7.613583564758301,4.845879077911377,15.45235824584961
2013-10-30,6.467712879180908,7.587187767028809,4.907375335693359,15.39958667755127
2013-10-31,6.437728404998779,7.606983661651611,4.991011142730713,15.720593452453613
2013-11-01,6.443723678588867,7.537653923034668,4.885235786437988,16.22629165649414
2013-11-04,6.599859714508057,7.594878196716309,4.973790645599365,16.666027069091797
2013-11-05,6.511862754821777,7.469430923461914,4.981171131134033,16.635242462158203
2013-11-06,6.439868927001953,7.37919807434082,5.020527362823486,16.916677474975586
2013-11-07,6.383863925933838,7.269164085388184,4.919673442840576,16.371400833129883
2013-11-08,6.155871868133545,7.077693939208984,4.831120014190674,16.16033363342285
2013-11-11,6.149871349334717,7.10850191116333,4.941813945770264,16.2482852935791
2013-11-12,6.099870681762695,7.097498416900635,4.808981895446777,15.73818588256836
2013-11-13,6.181867599487305,7.240549564361572,4.9049153327941895,15.62385082244873
2013-11-14,6.297869682312012,7.39460563659668,5.030367374420166,15.777762413024902
2013-11-18,6.333865642547607,7.495838642120361,5.273889541625977,15.940464973449707
2013-11-19,6.12587308883667,7.295572280883789,5.192716121673584,15.654633522033691
2013-11-21,6.099870681762695,7.220744609832764,5.1410603523254395,15.39958667755127
2013-11-22,6.059868335723877,7.112907886505127,5.0844831466674805,15.535908699035645
2013-11-25,6.005880832672119,7.007267951965332,5.008228302001953,15.236886024475098
2013-11-26,5.97987174987793,7.042482852935791,4.693368434906006,14.74877643585205
2013-11-27,6.119872093200684,7.22954797744751,4.666310787200928,15.056591987609863
2013-11-28,6.139870643615723,7.16352653503418,4.590055465698242,15.478740692138672
2013-11-29,6.199869632720947,7.2493577003479,4.7032084465026855,15.773362159729004
2013-12-02,6.061872482299805,7.094128608703613,4.27027702331543,15.571081161499023
2013-12-03,5.925920486450195,6.935601234436035,4.3071746826171875,15.425971031188965
2013-12-04,5.847869873046875,6.906981945037842,4.294875621795654,15.58867359161377
2013-12-05,5.807846546173096,6.847531318664551,4.33669376373291,15.667827606201172
2013-12-06,5.803842544555664,6.9201884269714355,4.238299369812012,15.637042999267578
2013-12-09,5.831864356994629,6.986241340637207,4.292415142059326,15.628249168395996
2013-12-10,5.76181173324585,6.942205905914307,4.255517482757568,15.575479507446289
2013-12-11,5.635728359222412,6.757259368896484,4.127607345581055,15.258872032165527
2013-12-12,5.6837639808654785,6.814501762390137,4.147285461425781,15.192910194396973
2013-12-13,5.709780693054199,6.8409318923950195,4.235838890075684,15.021413803100586
2013-12-16,5.747807502746582,6.862943649291992,4.2653584480285645,15.12255573272705
2013-12-17,5.739800930023193,6.871750354766846,4.1325249671936035,15.069784164428711
2013-12-18,5.771818161010742,6.913583278656006,4.142364978790283,15.113758087158203
2013-12-19,5.871891975402832,7.067710876464844,4.243218898773193,15.43916130065918
2013-12-20,5.77982759475708,6.900373458862305,4.159584045410156,15.148938179016113
2013-12-23,5.74179744720459,6.974305629730225,4.196481227874756,15.197309494018555
2013-12-26,5.815728664398193,7.023063659667969,4.162044048309326,15.263267517089844
2013-12-27,5.852203845977783,7.003116607666016,4.16450309753418,15.610658645629883
2013-12-30,5.894757270812988,7.107276439666748,4.20140266418457,15.7030029296875
2014-01-02,5.819783687591553,6.988650321960449,4.120226860046387,15.307241439819336
2014-01-03,5.797492027282715,6.975351810455322,4.058731555938721,14.977439880371094
2014-01-06,5.846124649047852,6.9864397048950195,4.088250160217285,14.990630149841309
2014-01-07,5.718460559844971,6.933226585388184,3.9750962257385254,14.621251106262207
2014-01-08,5.7144083976745605,7.0418620109558105,3.982475996017456,14.722392082214355
2014-01-09,5.5502705574035645,6.822364330291748,3.861943483352661,14.199108123779297
2014-01-10,5.596882343292236,6.855620861053467,3.9283597469329834,14.181516647338867
2014-01-13,5.556347846984863,6.824581146240234,3.8791627883911133,14.08917236328125
2014-01-14,5.607006549835205,6.926568984985352,3.861943483352661,14.080375671386719
2014-01-15,5.639432907104492,6.928788185119629,3.9455790519714355,14.269465446472168
2014-01-16,5.558377742767334,6.784672260284424,3.834886312484741,14.436564445495605
2014-01-17,5.503665924072266,6.651631832122803,3.8152077198028564,14.287053108215332
2014-01-20,5.4712419509887695,6.598425388336182,3.734032392501831,13.979239463806152
2014-01-21,5.534063339233398,6.691547393798828,3.7733891010284424,13.667023658752441
2014-01-22,5.570534706115723,6.70706844329834,3.8963820934295654,13.988032341003418
2014-01-23,5.4448981285095215,6.57403564453125,3.8053665161132812,13.601059913635254
2014-01-24,5.337501049041748,6.487565994262695,3.7143537998199463,13.741780281066895
2014-01-27,5.363842010498047,6.618377685546875,3.716813325881958,13.684611320495605
2014-01-28,5.3678975105285645,6.664941310882568,3.702054738998413,13.961645126342773
2014-01-29,5.244283676147461,6.538559913635254,3.640559196472168,14.555292129516602
2014-01-30,5.211867332458496,6.54521369934082,3.6159605979919434,14.291449546813965
2014-01-31,5.301024913787842,6.709285259246826,3.6159605979919434,14.533308029174805
2014-02-03,5.114598751068115,6.632756233215332,3.406874895095825,14.128748893737793
2014-02-04,5.238450050354004,6.954410552978516,3.465911388397217,14.36620044708252
2014-02-05,5.2161455154418945,6.921131134033203,3.4019546508789062,14.73118782043457
2014-02-06,5.319574356079102,7.0653228759765625,3.495429515838623,15.065386772155762
2014-02-07,5.3946099281311035,7.060892581939697,3.554464817047119,14.973040580749512
2014-02-10,5.299293518066406,7.04979944229126,3.5938220024108887,14.792747497558594
2014-02-11,5.3946099281311035,7.063106536865234,3.6799163818359375,15.166525840759277
2014-02-12,5.368244647979736,6.987680435180664,3.6799163818359375,15.153334617614746
2014-02-13,5.354048252105713,6.956627368927002,3.5938220024108887,15.091772079467773
2014-02-14,5.414891719818115,7.00986909866333,3.586442232131958,15.320436477661133
2014-02-17,5.37838888168335,6.921131134033203,3.5495452880859375,15.166525840759277
2014-02-18,5.354048252105713,6.878987789154053,3.4708292484283447,15.201703071594238
2014-02-19,5.46559476852417,7.01744270324707,3.492968797683716,15.355609893798828
2014-02-20,5.416922569274902,7.008412837982178,3.4831302165985107,15.17972183227539
2014-02-21,5.530492782592773,7.01744270324707,3.4806692600250244,15.2192964553833
2014-02-24,5.595386028289795,7.055800437927246,3.5667643547058105,14.805943489074707
2014-02-25,5.46559476852417,7.008412837982178,3.4880495071411133,14.295849800109863
2014-02-26,5.449367046356201,6.981337070465088,3.369976282119751,14.300243377685547
2014-02-27,5.5629377365112305,7.091896057128906,3.4536101818084717,14.51571273803711
2014-02-28,5.538602352142334,7.042257308959961,3.3429179191589355,14.51131820678711
2014-03-05,5.4696502685546875,6.937285423278809,3.269122838973999,14.005619049072266
2014-03-06,5.6828999519348145,7.129170894622803,3.303561210632324,13.961645126342773
2014-03-07,5.609832763671875,6.9869489669799805,3.276503324508667,13.433961868286133
2014-03-10,5.475879192352295,6.8966498374938965,3.2002487182617188,13.209697723388672
2014-03-11,5.502263069152832,6.971147060394287,3.224846363067627,12.99422836303711
2014-03-12,5.536765098571777,6.885365009307861,3.276503324508667,13.240478515625
2014-03-13,5.41904878616333,6.792801380157471,3.2051680088043213,12.884292602539062
2014-03-14,5.352076530456543,6.61220645904541,3.143671751022339,12.866701126098633
2014-03-17,5.465734004974365,6.749911308288574,3.092015266418457,12.888688087463379
2014-03-18,5.5306806564331055,6.876333713531494,3.1904091835021973,13.108558654785156
2014-03-19,5.585477828979492,6.907942771911621,3.2814228534698486,13.020610809326172
2014-03-20,5.743785858154297,7.052421569824219,3.441312074661255,13.139337539672852
2014-03-21,5.733640193939209,7.079506874084473,3.4486920833587646,13.381193161010742
2014-03-24,5.906156063079834,7.284938335418701,3.5470845699310303,13.447153091430664
2014-03-25,5.859475135803223,7.32557487487793,3.561843156814575,13.552692413330078
2014-03-26,5.989367961883545,7.388785362243652,3.5421648025512695,13.398781776428223
2014-03-27,6.216689109802246,7.549068450927734,3.829965591430664,13.680217742919922
2014-03-28,6.230892181396484,7.503918170928955,3.852105140686035,13.63624095916748
2014-03-31,6.330345153808594,7.648396968841553,3.881621837615967,13.816534042358398
2014-04-01,6.393258571624756,7.712761402130127,3.8890020847320557,13.790151596069336
2014-04-02,6.559939384460449,7.961197376251221,3.8275070190429688,14.304638862609863
2014-04-03,6.525416851043701,7.868606090545654,4.047647953033447,14.471742630004883
2014-04-04,6.448237895965576,7.755671501159668,4.058162212371826,14.28265380859375
2014-04-07,6.708199501037598,7.931835174560547,4.326251983642578,14.66082763671875
2014-04-08,6.576183795928955,7.816659927368164,4.202721118927002,14.625656127929688
2014-04-09,6.521348476409912,7.712761402130127,4.165924549102783,14.502521514892578
2014-04-10,6.564002513885498,7.79633092880249,4.121242046356201,14.423375129699707
2014-04-11,6.736632823944092,7.981525421142578,4.2552876472473145,14.498125076293945
2014-04-14,6.653364181518555,7.87989616394043,4.18695068359375,14.405781745910645
2014-04-15,6.590402126312256,7.690177917480469,4.026620864868164,13.989315032958984
2014-04-16,6.6675825119018555,7.830207824707031,4.147524833679199,14.052614212036133
2014-04-17,6.789436340332031,8.02895736694336,4.305225849151611,14.310333251953125
2014-04-22,6.767096519470215,8.085421562194824,4.194835186004639,13.885320663452148
2014-04-23,6.716318607330322,8.06960678100586,4.21586275100708,13.695426940917969
2014-04-24,6.823963642120361,8.243510246276855,4.2395172119140625,13.921491622924805
2014-04-25,6.809747695922852,8.32255744934082,4.2132344245910645,13.708982467651367
2014-04-28,6.7610063552856445,8.306750297546387,4.352536201477051,13.378920555114746
2014-04-29,6.813807964324951,8.311262130737305,4.386704921722412,13.464826583862305
2014-04-30,6.746787071228027,8.304488182067871,4.352536201477051,13.36083698272705
2014-05-02,6.86458158493042,8.461522102355957,4.6521687507629395,13.654727935791016
2014-05-05,6.97243070602417,8.551895141601562,4.6179986000061035,13.614033699035645
2014-05-06,7.023236274719238,8.472816467285156,4.794097900390625,13.482913970947266
2014-05-07,7.106554985046387,8.53156566619873,4.883460998535156,13.550731658935547
2014-05-08,7.027292728424072,8.4005126953125,4.6994781494140625,13.324665069580078
2014-05-09,6.968367099761963,8.325953483581543,4.644282341003418,13.211627960205078
2014-05-12,7.094359397888184,8.486370086669922,4.738903045654297,13.835587501525879
2014-05-13,7.059813499450684,8.434407234191895,4.720504283905029,13.858194351196289
2014-05-14,7.177682399749756,8.470560073852539,4.807239055633545,14.192778587341309
2014-05-15,7.0862321853637695,8.40729808807373,4.738903045654297,14.061656951904297
2014-05-16,7.122813701629639,8.490893363952637,4.733647346496582,13.745155334472656
2014-05-19,7.011040687561035,8.436661720275879,4.7152485847473145,13.324665069580078
2014-05-20,6.885046482086182,8.28754711151123,4.547033786773682,13.048852920532227
2014-05-21,6.710277557373047,8.111308097839355,4.589087009429932,13.062422752380371
2014-05-22,6.779374122619629,8.210724830627441,4.646909713745117,13.265883445739746
2014-05-23,6.671668529510498,8.086459159851074,4.6521687507629395,13.229711532592773
2014-05-26,6.645244598388672,8.061606407165527,4.6942219734191895,13.383442878723145
2014-05-27,6.54364013671875,8.066122055053711,4.5969719886779785,13.152849197387695
2014-05-28,6.610701084136963,8.212984085083008,4.6521687507629395,13.152849197387695
2014-05-29,6.539569854736328,8.088719367980957,4.547033786773682,13.265883445739746
2014-05-30,6.342451095581055,7.862781047821045,4.386704921722412,12.867999076843262
2014-06-02,6.350579738616943,7.915895462036133,4.349907398223877,13.175454139709473
2014-06-03,6.405628681182861,7.963362693786621,4.44189977645874,13.044332504272461
2014-06-04,6.350720405578613,7.872946262359619,4.363049507141113,13.075983047485352
2014-06-05,6.3019185066223145,7.768969535827637,4.289454936981201,13.01268196105957
2014-06-06,6.608983039855957,8.115713119506836,4.646909713745117,13.279448509216309
2014-06-09,6.787933826446533,8.421539306640625,4.749416828155518,13.397004127502441
2014-06-10,6.924180030822754,8.399165153503418,4.907116889953613,13.311098098754883
2014-06-11,6.99941873550415,8.57321548461914,4.962311267852783,13.401527404785156
2014-06-13,6.983152389526367,8.525979042053223,4.9912238121032715,12.931297302246094
2014-06-16,6.977049827575684,8.468783378601074,4.925513744354248,12.849912643432617
2014-06-17,6.883511066436768,8.356893539428711,4.815124034881592,12.863478660583496
2014-06-18,7.003489971160889,8.471269607543945,4.993852615356445,13.044332504272461
2014-06-20,6.9851861000061035,8.346953392028809,4.9150004386901855,13.008161544799805
2014-06-23,6.928249359130859,8.284794807434082,4.809867858886719,13.161890983581543
2014-06-24,6.9933247566223145,8.29970645904541,4.636396408081055,12.981033325195312
2014-06-25,6.714473247528076,8.03614330291748,4.544404983520508,12.958426475524902
2014-06-26,6.7001543045043945,8.008795738220215,4.552290439605713,13.265883445739746
2014-06-27,6.626506328582764,7.98392915725708,4.520749568939209,13.139283180236816
2014-06-30,6.556946754455566,7.944145202636719,4.544404983520508,13.220669746398926
2014-07-01,6.550808906555176,7.980217933654785,4.518121719360352,13.406048774719238
2014-07-02,6.536622047424316,7.850865840911865,4.4997239112854,13.7632417678833
2014-07-03,6.649214744567871,7.908078670501709,4.604857444763184,14.034524917602539
2014-07-04,6.6819682121276855,7.903106212615967,4.599601745605469,14.115913391113281
2014-07-07,6.61646032333374,7.910567283630371,4.552290439605713,13.92601203918457
2014-07-08,6.56118631362915,7.893153667449951,4.55491828918457,13.930533409118652
2014-07-10,6.755667209625244,8.258830070495605,4.75993013381958,13.92601203918457
2014-07-11,6.798659324645996,8.246390342712402,4.794097900390625,13.885320663452148
2014-07-14,7.042273998260498,8.440427780151367,5.020134925842285,13.953142166137695
2014-07-15,7.1057329177856445,8.542412757873535,5.062189102172852,14.043572425842285
2014-07-16,6.8723554611206055,8.321017265319824,5.075329780578613,14.432414054870605
2014-07-17,6.841651439666748,8.333454132080078,5.141039848327637,14.233470916748047
2014-07-18,7.169195175170898,8.74141788482666,5.393362045288086,14.219907760620117
2014-07-21,7.2531280517578125,8.81605052947998,5.503750801086426,14.269643783569336
2014-07-22,7.201953887939453,8.798640251159668,5.532663345336914,14.409808158874512
2014-07-23,7.20604133605957,8.801128387451172,5.322396278381348,14.346506118774414
2014-07-24,7.287932872772217,8.930474281311035,5.338164806365967,14.622314453125
2014-07-25,7.226518154144287,8.893165588378906,5.3854756355285645,14.640400886535645
2014-07-28,7.152820110321045,8.833464622497559,5.296112060546875,14.839341163635254
2014-07-29,7.183525562286377,8.87326717376709,5.1568098068237305,14.884554862976074
2014-07-30,7.146675109863281,8.91555404663086,5.21726131439209,14.568060874938965
2014-07-31,7.085264205932617,8.72649097442627,5.020134925842285,14.717266082763672
2014-08-01,7.165101051330566,8.717787742614746,4.993852615356445,14.364593505859375
2014-08-04,7.271762847900391,8.827296257019043,5.138411045074463,14.53188705444336
2014-08-05,7.189828872680664,8.94674301147461,5.1778364181518555,14.296772003173828
2014-08-06,7.193924427032471,8.909419059753418,5.338164806365967,14.378157615661621
2014-08-07,7.118134021759033,8.8297758102417,5.296112060546875,14.287728309631348
2014-08-08,6.964504241943359,8.710325241088867,5.075329780578613,14.292247772216797
2014-08-11,7.159099578857422,8.86959171295166,5.293483257293701,14.39624309539795
2014-08-12,7.159099578857422,8.844712257385254,5.169951438903809,14.473106384277344
2014-08-13,7.0915069580078125,8.69289779663086,4.912373065948486,14.170173645019531
2014-08-14,7.302487850189209,8.850042343139648,4.888718605041504,13.831063270568848
2014-08-15,7.404908657073975,8.980673789978027,5.27245569229126,14.01644229888916
2014-08-18,7.456113815307617,9.111307144165039,5.361820697784424,14.124955177307129
2014-08-19,7.681437969207764,9.42280101776123,5.4958672523498535,14.12947940826416
2014-08-20,7.722407341003418,9.468025207519531,5.614141464233398,14.364593505859375
2014-08-21,7.824826240539551,9.523283958435059,5.598371505737305,14.269643783569336
2014-08-22,7.701920986175537,9.415267944335938,5.498495101928711,14.183736801147461
2014-08-25,7.9211015701293945,9.648884773254395,5.792867660522461,14.093304634094238
2014-08-26,7.964113235473633,9.714195251464844,5.740301609039307,14.02548599243164
2014-08-27,8.175102233886719,10.008113861083984,6.0031352043151855,13.871755599975586
2014-08-28,8.193533897399902,9.9126615524292,6.0031352043151855,13.26136589050293
2014-08-29,8.427054405212402,10.17390251159668,6.139810562133789,13.202584266662598
2014-09-01,8.33896541595459,10.177685737609863,6.263342380523682,13.089550018310547
2014-09-02,8.515362739562988,10.3636474609375,6.4552106857299805,12.99912166595459
2014-09-03,8.533803939819336,10.328455924987793,6.2948832511901855,13.112156867980957
2014-09-04,8.238694190979004,10.1173677444458,5.989993095397949,12.967470169067383
2014-09-05,8.380104064941406,10.192758560180664,5.9978790283203125,12.773048400878906
2014-09-08,8.146472930908203,9.9288911819458,5.70350456237793,12.705225944519043
2014-09-09,8.037846565246582,9.775599479675293,5.6456804275512695,12.935816764831543
2014-09-10,7.839051723480225,9.670050621032715,5.506380558013916,12.840869903564453
2014-09-11,7.802162170410156,9.654974937438965,5.574716091156006,12.822786331176758
2014-09-12,7.582874774932861,9.308180809020996,5.293483257293701,12.940340995788574
2014-09-15,7.839051723480225,9.544400215148926,5.409130573272705,13.161890983581543
2014-09-16,8.037846565246582,9.790681838989258,5.664078235626221,13.179978370666504
2014-09-17,8.078834533691406,9.833395957946777,5.8138957023620605,13.139283180236816
2014-09-18,7.972268581390381,9.71780776977539,5.5957417488098145,13.152849197387695
2014-09-19,7.787816524505615,9.486610412597656,5.4958672523498535,12.804701805114746
2014-09-22,7.7242865562438965,9.358442306518555,5.411759376525879,12.334465980529785
2014-09-23,7.66075325012207,9.313209533691406,5.2908549308776855,12.456548690795898
2014-09-24,7.72018575668335,9.386085510253906,5.317138671875,12.497239112854004
2014-09-25,7.535738945007324,9.09206485748291,5.214633464813232,12.366121292114258
2014-09-26,7.86775016784668,9.474041938781738,5.503750801086426,12.194303512573242
2014-09-29,7.314398765563965,8.810606002807617,4.888718605041504,11.999884605407715
2014-09-30,7.140199661254883,8.506529808044434,4.754672527313232,12.140047073364258
2014-10-01,6.879920482635498,8.286539077758789,4.4918365478515625,12.13100528717041
2014-10-02,7.097438812255859,8.563101768493652,4.547033786773682,12.48367977142334
2014-10-03,7.245091438293457,8.764222145080566,4.823009967803955,12.298298835754395
2014-10-06,7.7926225662231445,9.234371185302734,5.35919189453125,12.361597061157227
2014-10-07,7.741356372833252,9.249449729919434,5.574716091156006,12.388728141784668
2014-10-08,7.675734996795654,9.128774642944336,5.480096340179443,12.375163078308105
2014-10-09,7.825431823730469,9.244425773620605,5.572089672088623,12.1626558303833
2014-10-10,7.433749198913574,8.862276077270508,5.269827365875244,11.936583518981934
2014-10-13,8.030500411987305,9.553659439086914,5.816522121429443,12.42941951751709
2014-10-14,8.141243934631348,9.641655921936035,5.67722225189209,12.800176620483398
2014-10-15,7.696238040924072,9.209230422973633,5.296112060546875,12.79565715789795
2014-10-16,7.423496723175049,8.965357780456543,4.901859283447266,12.379682540893555
2014-10-17,7.7105937004089355,9.226829528808594,5.017507553100586,12.487990379333496
2014-10-20,7.528082370758057,9.000557899475098,4.709990978240967,12.42700481414795
2014-10-21,7.202024459838867,8.548012733459473,4.44189977645874,12.534904479980469
2014-10-22,7.15690803527832,8.492700576782227,4.365678310394287,12.553665161132812
2014-10-23,6.775479316711426,8.108041763305664,4.076560974121094,12.783535957336426
2014-10-24,6.9538893699646,8.334311485290527,4.368307113647461,12.877359390258789
2014-10-27,6.8780107498168945,8.150778770446777,3.816354751586914,12.41292953491211
2014-10-28,7.208177089691162,8.522870063781738,3.9504008293151855,12.262812614440918
2014-10-29,6.923133373260498,8.276485443115234,3.6849372386932373,11.615426063537598
2014-10-30,7.392739772796631,8.945239067077637,3.763787031173706,11.118157386779785
2014-10-31,7.65317440032959,9.234371185302734,4.016108989715576,11.728015899658203
2014-11-03,7.554738998413086,9.205446243286133,3.903090476989746,11.681103706359863
2014-11-04,7.651321887969971,9.38150405883789,3.895204782485962,11.31049633026123
2014-11-05,7.538470268249512,9.278380393981934,3.7848141193389893,11.258892059326172
2014-11-06,7.376373767852783,8.941352844238281,3.6954503059387207,11.09469985961914
2014-11-07,7.407153129577637,9.092264175415039,3.7506463527679443,11.268274307250977
2014-11-10,7.446138858795166,9.067108154296875,3.674423933029175,10.93050765991211
2014-11-11,7.4912800788879395,9.062080383300781,3.6796815395355225,10.588051795959473
2014-11-12,7.511792182922363,9.129989624023438,3.7085912227630615,10.564595222473145
2014-11-13,7.312765598297119,8.835719108581543,3.5745463371276855,10.53644847869873
2014-11-14,7.337392807006836,8.8784761428833,3.4694132804870605,10.78977108001709
2014-11-17,7.173244953155518,8.81308364868164,3.3117122650146484,10.756936073303223
2014-11-18,7.4953789710998535,9.069626808166504,3.2722866535186768,10.33472728729248
2014-11-19,7.817519187927246,9.434321403503418,3.359023332595825,10.395711898803711
2014-11-21,8.412553787231445,10.055562019348145,3.758530378341675,11.066553115844727
2014-11-24,8.277134895324707,9.846811294555664,3.7348759174346924,11.118157386779785
2014-11-25,8.396142959594727,9.972565650939941,3.7191050052642822,11.240126609802246
2014-11-26,8.30996322631836,9.889572143554688,3.72436261177063,10.808538436889648
2014-11-27,8.154026985168457,9.743690490722656,3.5324926376342773,10.780390739440918
2014-11-28,8.131455421447754,9.73362922668457,3.3747928142547607,10.92581844329834
2014-12-01,7.714929103851318,9.281977653503418,3.2381184101104736,10.381638526916504
2014-12-02,7.604213714599609,9.2039794921875,3.1986937522888184,10.07201862335205
2014-12-03,7.688386917114258,9.281977653503418,3.340623378753662,10.297197341918945
2014-12-04,7.524143695831299,9.14359188079834,3.2249770164489746,10.165843963623047
2014-12-05,7.690436363220215,9.317206382751465,3.201321840286255,10.264357566833496
2014-12-08,7.304477691650391,8.969978332519531,3.0252232551574707,9.935973167419434
2014-12-09,7.474874973297119,9.005208015441895,3.0015676021575928,9.710794448852539
2014-12-10,7.257256984710693,8.86933422088623,2.859637498855591,9.349571228027344
2014-12-11,7.4317626953125,8.969978332519531,2.793928384780884,9.086868286132812
2014-12-12,6.9965338706970215,8.49191951751709,2.678281784057617,8.87106990814209
2014-12-15,6.799448013305664,8.310760498046875,2.3812787532806396,8.767863273620605
2014-12-16,6.834349155426025,8.270500183105469,2.462756872177124,9.077483177185059
2014-12-17,7.168985843658447,8.688178062438965,2.4890410900115967,9.246368408203125
2014-12-18,7.125866889953613,8.622756004333496,2.515324354171753,9.36364459991455
2014-12-19,7.308586120605469,8.756110191345215,2.5836617946624756,10.11893081665039
2014-12-22,7.370173454284668,8.816495895385742,2.7255921363830566,10.025105476379395
2014-12-23,7.48922061920166,8.85675048828125,2.867522954940796,10.423859596252441
2014-12-26,7.330317497253418,8.730951309204102,2.7124505043029785,10.170534133911133
2014-12-29,7.380497455596924,8.756110191345215,2.7019360065460205,10.37225341796875
2014-12-30,7.330317497253418,8.705793380737305,2.63622784614563,10.27843189239502
2015-01-02,7.171422481536865,8.515741348266602,2.460129737854004,9.982885360717773
2015-01-05,7.186213970184326,8.5585298538208,2.2498619556427,9.832765579223633
2015-01-06,7.422612190246582,8.696982383728027,2.1762681007385254,10.226828575134277
2015-01-07,7.717597007751465,9.01163101196289,2.2787742614746094,10.602126121520996
2015-01-08,7.757345676422119,9.152599334716797,2.4259607791900635,10.714713096618652
2015-01-09,7.420523643493652,8.752355575561523,2.4995546340942383,10.484843254089355
2015-01-12,7.288725852966309,8.540907859802246,2.3234548568725586,10.620888710021973
2015-01-13,7.311732769012451,8.530841827392578,2.3891642093658447,10.559903144836426
2015-01-14,7.389142036437988,8.588738441467285,2.3418540954589844,9.710794448852539
2015-01-15,7.313830375671387,8.513225555419922,2.4469873905181885,9.823384284973145
2015-01-16,7.384961128234863,8.644116401672363,2.4811556339263916,10.264357566833496
2015-01-19,7.230148792266846,8.33198356628418,2.4101905822753906,10.15645980834961
2015-01-20,7.20713472366333,8.359670639038086,2.4469873905181885,10.198681831359863
2015-01-21,7.382866859436035,8.606359481811523,2.6020588874816895,10.358180046081543
2015-01-22,7.464455604553223,8.649152755737305,2.6887943744659424,10.27843189239502
2015-01-23,7.399603366851807,8.566081047058105,2.62308669090271,9.62635326385498
2015-01-26,7.518850803375244,8.66677474975586,2.5836617946624756,9.185381889343262
2015-01-27,7.531403541564941,8.634053230285645,2.665140151977539,8.913289070129395
2015-01-28,7.374496936798096,8.457844734191895,2.3944203853607178,8.861687660217285
2015-01-29,7.274076461791992,8.399948120117188,2.2787742614746094,8.467626571655273
2015-01-30,7.056501865386963,8.28164005279541,2.1815247535705566,8.73033332824707
2015-02-02,7.129726409912109,8.391189575195312,2.3103134632110596,9.260438919067383
2015-02-03,7.393636703491211,8.625397682189941,2.6204586029052734,9.790548324584961
2015-02-04,7.57993745803833,8.942712783813477,2.6335997581481934,9.640425682067871
2015-02-05,7.458527088165283,8.867156982421875,2.5836617946624756,9.59351634979248
2015-02-06,7.489929676055908,8.84701156616211,2.3970489501953125,9.579442977905273
2015-02-09,7.567380428314209,8.902412414550781,2.470642328262329,10.128312110900879
2015-02-10,7.409161567687988,8.789088249206543,2.3418540954589844,9.57005786895752
2015-02-11,7.209423065185547,8.640510559082031,2.386536121368408,9.898442268371582
2015-02-12,7.495364665985107,8.867623329162598,2.4837846755981445,10.12362003326416
2015-02-13,7.695095062255859,9.161834716796875,2.63622784614563,10.545832633972168
2015-02-18,7.779196739196777,9.216026306152344,2.638856887817383,10.653728485107422
2015-02-19,7.762379169464111,9.213445663452148,2.552121162414551,10.367562294006348
2015-02-20,7.7812981605529785,9.262476921081543,2.5337228775024414,10.611510276794434
2015-02-23,7.856987476348877,9.352810859680176,2.4969263076782227,10.142386436462402
2015-02-24,7.9431915283203125,9.45088005065918,2.6020588874816895,10.33941650390625
2015-02-25,7.987344264984131,9.474104881286621,2.470642328262329,10.386330604553223
2015-02-26,8.004161834716797,9.520559310913086,2.4259607791900635,9.968811988830566
2015-02-27,7.905350208282471,9.419909477233887,2.5100674629211426,9.968811988830566
2015-03-02,7.798118591308594,9.37730884552002,2.4758992195129395,9.645115852355957
2015-03-03,7.815099716186523,9.449597358703613,2.515324354171753,9.753016471862793
2015-03-04,7.653113842010498,9.366982460021973,2.436474323272705,9.56536865234375
2015-03-05,7.640489101409912,9.28436279296875,2.428589105606079,9.147851943969727
2015-03-06,7.5479326248168945,9.036511421203613,2.431217908859253,9.190071105957031
2015-03-09,7.3312578201293945,8.801557540893555,2.344481945037842,9.166616439819336
2015-03-10,7.087228775024414,8.455584526062012,2.2393481731414795,8.960204124450684
2015-03-11,7.299699783325195,8.742175102233887,2.2971720695495605,8.847615242004395
2015-03-12,7.16927433013916,8.778319358825684,2.2262067794799805,8.847615242004395
2015-03-13,7.080921173095703,8.734427452087402,2.1920382976531982,8.856995582580566
2015-03-16,7.1861042976379395,8.734427452087402,2.2051804065704346,8.866378784179688
2015-03-17,7.467993259429932,8.984870910644531,2.32871150970459,9.326117515563965
2015-03-18,7.762504577636719,9.255963325500488,2.4180760383605957,9.190071105957031
2015-03-19,7.632081985473633,9.19916820526123,2.344481945037842,8.983657836914062
2015-03-20,7.749880790710449,9.276620864868164,2.423333168029785,9.499690055847168
2015-03-23,7.730947017669678,9.21723747253418,2.4522440433502197,9.560675621032715
2015-03-24,7.657324314117432,9.160431861877441,2.4758992195129395,9.185381889343262
2015-03-25,7.661530494689941,9.152694702148438,2.5757761001586914,9.26982307434082
2015-03-26,7.425920486450195,8.894506454467773,2.4522440433502197,8.875761985778809
2015-03-27,7.219760417938232,8.739596366882324,2.460129737854004,8.608360290527344
2015-03-30,7.371224403381348,9.03392219543457,2.552121162414551,8.735023498535156
2015-03-31,7.459578037261963,9.11654281616211,2.538980007171631,8.416025161743164
2015-04-01,7.70192289352417,9.427789688110352,2.696681022644043,8.228373527526855
2015-04-02,7.782494068145752,9.518199920654297,2.809699296951294,8.444170951843262
2015-04-06,7.858271598815918,9.634422302246094,2.814954996109009,8.505154609680176
2015-04-07,7.901212692260742,9.639588356018066,2.8701508045196533,8.913289070129395
2015-04-08,7.898686408996582,9.686086654663086,2.778157949447632,8.79601001739502
2015-04-09,7.757230758666992,9.492365837097168,3.043621301651001,8.819467544555664
2015-04-10,7.7875471115112305,9.56209945678711,3.104074001312256,8.641200065612793
2015-04-13,7.807751178741455,9.48719596862793,3.2249770164489746,8.556758880615234
2015-04-14,7.916370391845703,9.48719596862793,3.2749152183532715,8.79601001739502
2015-04-15,8.002256393432617,9.624095916748047,3.5062096118927,9.014967918395996
2015-04-16,8.004776954650879,9.551777839660645,3.411590099334717,8.753242492675781
2015-04-17,7.767334938049316,9.430371284484863,3.4037046432495117,8.627226829528809
2015-04-20,7.724394798278809,9.272812843322754,3.435244083404541,8.593300819396973
2015-04-22,7.7875471115112305,9.531105995178223,3.41684627532959,9.4269437789917
2015-04-23,7.987096786499023,9.789407730102539,3.382678270339966,10.22181224822998
2015-04-24,8.209381103515625,10.107110023498535,3.4746696949005127,11.244477272033691
2015-04-27,8.055295944213867,9.918548583984375,3.2906861305236816,11.370491027832031
2015-04-28,8.209381103515625,10.019285202026367,3.3563950061798096,10.929437637329102
2015-04-29,7.964360237121582,9.882389068603516,3.3695363998413086,10.231505393981934
2015-04-30,8.128549575805664,9.952130317687988,3.432616949081421,10.977904319763184
2015-05-04,8.168964385986328,10.064532279968262,3.6244852542877197,12.010265350341797
2015-05-05,8.201562881469727,9.966340065002441,3.7927000522613525,13.115323066711426
2015-05-06,7.999362468719482,9.715693473815918,3.6244852542877197,12.082965850830078
2015-05-07,7.969038963317871,9.754450798034668,3.590317726135254,11.574052810668945
2015-05-08,7.999362468719482,9.88365364074707,3.5508921146392822,11.026372909545898
2015-05-11,7.974091529846191,9.837150573730469,3.6192286014556885,11.283248901367188
2015-05-12,7.893213272094727,9.793217658996582,3.6087143421173096,10.822808265686035
2015-05-13,7.81486177444458,9.726036071777344,3.674423933029175,10.468997955322266
2015-05-14,7.994311809539795,9.821639060974121,3.65339732170105,10.338133811950684
2015-05-15,8.133325576782227,10.00510311126709,3.690192937850952,10.3139009475708
2015-05-18,7.926069736480713,9.7389554977417,3.600829601287842,9.809835433959961
2015-05-19,7.855307102203369,9.602005004882812,3.387934684753418,9.75167465209961
2015-05-20,7.632891654968262,9.431459426879883,3.3747928142547607,9.620814323425293
2015-05-21,7.541902542114258,9.317767143249512,3.5430068969726562,9.814682960510254
2015-05-22,7.329591751098633,9.121384620666504,3.435244083404541,9.81952953338623
2015-05-25,7.40541410446167,9.15496826171875,3.372164011001587,9.969778060913086
2015-05-26,7.140037536621094,9.020611763000488,3.256517171859741,10.076407432556152
2015-05-27,7.400357246398926,9.204068183898926,3.295942544937134,10.15395736694336
2015-05-28,7.314431190490723,9.09554672241211,3.3248536586761475,9.955239295959473
2015-05-29,7.127398490905762,8.87074089050293,3.2407474517822266,9.717748641967773
2015-06-01,7.084432601928711,8.809996604919434,3.2486319541931152,9.71290111541748
2015-06-02,7.32697057723999,9.006461143493652,3.3853061199188232,10.34782600402832
2015-06-03,7.129695415496826,8.778970718383789,3.361649990081787,10.12487506866455
2015-06-05,6.977950572967529,8.569581031799316,3.3038275241851807,9.984321594238281
2015-06-08,6.970364093780518,8.533390998840332,3.3038275241851807,9.741982460021973
2015-06-09,6.9298930168151855,8.479100227355957,3.41684627532959,9.683822631835938
2015-06-10,7.1828083992004395,8.727274894714355,3.437872886657715,10.279970169067383
2015-06-11,7.172693252563477,8.67298412322998,3.4431307315826416,10.338133811950684
2015-06-12,7.0310587882995605,8.582500457763672,3.422102451324463,10.255739212036133
2015-06-15,7.00323486328125,8.626446723937988,3.419475555419922,9.858304977416992
2015-06-16,7.160048484802246,8.931493759155273,3.516723394393921,9.572346687316895
2015-06-17,7.008298397064209,8.773799896240234,3.4536428451538086,9.43663501739502
2015-06-18,7.271329879760742,8.990946769714355,3.5351221561431885,9.887384414672852
2015-06-19,7.124638080596924,8.890131950378418,3.4562718868255615,9.848608016967773
2015-06-22,7.19292688369751,8.91597843170166,3.461529016494751,9.543268203735352
2015-06-23,7.287107467651367,9.003875732421875,3.4089620113372803,9.601425170898438
2015-06-24,7.332940101623535,9.034891128540039,3.4746696949005127,9.596579551696777
2015-06-25,7.307476997375488,8.87978744506836,3.3117122650146484,9.363935470581055
2015-06-26,7.414412498474121,8.957345008850098,3.472041368484497,9.5093355178833
2015-06-29,7.215811252593994,8.843599319458008,3.377422571182251,9.30577564239502
2015-06-30,7.23872709274292,8.846185684204102,3.335367202758789,8.86471939086914
2015-07-01,7.215811252593994,8.896614074707031,3.196065664291382,8.77747917175293
2015-07-02,7.3633294105529785,9.01557731628418,3.2460038661956787,8.75809097290039
2015-07-03,7.279244899749756,8.925058364868164,3.0909318923950195,8.569067001342773
2015-07-06,7.136569499969482,8.772477149963379,3.0252232551574707,8.554527282714844
2015-07-07,7.072869777679443,8.806099891662598,3.093559980392456,8.69023609161377
2015-07-08,6.96331262588501,8.705233573913574,3.0120813846588135,8.317035675048828
2015-07-10,7.261414527893066,8.969030380249023,3.104074001312256,8.292802810668945
2015-07-13,7.388804912567139,9.051789283752441,3.0988168716430664,8.966501235961914
2015-07-14,7.434671878814697,9.057997703552246,3.1513831615448,8.636921882629395
2015-07-15,7.398997783660889,8.90152645111084,3.0961883068084717,8.292802810668945
2015-07-16,7.3633294105529785,8.927127838134766,3.1513831615448,8.549680709838867
2015-07-17,7.342945575714111,8.87308120727539,2.9989395141601562,8.45759105682373
2015-07-20,7.200267314910889,8.8190279006958,2.835982084274292,8.38973617553711
2015-07-21,7.108545780181885,8.745060920715332,2.820211887359619,8.506058692932129
2015-07-22,7.019369602203369,8.608513832092285,2.722963333129883,8.38004207611084
2015-07-23,6.7492899894714355,8.250060081481934,2.6598832607269287,8.394584655761719
2015-07-24,6.810441970825195,8.213079452514648,2.63622784614563,8.137704849243164
2015-07-27,6.904712200164795,8.196011543273926,2.4969263076782227,8.123164176940918
2015-07-28,6.976048946380615,8.346782684326172,2.6335997581481934,8.767784118652344
2015-07-29,7.034653186798096,8.429288864135742,2.8123271465301514,8.893797874450684
2015-07-30,6.853756904602051,8.324026107788086,2.7387337684631348,8.45759105682373
2015-07-31,7.00153112411499,8.557305335998535,2.7571325302124023,8.661154747009277
2015-08-03,6.703434944152832,8.51602840423584,2.63622784614563,8.525445938110352
2015-08-04,6.641976356506348,8.311105728149414,2.670396566390991,8.77263069152832
2015-08-05,6.613926887512207,8.296865463256836,2.630971908569336,9.213685989379883
2015-08-06,6.641976356506348,8.265556335449219,2.7177071571350098,9.489952087402344
2015-08-07,6.455846309661865,8.023629188537598,2.5468649864196777,8.927725791931152
2015-08-10,6.539990425109863,8.12894344329834,2.6257145404815674,9.3784761428833
2015-08-11,6.649626731872559,8.111859321594238,2.62308669090271,9.014967918395996
2015-08-12,6.3462138175964355,7.8784685134887695,2.5810327529907227,9.170064926147461
2015-08-13,6.195781230926514,7.695733547210693,2.4969263076782227,8.956807136535645
2015-08-14,6.162635326385498,7.687085151672363,2.444359302520752,8.821098327636719
2015-08-17,6.058094501495361,7.60637903213501,2.4049339294433594,8.729009628295898
2015-08-18,6.180480480194092,7.733200550079346,2.3628807067871094,8.4430513381958
2015-08-19,5.994350910186768,7.574670791625977,2.2971720695495605,8.161940574645996
2015-08-20,5.96120548248291,7.591967582702637,2.284029960632324,8.321882247924805
2015-08-21,5.8949127197265625,7.609264373779297,2.1815247535705566,8.094084739685059
2015-08-24,5.869414806365967,7.453618049621582,2.0737624168395996,7.464005470275879
2015-08-25,5.764880657196045,7.439206600189209,2.063249111175537,7.439773082733154
2015-08-26,6.139684200286865,7.88884162902832,2.136842727661133,7.7063446044921875
2015-08-27,6.3130669593811035,8.168434143066406,2.344481945037842,8.573912620544434
2015-08-28,6.111638069152832,7.934959411621094,2.3707659244537354,8.38973617553711
2015-08-31,5.8770670890808105,7.652496337890625,2.415447473526001,8.685386657714844
2015-09-01,5.708784580230713,7.475131511688232,2.2577474117279053,8.287957191467285
2015-09-02,5.813153266906738,7.651056289672852,2.3181982040405273,8.77747917175293
2015-09-03,5.9586076736450195,7.942328453063965,2.302428722381592,9.077975273132324
2015-09-04,5.705974102020264,7.619329452514648,2.236720323562622,8.840484619140625
2015-09-08,5.838669300079346,7.7029643058776855,2.2708890438079834,9.174911499023438
2015-09-09,5.90756893157959,7.789484024047852,2.2051804065704346,9.237919807434082
2015-09-10,5.779976844787598,7.633747577667236,2.094789505004883,9.664435386657715
2015-09-11,5.716182708740234,7.648166179656982,2.013310432434082,9.4269437789917
2015-09-14,5.971363067626953,7.956748008728027,2.029081106185913,9.281539916992188
2015-09-15,6.0861992835998535,8.152856826782227,2.010683059692383,9.014967918395996
2015-09-16,6.313316345214844,8.288399696350098,2.1394717693328857,9.228226661682129
2015-09-17,6.2954559326171875,8.360501289367676,2.065877914428711,9.446328163146973
2015-09-18,5.953503608703613,8.031733512878418,1.997541069984436,9.649892807006836
2015-09-21,5.769765853881836,7.852929592132568,1.9186906814575195,9.659586906433105
2015-09-22,5.7927327156066895,7.92791223526001,1.8319551944732666,9.43178653717041
2015-09-23,5.596243381500244,7.613565444946289,1.792529821395874,9.160369873046875
2015-09-24,5.662588596343994,7.700078964233398,1.8293269872665405,8.942266464233398
2015-09-25,5.532446384429932,7.512625217437744,1.792529821395874,8.69023609161377
2015-09-28,5.394647598266602,7.506855487823486,1.6926530599594116,8.040770530700684
2015-09-29,5.36147403717041,7.475131511688232,1.7320785522460938,7.987455368041992
2015-09-30,5.466098785400391,7.645289421081543,1.9029200077056885,8.035921096801758
2015-10-01,5.540102005004883,7.756383419036865,1.845096468925476,8.346114158630371
2015-10-02,5.749276638031006,8.070904731750488,2.042222738265991,8.636921882629395
2015-10-05,5.917845726013184,8.241153717041016,2.0553643703460693,8.792016983032227
2015-10-06,5.974038124084473,8.316179275512695,2.1526129245758057,8.874412536621094
2015-10-07,6.1885833740234375,8.5527925491333,2.2262067794799805,9.766216278076172
2015-10-08,6.193687915802002,8.584541320800781,2.2998008728027344,9.72259521484375
2015-10-09,6.127284526824951,8.526820182800293,2.3129420280456543,10.076407432556152
2015-10-13,5.79269552230835,8.070904731750488,2.136842727661133,9.005274772644043
2015-10-14,5.762045860290527,7.995880126953125,2.092161178588867,9.063436508178711
2015-10-15,5.741611003875732,7.863143444061279,2.1026742458343506,9.19429874420166
2015-10-16,5.631788730621338,7.7448344230651855,2.0895330905914307,9.107089042663574
2015-10-19,5.624124050140381,7.929516792297363,2.0895330905914307,8.800551414489746
2015-10-20,5.491312026977539,7.7679219245910645,2.1158158779144287,8.706615447998047
2015-10-21,5.4989752769470215,7.710211753845215,2.036965847015381,8.94393253326416
2015-10-22,5.580705165863037,7.871798515319824,2.10793137550354,9.151585578918457
2015-10-23,5.504079818725586,7.819860935211182,2.100046157836914,9.196084022521973
2015-10-26,5.463219165802002,7.704439163208008,2.063249111175537,8.830216407775879
2015-10-27,5.486204624176025,7.66115665435791,1.997541069984436,8.419855117797852
2015-10-28,5.726288318634033,7.713091850280762,2.0895330905914307,8.192424774169922
2015-10-29,5.373824119567871,7.502446174621582,2.000169038772583,7.979827880859375
2015-10-30,5.363608360290527,7.638066291809082,2.0264527797698975,8.434686660766602
2015-11-03,5.6471147537231445,8.130337715148926,2.228834629058838,8.775832176208496
2015-11-04,5.534369945526123,8.150547981262207,2.123701572418213,8.602787971496582
2015-11-05,5.685196399688721,8.248710632324219,2.1315863132476807,8.380302429199219
2015-11-06,5.603394985198975,8.124570846557617,2.0553643703460693,7.747453689575195
2015-11-09,5.478135108947754,7.91668701171875,2.07901930809021,7.6337385177612305
2015-11-10,5.450016975402832,7.965765476226807,2.000169038772583,7.604072570800781
2015-11-11,5.582945823669434,8.182304382324219,2.029081106185913,7.574409008026123
2015-11-12,5.580386161804199,8.205406188964844,1.992283821105957,7.440917015075684
2015-11-13,5.498584747314453,7.977314472198486,1.9108059406280518,7.599128246307373
2015-11-16,5.544595241546631,8.202522277832031,2.0238239765167236,7.440917015075684
2015-11-17,5.7516608238220215,8.260260581970215,2.0395944118499756,7.178878307342529
2015-11-18,5.797676086425781,8.24005126953125,2.0553643703460693,7.213486671447754
2015-11-19,5.981721878051758,8.46525764465332,2.0606210231781006,7.238206386566162
2015-11-23,5.9229302406311035,8.462367057800293,2.123701572418213,7.045386791229248
2015-11-24,5.882027626037598,8.47391414642334,2.234091281890869,7.154155731201172
2015-11-25,5.595726490020752,8.058161735534668,2.0763914585113525,6.951448440551758
2015-11-26,5.7184247970581055,8.176534652709961,2.0816478729248047,7.01572322845459
2015-11-27,5.508810043334961,7.959994316101074,1.997541069984436,6.5756940841674805
2015-11-30,5.398892402648926,8.023516654968262,2.015939235687256,6.511419773101807
2015-12-01,5.368213653564453,8.08561897277832,1.968629002571106,6.348265171051025
2015-12-02,5.365392684936523,7.828517436981201,1.9765138626098633,6.397706031799316
2015-12-03,5.600788593292236,8.325392723083496,2.0974175930023193,6.363096237182617
2015-12-04,5.524028301239014,8.140507698059082,1.9765138626098633,6.106001853942871
2015-12-07,5.46773624420166,8.079846382141113,1.889778733253479,6.036782741546631
2015-12-08,5.3474836349487305,7.987395763397217,1.874008297920227,5.759912014007568
2015-12-09,5.616137981414795,8.4207181930542,2.010683059692383,5.97251033782959
2015-12-10,5.373070240020752,8.379687309265137,1.958115577697754,6.264213562011719
2015-12-11,5.327014446258545,8.379687309265137,1.9055489301681519,6.036782741546631
2015-12-14,5.232347011566162,8.18183708190918,1.8950355052947998,6.160387992858887
2015-12-15,5.314220428466797,8.234211921691895,1.9502309560775757,6.368040084838867
2015-12-16,5.36027717590332,8.178932189941406,1.9160622358322144,6.550972938537598
2015-12-17,5.476112365722656,8.31859016418457,1.8924070596694946,6.298823833465576
2015-12-18,5.238829135894775,7.835592269897461,1.845096468925476,6.372984409332275
2015-12-21,5.086866855621338,7.690112590789795,1.7452200651168823,6.076336860656738
2015-12-22,5.132186412811279,7.739576816558838,1.7846448421478271,6.204885005950928
2015-12-23,5.172178268432617,7.710481643676758,1.8214420080184937,6.536141395568848
2015-12-28,5.222832202911377,7.681385040283203,1.760990023612976,6.2493815422058105
2015-12-29,5.249497413635254,7.687206745147705,1.7583616971969604,6.288935661315918
2015-12-30,5.140185356140137,7.661014556884766,1.760990023612976,6.442201614379883
2016-01-04,5.0655364990234375,7.316032409667969,1.8056716918945312,6.274102210998535
2016-01-05,5.083944797515869,7.377166748046875,1.7557328939437866,6.190051078796387
2016-01-06,5.0118865966796875,7.348052501678467,1.6821397542953491,5.73519229888916
2016-01-07,4.9104743003845215,7.208310604095459,1.6453430652618408,5.394047260284424
2016-01-08,4.814401149749756,7.211223602294922,1.647971272468567,5.211114406585693
2016-01-11,4.678296089172363,7.126796722412109,1.6006609201431274,5.062788963317871
2016-01-12,4.651607513427734,7.15881872177124,1.4534739255905151,4.652425765991211
2016-01-13,4.5848894119262695,7.048196792602539,1.3851375579833984,4.4497175216674805
2016-01-14,4.723665714263916,7.150086402893066,1.4955272674560547,4.771086692810059
2016-01-15,4.603570938110352,6.963764667510986,1.3588535785675049,4.632650375366211
2016-01-18,4.563539981842041,6.882248878479004,1.261604905128479,4.395333290100098
2016-01-19,4.5955657958984375,6.812378883361816,1.2248082160949707,4.5387115478515625
2016-01-20,4.6062397956848145,6.716310977935791,1.164355754852295,4.553544521331787
2016-01-21,4.539520740509033,6.730861663818359,1.1827545166015625,4.518935203552246
2016-01-22,4.63292932510376,6.794908046722412,1.1590991020202637,4.464549541473389
2016-01-26,4.579552173614502,6.867692947387695,1.103904128074646,4.424997329711914
2016-01-27,4.63559627532959,6.893895149230957,1.2011529207229614,4.652425765991211
2016-01-28,4.6436028480529785,6.940474033355713,1.2090380191802979,4.612874507904053
2016-01-29,4.843758583068848,7.26362419128418,1.2721182107925415,4.805695056915283
2016-02-01,4.9691877365112305,7.419478893280029,1.2405778169631958,4.69692325592041
2016-02-02,4.7685546875,6.886389255523682,1.1301873922348022,4.251953601837158
2016-02-03,4.9983015060424805,7.052436828613281,1.1801260709762573,4.4546613693237305
2016-02-04,5.270793437957764,7.154387950897217,1.2432060241699219,5.112232685089111
2016-02-05,5.217363357543945,7.224303722381592,1.193268060684204,5.057845592498779
2016-02-10,5.276130676269531,7.259254455566406,1.1328158378601074,5.043013572692871
2016-02-11,5.139888286590576,7.043691158294678,1.111789345741272,4.879858016967773
2016-02-12,5.155917644500732,7.099043846130371,1.1696127653121948,5.067734718322754
2016-02-15,5.155917644500732,7.075737476348877,1.2011529207229614,5.1962809562683105
2016-02-16,5.340246200561523,7.247609615325928,1.1669842004776,5.581923007965088
2016-02-17,5.399021148681641,7.326253414154053,1.230064868927002,5.888458728790283
2016-02-18,5.289492607116699,7.177700042724609,1.2064095735549927,5.690695285797119
2016-02-19,5.3108625411987305,7.2627949714660645,1.172240972518921,5.848906517028809
2016-02-22,5.588695049285889,7.556066513061523,1.3246848583221436,6.496588706970215
2016-02-23,5.535266399383545,7.448335647583008,1.293144941329956,6.120833396911621
2016-02-24,5.524579048156738,7.385490894317627,1.2800029516220093,5.789576530456543
2016-02-25,5.508549213409424,7.391479015350342,1.2852599620819092,5.448432445526123
2016-02-26,5.524579048156738,7.391479015350342,1.2800029516220093,5.438544273376465
2016-02-29,5.700894355773926,7.600950717926025,1.3509680032730103,5.839019298553467
2016-03-01,5.861180782318115,7.958771705627441,1.3956503868103027,6.333433628082275
2016-03-02,5.989252090454102,8.14441204071045,1.4850138425827026,7.03055477142334
2016-03-03,6.524000644683838,8.94987678527832,1.7268214225769043,7.72273063659668
2016-03-04,7.197797775268555,9.38703441619873,1.8976634740829468,8.182536125183105
2016-03-07,6.994586944580078,9.345109939575195,1.9370895624160767,8.691781044006348
2016-03-08,7.029348850250244,9.554712295532227,1.9633723497390747,7.431028366088867
2016-03-09,6.711169242858887,9.237323760986328,1.997541069984436,7.1689887046813965
2016-03-10,6.911702632904053,9.599626541137695,2.0895330905914307,6.921782493591309
2016-03-11,7.157688140869141,9.680471420288086,2.1263296604156494,6.857510089874268
2016-03-14,7.112231254577637,9.635558128356934,1.9449740648269653,6.644911289215088
2016-03-15,6.737900257110596,9.207375526428223,1.7373348474502563,6.6646881103515625
2016-03-16,6.58817195892334,8.93490219116211,1.9002922773361206,7.3272013664245605
2016-03-17,7.446459770202637,9.911030769348145,2.128957986831665,7.663402080535889
2016-03-18,7.347524642944336,9.93797779083252,2.134214401245117,7.579352855682373
2016-03-21,7.470519542694092,9.940977096557617,2.1184451580047607,7.490357398986816
2016-03-22,7.392980098724365,9.686458587646484,2.1315863132476807,7.628795146942139
2016-03-23,7.152339458465576,9.37805461883545,2.044851541519165,6.981112003326416
2016-03-24,7.021323204040527,9.279240608215332,2.0527358055114746,7.440917015075684
2016-03-28,7.363570690155029,9.509799003601074,2.2183210849761963,7.500245571136475
2016-03-29,7.491910934448242,9.566696166992188,2.23146390914917,7.460693836212158
2016-03-30,7.502609729766846,9.620587348937988,2.2183210849761963,7.6831793785095215
2016-03-31,7.235228538513184,9.345109939575195,2.1841535568237305,7.490357398986816
2016-04-01,7.379611492156982,9.409516334533691,2.1972947120666504,7.668346405029297
2016-04-04,7.0796685218811035,9.079994201660156,1.9817711114883423,7.312369346618652
2016-04-05,7.111777305603027,9.097968101501465,2.050107479095459,7.559576511383057
2016-04-06,6.924485683441162,8.837342262268066,1.992283821105957,7.4508056640625
2016-04-07,6.977998733520508,8.933199882507324,2.0238239765167236,7.421139717102051
2016-04-08,7.3338541984558105,9.4964017868042,2.1710119247436523,8.029267311096191
2016-04-11,7.4569315910339355,9.544330596923828,2.2051804065704346,8.390190124511719
2016-04-12,7.80743408203125,9.975707054138184,2.3760223388671875,9.265300750732422
2016-04-13,8.588178634643555,10.098536491394043,2.494297981262207,9.675664901733398
2016-04-14,7.679008960723877,9.80495548248291,2.407562017440796,8.99831771850586
2016-04-15,7.713785171508789,9.867867469787598,2.5468649864196777,9.196084022521973
2016-04-18,7.669910907745361,9.795966148376465,2.428589105606079,9.418569564819336
2016-04-19,7.687564849853516,9.849891662597656,2.5258381366729736,10.115691184997559
2016-04-20,7.6816840171813965,9.667153358459473,2.4916696548461914,10.758429527282715
2016-04-22,7.519803524017334,9.49040412902832,2.5626347064971924,9.557003021240234
2016-04-25,7.346155166625977,9.406525611877441,2.4522440433502197,8.929099082946777
2016-04-26,7.611043930053711,9.73305606842041,2.5416078567504883,9.240579605102539
2016-04-27,7.878875255584717,10.065584182739258,2.6940512657165527,9.616334915161133
2016-04-28,7.7170000076293945,9.996686935424805,2.6887943744659424,9.78443717956543
2016-04-29,7.622818470001221,9.84689712524414,2.6887943744659424,9.734994888305664
2016-05-02,7.472715854644775,9.575661659240723,2.673024892807007,9.823988914489746
2016-05-03,7.316311359405518,9.024203300476074,2.5705199241638184,9.225749015808105
2016-05-04,7.628518581390381,9.24598503112793,2.607316732406616,8.602787971496582
2016-05-05,7.437068462371826,9.108109474182129,2.5784049034118652,8.236921310424805
2016-05-06,7.472415924072266,9.111120223999023,2.649369716644287,8.345690727233887
2016-05-09,7.519542694091797,9.168058395385742,2.4916696548461914,7.529911041259766
2016-05-10,7.843532085418701,9.743487358093262,2.6835389137268066,7.846335411071777
2016-05-11,7.920109272003174,9.683554649353027,2.6940512657165527,7.880945205688477
2016-05-12,8.0909423828125,9.779463768005371,2.573148250579834,7.6337385177612305
2016-05-13,7.764008522033691,9.410820960998535,2.4864120483398438,7.2579851150512695
2016-05-16,7.628518581390381,9.26696491241455,2.5626347064971924,7.381589889526367
2016-05-17,7.381105899810791,9.069153785705566,2.4969263076782227,7.480470657348633
2016-05-18,7.413506507873535,9.210017204284668,2.4496164321899414,7.272817611694336
2016-05-19,7.260345935821533,9.132091522216797,2.3549954891204834,7.361812114715576
2016-05-20,7.18082332611084,9.015202522277832,2.3392255306243896,6.986056327819824
2016-05-23,7.201437473297119,9.045174598693848,2.234091281890869,7.139325141906738
2016-05-24,7.222057342529297,9.036188125610352,2.241976737976074,6.931670665740967
2016-05-25,7.19260311126709,8.994227409362793,2.2787742614746094,7.228318214416504
2016-05-27,7.089511394500732,8.90431022644043,2.163125991821289,7.065161228179932
2016-05-30,7.0688958168029785,8.901320457458496,2.2025513648986816,7.0602192878723145
2016-05-31,6.715456008911133,8.706510543823242,2.1131880283355713,7.03055477142334
2016-06-01,6.839156627655029,8.836949348449707,2.14998459815979,7.1343817710876465
2016-06-02,7.059940814971924,8.968890190124512,2.186781644821167,7.391475200653076
2016-06-03,7.095314025878906,8.959893226623535,2.2524898052215576,8.029267311096191
2016-06-06,7.054042339324951,8.872931480407715,2.223578691482544,8.350635528564453
2016-06-07,7.1454267501831055,9.016867637634277,2.265631675720215,8.192424774169922
2016-06-08,7.369462490081787,9.154805183410645,2.4680142402648926,8.405024528503418
2016-06-09,7.381247043609619,9.133809089660645,2.4128191471099854,7.762284755706787
2016-06-10,7.08646821975708,8.666030883789062,2.307684898376465,7.391475200653076
2016-06-13,7.204380035400391,8.705010414123535,2.265631675720215,7.515079498291016
2016-06-14,7.0628862380981445,8.57906436920166,2.1815247535705566,7.233262538909912
2016-06-15,7.074677467346191,8.537088394165039,2.236720323562622,7.416196823120117
2016-06-16,7.180801868438721,8.693018913269043,2.234091281890869,7.529911041259766
2016-06-17,7.136581897735596,8.672021865844727,2.3523669242858887,7.554632186889648
2016-06-20,7.254495620727539,8.815958976745605,2.4128191471099854,7.698013782501221
2016-06-21,7.3399810791015625,8.812955856323242,2.5048112869262695,7.712843894958496
2016-06-22,7.325240135192871,8.660026550292969,2.4548723697662354,7.836446762084961
2016-06-23,7.565780162811279,8.995878219604492,2.5416078567504883,8.202312469482422
2016-06-24,7.378641128540039,8.68101692199707,2.431217908859253,7.520023345947266
2016-06-27,7.087536334991455,8.390152931213379,2.307684898376465,7.317312717437744
2016-06-28,7.26279354095459,8.684016227722168,2.4180760383605957,7.643625736236572
2016-06-29,7.4380574226379395,8.878928184509277,2.4969263076782227,7.767230033874512
2016-06-30,7.479640483856201,9.085831642150879,2.4758992195129395,8.044100761413574
2016-07-01,7.610342025756836,9.273344993591309,2.5810327529907227,8.217145919799805
2016-07-04,7.642730712890625,9.267343521118164,2.594175338745117,8.390190124511719
2016-07-05,7.639763832092285,9.201334953308105,2.441730499267578,7.940272808074951
2016-07-06,7.639763832092285,9.23734188079834,2.4969263076782227,8.053990364074707
2016-07-07,7.669486999511719,9.330342292785645,2.5126960277557373,7.920499324798584
2016-07-08,7.880547523498535,9.582356452941895,2.586289882659912,8.004547119140625
2016-07-11,7.969733715057373,9.675357818603516,2.722963333129883,8.335803985595703
2016-07-12,7.904331207275391,9.594354629516602,2.7991857528686523,8.746167182922363
2016-07-13,8.07971477508545,9.792362213134766,2.793928384780884,8.810441017150879
2016-07-14,8.412656784057617,10.071378707885742,2.872779130935669,8.5780668258667
2016-07-15,8.412656784057617,10.038369178771973,2.8964338302612305,8.573122024536133
2016-07-18,8.588041305541992,10.209379196166992,3.0357367992401123,8.691781044006348
2016-07-19,8.555349349975586,10.149368286132812,3.0961883068084717,8.325916290283203
2016-07-20,8.629660606384277,10.308379173278809,3.106701374053955,8.162759780883789
2016-07-21,8.564264297485352,10.170377731323242,3.1145870685577393,8.602787971496582
2016-07-22,8.620747566223145,10.233370780944824,3.138241767883301,8.4791841506958
2016-07-25,8.593988418579102,10.15537166595459,3.1618971824645996,8.612677574157715
2016-07-26,8.525620460510254,10.026371002197266,3.1224732398986816,9.107089042663574
2016-07-27,8.555349349975586,10.065369606018066,3.0252232551574707,9.35429573059082
2016-07-28,8.174842834472656,9.954360961914062,3.006824254989624,9.413623809814453
2016-07-29,8.430487632751465,10.137370109558105,3.1198439598083496,9.146641731262207
2016-08-01,8.442380905151367,10.03382396697998,2.9568862915039062,8.849994659423828
2016-08-02,8.337964057922363,10.153877258300781,2.985797643661499,8.894489288330078
2016-08-03,8.53132152557373,10.577082633972168,3.1277284622192383,9.304851531982422
2016-08-04,8.623531341552734,10.637116432189941,3.1566402912139893,9.275190353393555
2016-08-05,8.677075386047363,10.57408332824707,3.062019109725952,9.37901782989502
2016-08-08,8.590810775756836,10.505047798156738,3.130356788635254,9.383959770202637
2016-08-09,8.546187400817871,10.52606201171875,3.1224732398986816,9.388903617858887
2016-08-10,8.424230575561523,10.439017295837402,3.0383646488189697,8.94393253326416
2016-08-11,8.674097061157227,10.706147193908691,3.180295705795288,9.102147102355957
2016-08-12,8.685998916625977,10.787185668945312,3.1540119647979736,8.879660606384277
2016-08-15,8.813909530639648,11.023624420166016,3.235490560531616,9.112034797668457
2016-08-16,8.680044174194336,10.978093147277832,3.2828006744384766,9.383959770202637
2016-08-17,8.778210639953613,11.123781204223633,3.3537662029266357,9.453177452087402
2016-08-18,8.802009582519531,11.102540969848633,3.3853061199188232,9.35429573059082
2016-08-19,8.751439094543457,11.02969741821289,3.361649990081787,9.433403968811035
2016-08-22,8.51644229888916,10.817231178283691,3.2460038661956787,9.087312698364258
2016-08-23,8.424230575561523,10.799025535583496,3.330110788345337,9.270243644714355
2016-08-24,8.364730834960938,10.74742603302002,3.2591452598571777,8.97359848022461
2016-08-25,8.403401374816895,10.71403980255127,3.293313503265381,8.988430976867676
2016-08-26,8.51941967010498,10.844549179077148,3.298570156097412,8.756054878234863
2016-08-29,8.674097061157227,11.03576946258545,3.382678270339966,8.948878288269043
2016-08-30,8.700870513916016,11.108602523803711,3.4405019283294678,8.72638988494873
2016-08-31,8.644355773925781,10.880967140197754,3.377422571182251,8.375356674194336
2016-09-01,8.558090209960938,10.988765716552734,3.41684627532959,8.622564315795898
2016-09-02,8.807818412780762,11.149694442749023,3.5666604042053223,9.018095016479492
2016-09-05,8.837590217590332,11.152726173400879,3.6349985599517822,8.849994659423828
2016-09-06,8.92985725402832,11.259007453918457,3.674423933029175,9.032926559448242
2016-09-08,9.048927307128906,11.125408172607422,3.737504243850708,8.795608520507812
2016-09-09,8.548850059509277,10.703336715698242,3.5508921146392822,8.335803985595703
2016-09-12,8.578619956970215,10.84301471710205,3.666539430618286,8.647284507751465
2016-09-13,8.221426963806152,10.627432823181152,3.419475555419922,8.044100761413574
2016-09-14,8.289889335632324,10.636540412902832,3.4457576274871826,8.227035522460938
2016-09-15,8.51611042022705,10.867305755615234,3.5508921146392822,8.227035522460938
2016-09-16,8.361327171325684,10.621357917785645,3.458899736404419,8.113320350646973
2016-09-19,8.405975341796875,10.697267532348633,3.429988384246826,8.236921310424805
2016-09-20,8.498247146606445,10.721559524536133,3.5482637882232666,8.256698608398438
2016-09-21,8.664942741394043,10.824795722961426,3.590317726135254,8.72638988494873
2016-09-22,8.83163070678711,10.99787425994873,3.6796815395355225,8.676950454711914
2016-09-23,8.849489212036133,10.970539093017578,3.5982022285461426,8.72638988494873
2016-09-26,8.73935604095459,10.885527610778809,3.521980047225952,8.622564315795898
2016-09-27,8.92093563079834,11.010019302368164,3.4483859539031982,8.70167064666748
2016-09-28,8.974507331848145,11.08896255493164,3.64025616645813,8.993374824523926
2016-09-29,8.825676918029785,10.806575775146484,3.529865264892578,8.894489288330078
2016-09-30,8.83163070678711,10.785334587097168,3.5666604042053223,8.805497169494629
2016-10-03,9.059172630310059,11.042010307312012,3.671795129776001,8.948878288269043
2016-10-04,9.18970775604248,11.139214515686035,3.6849372386932373,8.72638988494873
2016-10-05,9.262741088867188,11.35793399810791,3.8321244716644287,8.830216407775879
2016-10-06,9.262741088867188,11.452095031738281,3.9687983989715576,8.800551414489746
2016-10-07,9.393588066101074,11.558416366577148,4.0108513832092285,8.899435043334961
2016-10-10,9.39053726196289,11.5736083984375,4.134383678436279,9.418569564819336
2016-10-11,9.35706901550293,11.5341157913208,4.045019626617432,9.196084022521973
2016-10-13,9.369239807128906,11.664739608764648,4.142269611358643,8.775832176208496
2016-10-14,9.44531536102295,11.886481285095215,4.273685455322266,8.909322738647461
2016-10-17,9.633974075317383,12.147730827331543,4.44189977645874,9.018095016479492
2016-10-18,9.868285179138184,12.31662368774414,4.578573703765869,9.280132293701172
2016-10-19,9.798299789428711,12.116138458251953,4.631141185760498,9.205971717834473
2016-10-20,9.941322326660156,12.152896881103516,4.6626811027526855,9.443290710449219
2016-10-21,9.8469820022583,12.132845878601074,4.71787691116333,9.843765258789062
2016-10-24,9.75265121459961,12.029253959655762,4.7835845947265625,10.036584854125977
2016-10-25,9.707005500793457,11.965773582458496,4.73101806640625,10.555719375610352
2016-10-26,9.667450904846191,12.039281845092773,4.7573018074035645,10.763372421264648
2016-10-27,9.828731536865234,12.296576499938965,4.754672527313232,10.87708854675293
2016-10-28,9.865245819091797,12.400160789489746,4.754672527313232,10.946307182312012
2016-10-31,10.175625801086426,12.831207275390625,4.649538993835449,10.91663932800293
2016-11-01,9.877415657043457,12.451805114746094,4.431386947631836,11.025410652160645
2016-11-03,9.642658233642578,12.184381484985352,4.2395172119140625,10.857311248779297
2016-11-04,9.642658233642578,12.284675598144531,4.202721118927002,10.684267044067383
2016-11-07,9.977574348449707,12.725914001464844,4.523377895355225,11.435776710510254
2016-11-08,9.97148323059082,12.755997657775879,4.478696346282959,11.851080894470215
2016-11-09,9.697464942932129,12.348182678222656,4.376191139221191,12.360328674316406
2016-11-10,8.832754135131836,11.733112335205078,4.073931694030762,13.284880638122559
2016-11-11,8.847987174987793,11.582690238952637,3.6823089122772217,12.84485149383545
2016-11-14,8.911917686462402,11.512489318847656,3.6796815395355225,13.082172393798828
2016-11-16,9.045888900756836,12.080758094787598,3.8741791248321533,12.434487342834473
2016-11-17,8.762731552124023,11.719736099243164,3.7559030055999756,12.231781005859375
2016-11-18,8.914965629577637,11.830056190490723,3.816354751586914,12.147732734680176
2016-11-21,8.966727256774902,11.926989555358887,4.094958305358887,12.770689964294434
2016-11-22,9.027618408203125,11.967105865478516,4.18695068359375,13.72984790802002
2016-11-23,9.067203521728516,11.856793403625488,4.165924549102783,13.927616119384766
2016-11-24,8.981948852539062,11.733112335205078,4.094958305358887,13.640857696533203
2016-11-25,9.024575233459473,11.652880668640137,4.021366119384766,14.288540840148926
2016-11-28,9.13723087310791,11.900243759155273,4.063419342041016,15.33174991607666
2016-11-29,8.847987174987793,11.612767219543457,3.853151321411133,14.426973342895508
2016-11-30,9.058066368103027,11.84007740020752,4.205348491668701,13.873229026794434
2016-12-01,8.552643775939941,11.303338050842285,4.058162212371826,14.07594108581543
2016-12-02,8.689444541931152,11.3501558303833,4.160667419433594,14.66590404510498
2016-12-05,8.643733024597168,11.310017585754395,4.115985870361328,14.720609664916992
2016-12-06,8.829584121704102,11.46052074432373,4.244773864746094,14.919538497924805
2016-12-07,8.774747848510742,11.370226860046387,4.168552398681641,15.431775093078613
2016-12-08,8.683344841003418,11.303338050842285,4.126498222351074,14.984189987182617
2016-12-09,8.799117088317871,11.336784362792969,4.094958305358887,14.7255859375
2016-12-12,8.433507919311523,10.868593215942383,4.100214958190918,14.66590404510498
2016-12-13,8.467021942138672,10.918758392333984,4.060789585113525,14.089020729064941
2016-12-14,8.36647891998291,10.895349502563477,3.8741791248321533,13.86522388458252
2016-12-15,8.393896102905273,10.851871490478516,3.903090476989746,14.039284706115723
2016-12-16,8.348198890686035,10.657913208007812,3.879434585571289,13.800573348999023
2016-12-19,8.165389060974121,10.370307922363281,3.7743005752563477,12.955132484436035
2016-12-20,8.342101097106934,10.634505271911621,3.7716732025146484,13.218710899353027
2016-12-21,8.272027969360352,10.63116455078125,3.769044876098633,13.16897964477539
2016-12-22,8.235816955566406,10.718106269836426,3.6823089122772217,12.621930122375488
2016-12-23,8.408232688903809,11.020654678344727,3.7427608966827393,12.527440071105957
2016-12-26,8.562170028686523,11.108904838562012,3.7900710105895996,12.925291061401367
2016-12-27,8.479044914245605,11.102117538452148,3.787442207336426,12.860642433166504
2016-12-28,8.783845901489258,11.363463401794434,3.8846917152404785,13.268441200256348
2016-12-29,8.92855167388916,11.48904037475586,3.908346652984619,12.771125793457031
2017-01-02,8.866975784301758,11.385478019714355,3.853151321411133,12.462787628173828
2017-01-03,9.24251937866211,11.867655754089355,4.073931694030762,13.014809608459473
2017-01-04,9.183984756469727,11.918588638305664,4.073931694030762,12.7810697555542
2017-01-05,9.285653114318848,12.08157730102539,4.1396403312683105,13.268441200256348
2017-01-06,9.34418773651123,12.122325897216797,4.115985870361328,12.915346145629883
2017-01-09,9.356513977050781,12.18004322052002,4.029249668121338,13.178922653198242
2017-01-10,9.356513977050781,12.13930606842041,4.0686750411987305,14.193455696105957
2017-01-11,9.427370071411133,12.163066864013672,4.115985870361328,14.486871719360352
2017-01-12,9.649189949035645,12.47206974029541,4.179066181182861,14.954347610473633
2017-01-13,9.572173118591309,12.21740436553955,4.121242046356201,15.406908988952637
2017-01-16,9.590652465820312,12.2275972366333,4.1396403312683105,15.824655532836914
2017-01-17,9.864850997924805,12.556958198547363,4.15803861618042,15.203006744384766
2017-01-18,9.766265869140625,12.458489418029785,4.150153636932373,15.968878746032715
2017-01-19,9.757023811340332,12.390582084655762,4.144896984100342,15.650594711303711
2017-01-20,9.710814476013184,12.427926063537598,4.205348491668701,15.963903427124023
2017-01-23,9.932632446289062,12.845597267150879,4.202721118927002,16.56566047668457
2017-01-24,9.895660400390625,12.81502628326416,4.21586275100708,16.973461151123047
2017-01-26,10.11747932434082,12.988205909729004,4.152782917022705,16.709882736206055
2017-01-27,10.148285865783691,12.920295715332031,4.105471611022949,16.759613037109375
2017-01-30,9.969595909118652,12.645247459411621,3.9004619121551514,16.038501739501953
2017-01-31,10.074350357055664,12.645247459411621,3.9477710723876953,16.003694534301758
2017-02-01,9.991168975830078,12.779430389404297,3.9477710723876953,16.356782913208008
2017-02-02,9.617847442626953,12.74206256866455,3.913602828979492,16.242406845092773
2017-02-03,9.852131843566895,13.00702953338623,4.031878471374512,15.222898483276367
2017-02-06,9.648677825927734,12.911911964416504,3.9320008754730225,14.879753112792969
2017-02-07,9.633262634277344,13.163290977478027,3.8636651039123535,15.038894653320312
2017-02-08,9.812057495117188,13.502982139587402,3.9687983989715576,15.212955474853516
2017-02-09,9.870626449584961,13.564133644104004,3.9556562900543213,15.456640243530273
2017-02-10,10.018592834472656,13.608291625976562,4.094958305358887,16.312026977539062
2017-02-13,10.04633617401123,13.54374885559082,4.105471611022949,17.8089542388916
2017-02-14,9.984686851501465,13.587907791137695,4.15803861618042,17.107738494873047
2017-02-15,10.20046615600586,14.15860652923584,4.163295745849609,16.819290161132812
2017-02-16,10.166560173034668,13.88344669342041,4.168552398681641,16.7944278717041
2017-02-17,10.144980430603027,13.876643180847168,4.102843284606934,16.943622589111328
2017-02-20,10.185051918029785,13.941189765930176,4.184322357177734,18.117292404174805
2017-02-21,10.471739768981934,14.143876075744629,4.22900390625,17.674680709838867
2017-02-22,10.53956413269043,14.185431480407715,4.126498222351074,17.251956939697266
2017-02-23,10.379262924194336,13.970758438110352,4.08970308303833,16.496036529541016
2017-02-24,10.30219554901123,13.859964370727539,3.989825487136841,16.27224349975586
2017-03-01,10.209715843200684,13.837458610534668,4.079188823699951,16.496036529541016
2017-03-02,10.178558349609375,13.695448875427246,3.971426010131836,15.645623207092285
2017-03-03,10.419137954711914,13.944833755493164,4.026620864868164,15.824655532836914
2017-03-06,10.31735897064209,13.889406204223633,3.9687983989715576,15.466590881347656
2017-03-07,10.178558349609375,13.65733814239502,3.989825487136841,15.377070426940918
2017-03-08,10.005827903747559,13.501482009887695,3.82423996925354,14.979216575622559
2017-03-09,9.91638469696045,13.543042182922363,3.8110978603363037,15.009056091308594
2017-03-10,9.86086368560791,13.54996395111084,3.761159658432007,14.745476722717285
2017-03-13,9.984237670898438,13.795890808105469,3.776928663253784,15.42182731628418
2017-03-14,9.900960922241211,13.660802841186523,3.5719175338745117,15.501404762268066
2017-03-15,10.076773643493652,13.79243278503418,3.7322475910186768,16.57063102722168
2017-03-16,10.03050708770752,13.615777969360352,3.603458881378174,16.177753448486328
2017-03-17,9.722067832946777,13.224384307861328,3.458899736404419,15.566054344177246
2017-03-20,9.894787788391113,13.369860649108887,3.5745463371276855,15.730168342590332
2017-03-21,9.60176944732666,13.08237075805664,3.41684627532959,14.442111015319824
2017-03-22,9.638787269592285,13.189745903015137,3.590317726135254,14.621146202087402
2017-03-23,9.648033142089844,13.117005348205566,3.5666604042053223,14.54157829284668
2017-03-24,9.786840438842773,13.259015083312988,3.5430068969726562,14.422220230102539
2017-03-27,9.870112419128418,13.356005668640137,3.6192286014556885,14.616171836853027
2017-03-28,9.92563247680664,13.310969352722168,3.666539430618286,14.82504653930664
2017-03-29,10.13228988647461,13.508406639099121,3.7979562282562256,14.9742431640625
2017-03-30,10.067519187927246,13.349074363708496,3.7979562282562256,14.969268798828125
2017-03-31,9.987323760986328,13.127394676208496,3.8084683418273926,14.81510066986084
2017-04-03,10.036674499511719,13.347434043884277,3.8557791709899902,14.675851821899414
2017-04-04,10.113512992858887,13.416730880737305,3.903090476989746,15.242795944213867
2017-04-05,9.906740188598633,13.170710563659668,3.829495668411255,14.646015167236328
2017-04-06,9.80180835723877,13.06675910949707,3.8189823627471924,14.377460479736328
2017-04-07,9.823407173156738,13.167248725891113,3.8636651039123535,14.496816635131836
2017-04-10,9.885133743286133,13.142993927001953,3.9267446994781494,14.437140464782715
2017-04-11,9.909826278686523,13.118738174438477,3.858408212661743,14.253133773803711
2017-04-12,9.811063766479492,13.10140609741211,3.8505232334136963,13.636459350585938
2017-04-13,9.511701583862305,12.86231803894043,3.700707197189331,13.636459350585938
2017-04-17,9.937601089477539,13.437528610229492,3.7532737255096436,13.64143180847168
2017-04-18,9.878959655761719,13.389017105102539,3.7059643268585205,13.233631134033203
2017-04-19,9.780200958251953,13.271194458007812,3.5745463371276855,13.263469696044922
2017-04-20,9.61046028137207,13.077154159545898,3.6481401920318604,13.949769020080566
2017-04-24,9.786373138427734,13.330102920532227,3.687565326690674,14.106804847717285
2017-04-25,9.875871658325195,13.416730880737305,3.769044876098633,14.569320678710938
2017-04-26,10.042531967163086,13.440982818603516,3.6796815395355225,14.250699043273926
2017-04-27,10.335716247558594,13.517220497131348,3.6087143421173096,13.78818130493164
2017-04-28,10.311028480529785,13.60384464263916,3.671795129776001,14.117080688476562
2017-05-02,10.58847713470459,13.882889747619629,3.6770522594451904,14.420286178588867
2017-05-03,10.581340789794922,13.654106140136719,3.7217347621917725,13.52608585357666
2017-05-04,10.42508602142334,13.20694351196289,3.5745463371276855,13.027596473693848
2017-05-05,10.438666343688965,13.41492748260498,3.7348759174346924,13.387330055236816
2017-05-08,10.431876182556152,13.446122169494629,3.700707197189331,13.377053260803223
2017-05-09,10.523591041564941,13.480789184570312,3.716477394104004,13.618592262268066
2017-05-10,10.679851531982422,13.54664134979248,3.871549129486084,13.649423599243164
2017-05-11,10.744388580322266,13.778892517089844,3.895204782485962,13.52608585357666
2017-05-12,10.8530912399292,13.910619735717773,4.060789585113525,13.315384864807129
2017-05-15,10.870074272155762,13.969555854797363,4.121242046356201,13.695676803588867
2017-05-16,10.887054443359375,13.9522123336792,4.126498222351074,14.009161949157715
2017-05-17,10.673050880432129,13.667975425720215,4.102843284606934,13.793319702148438
2017-05-18,9.273533821105957,12.021431922912598,3.4562718868255615,13.803598403930664
2017-05-19,9.426393508911133,12.33341121673584,3.579803943634033,14.004021644592285
2017-05-22,9.158037185668945,12.0907621383667,3.521980047225952,14.34834098815918
2017-05-23,9.219183921813965,12.281415939331055,3.5456349849700928,14.523073196411133
2017-05-24,9.324484825134277,12.381943702697754,3.6928224563598633,14.142776489257812
2017-05-25,9.259942054748535,12.149689674377441,3.6113433837890625,14.235283851623535
2017-05-26,9.47395133972168,12.478992462158203,3.5955729484558105,14.31750774383545
2017-05-29,9.47395133972168,12.478992462158203,3.5955729484558105,14.31750774383545
2017-05-30,9.528303146362305,12.454733848571777,3.5114657878875732,14.697795867919922
2017-05-31,9.348261833190918,12.323012351989746,3.4063327312469482,13.962910652160645
2017-06-01,9.297310829162598,12.18256950378418,3.3695363998413086,13.705951690673828
2017-06-02,9.167791366577148,12.303936958312988,3.429988384246826,13.762487411499023
2017-06-05,9.160989761352539,12.290060043334961,3.4641571044921875,13.613450050354004
2017-06-06,9.283366203308105,12.487737655639648,3.4641571044921875,13.659703254699707
2017-06-07,9.432930946350098,12.692341804504395,3.382678270339966,13.592897415161133
2017-06-08,9.290162086486816,12.560564041137695,3.3747928142547607,13.885822296142578
2017-06-09,9.099806785583496,12.36289119720459,3.377422571182251,14.029718399047852
2017-06-12,8.95363712310791,12.36289119720459,3.3905632495880127,13.793319702148438
2017-06-13,8.882248878479004,12.515484809875488,3.401076078414917,13.55178165435791
2017-06-14,9.225580215454102,12.626448631286621,3.316969633102417,13.413025856018066
2017-06-15,9.225580215454102,12.626448631286621,3.316969633102417,13.413025856018066
2017-06-16,9.181386947631836,12.536286354064941,3.2276053428649902,13.135513305664062
2017-06-19,9.205184936523438,12.602170944213867,3.2302348613739014,13.56205940246582
2017-06-20,8.991029739379883,12.324749946594238,3.117215871810913,13.212599754333496
2017-06-21,8.940037727355957,12.338618278503418,3.059392213821411,13.603172302246094
2017-06-22,9.052216529846191,12.349013328552246,3.1645257472991943,13.885822296142578
2017-06-23,8.977429389953613,12.307398796081543,3.135612964630127,13.998885154724121
2017-06-26,9.381946563720703,12.654192924499512,3.2249770164489746,14.117080688476562
2017-06-27,9.276564598083496,12.539755821228027,3.2092068195343018,14.34834098815918
2017-06-28,9.354745864868164,12.536286354064941,3.1750378608703613,14.795441627502441
2017-06-29,9.398938179016113,12.661130905151367,3.201321840286255,14.851970672607422
2017-06-30,9.568903923034668,12.74435806274414,3.251260280609131,14.903365135192871
2017-07-03,9.650952339172363,12.864043235778809,3.2486319541931152,15.237405776977539
2017-07-04,9.66429615020752,12.812009811401367,3.267030954360962,15.221988677978516
2017-07-05,9.667718887329102,12.846705436706543,3.2092068195343018,14.867389678955078
2017-07-06,9.527311325073242,12.666296005249023,3.1986937522888184,14.862252235412598
2017-07-07,9.537583351135254,12.544876098632812,3.135612964630127,14.846832275390625
2017-07-10,9.64374828338623,12.645475387573242,3.1487550735473633,15.268239974975586
2017-07-11,9.811554908752441,12.836286544799805,3.2407474517822266,15.437827110290527
2017-07-12,10.071829795837402,12.975067138671875,3.401076078414917,15.365880012512207
2017-07-13,10.160871505737305,13.00975513458252,3.382678270339966,14.995865821838379
2017-07-14,10.171146392822266,13.037516593933105,3.429988384246826,15.170594215393066
2017-07-17,10.10264778137207,12.912619590759277,3.387934684753418,15.273377418518066
2017-07-18,10.229360580444336,12.92648983001709,3.401076078414917,15.365880012512207
2017-07-19,10.10264778137207,12.73915958404541,3.47729754447937,15.365880012512207
2017-07-20,10.068408966064453,12.75302505493164,3.4431307315826416,14.759468078613281
2017-07-21,10.02730941772461,12.756498336791992,3.335367202758789,14.646409034729004
2017-07-24,10.112918853759766,12.836286544799805,3.3853061199188232,14.970170974731445
2017-07-25,10.27730941772461,12.867514610290527,3.4746696949005127,15.730757713317871
2017-07-26,10.188264846801758,12.808537483215332,3.432616949081421,15.242546081542969
2017-07-27,10.174568176269531,12.822410583496094,3.41684627532959,15.263103485107422
2017-07-28,10.188264846801758,12.870984077453613,3.451014995574951,15.592002868652344
2017-07-31,10.338949203491211,12.947310447692871,3.493067741394043,16.08535385131836
2017-08-01,10.465662002563477,13.362056732177734,3.4483859539031982,15.962014198303223
2017-08-02,10.609232902526855,13.500885009765625,3.5508921146392822,15.987713813781738
2017-08-03,10.605810165405273,13.469642639160156,3.4983246326446533,15.766735076904297
2017-08-04,10.6160888671875,13.434929847717285,3.521980047225952,16.04938507080078
2017-08-07,10.73945426940918,13.646644592285156,3.5614047050476074,16.660932540893555
2017-08-08,10.852534294128418,13.813239097595215,3.5456349849700928,16.47078514099121
2017-08-09,10.859380722045898,13.726469993591309,3.553520679473877,16.403976440429688
2017-08-10,10.756589889526367,13.552938461303711,3.4667840003967285,16.18813705444336
2017-08-11,10.852534294128418,13.622353553771973,3.4037046432495117,15.828402519226074
2017-08-14,11.0684175491333,13.868766784667969,3.437872886657715,16.08535385131836
2017-08-15,11.095829963684082,13.92801284790039,3.4562718868255615,15.992849349975586
2017-08-16,11.095829963684082,13.956063270568848,3.451014995574951,16.30633544921875
2017-08-17,11.003311157226562,13.843883514404297,3.429988384246826,16.03396224975586
2017-08-18,11.229475021362305,13.977095603942871,3.5745463371276855,16.21383285522461
2017-08-21,11.22604751586914,13.875426292419434,3.5062096118927,16.316612243652344
2017-08-22,11.479633331298828,14.169903755187988,3.6244852542877197,16.373144149780273
2017-08-23,11.582433700561523,14.32415771484375,3.6166000366210938,16.72260093688965
2017-08-24,11.62012767791748,14.443351745605469,3.6271135807037354,17.41124153137207
2017-08-25,11.63040542602539,14.401286125183105,3.6481401920318604,17.385543823242188
2017-08-28,11.452219009399414,14.275074005126953,3.6455116271972656,17.65791893005371
2017-08-29,11.647539138793945,14.404783248901367,3.64025616645813,17.699031829833984
2017-08-30,11.53103256225586,14.327665328979492,3.5351221561431885,17.64763832092285
2017-08-31,11.50704288482666,14.145362854003906,3.5876882076263428,18.027931213378906
2017-09-01,11.74691390991211,14.441710472106934,3.6849372386932373,18.33113670349121
2017-09-04,11.743135452270508,14.368056297302246,3.72436261177063,18.5521183013916
2017-09-05,11.5751314163208,14.375072479248047,3.787442207336426,18.295164108276367
2017-09-06,11.749990463256836,14.760841369628906,3.9477710723876953,18.397947311401367
2017-09-07,11.749990463256836,14.760841369628906,3.9477710723876953,18.397947311401367
2017-09-08,11.657423973083496,14.743307113647461,3.8662922382354736,17.71958351135254
2017-09-11,12.106568336486816,14.992313385009766,3.9398865699768066,18.03306770324707
2017-09-12,12.089431762695312,14.950216293334961,3.908346652984619,18.120433807373047
2017-09-13,12.140859603881836,15.055432319641113,3.9504008293151855,17.86861801147461
2017-09-14,12.048284530639648,15.020355224609375,3.9530277252197266,17.277626037597656
2017-09-15,12.30543327331543,15.300908088684082,3.9530277252197266,17.37012481689453
2017-09-18,12.411730766296387,15.409626960754395,3.9530277252197266,17.60138511657715
2017-09-19,12.449440956115723,15.353515625,3.979310989379883,17.43179702758789
2017-09-20,12.377439498901367,15.192200660705566,4.171179294586182,17.046361923217773
2017-09-21,12.380860328674316,15.213238716125488,4.118614196777344,16.707181930541992
2017-09-22,12.350015640258789,15.265841484069824,4.123870849609375,16.398839950561523
2017-09-25,12.140859603881836,15.115043640136719,4.163295745849609,15.977435111999512
2017-09-26,12.127141952514648,15.14309310913086,4.08970308303833,16.18813705444336
2017-09-27,12.000282287597656,15.153616905212402,4.023994445800781,16.40911865234375
2017-09-28,11.849425315856934,15.072970390319824,4.031878471374512,16.316612243652344
2017-09-29,12.017426490783691,15.20272445678711,4.021366119384766,16.37828254699707
2017-10-02,12.137428283691406,15.22903060913086,4.047647953033447,16.39369773864746
2017-10-03,12.658516883850098,15.75174331665039,4.200092315673828,16.794551849365234
2017-10-04,12.57618236541748,15.611419677734375,4.115985870361328,16.758575439453125
2017-10-05,12.586477279663086,15.860499382019043,4.179066181182861,16.583845138549805
2017-10-06,12.456117630004883,15.674565315246582,4.123870849609375,16.51703453063965
2017-10-09,12.44925308227539,15.488624572753906,4.1764373779296875,16.18813705444336
2017-10-10,12.73398208618164,15.825425148010254,4.2552876472473145,16.095632553100586
2017-10-11,12.658516883850098,15.786826133728027,4.226376056671143,15.982568740844727
2017-10-12,12.658516883850098,15.786826133728027,4.226376056671143,15.982568740844727
2017-10-13,12.562458038330078,15.657028198242188,4.226376056671143,16.91274642944336
2017-10-16,12.52816104888916,15.576339721679688,4.2368903160095215,17.138866424560547
2017-10-17,12.497275352478027,15.55178451538086,4.2395172119140625,16.7431583404541
2017-10-18,12.442394256591797,15.579842567443848,4.247403144836426,16.583845138549805
2017-10-19,12.390935897827148,15.4675874710083,4.244773864746094,16.958999633789062
2017-10-20,12.329187393188477,15.436018943786621,4.263172626495361,16.933303833007812
2017-10-23,12.212552070617676,15.292176246643066,4.25791597366333,16.809967041015625
2017-10-24,12.377217292785645,15.404438018798828,4.339395523071289,17.385543823242188
2017-10-25,12.414950370788574,15.509688377380371,4.394589424133301,17.241647720336914
2017-10-26,12.301745414733887,15.414958953857422,4.397218227386475,16.789409637451172
2017-10-27,12.27773380279541,15.320244789123535,4.47606897354126,16.727741241455078
2017-10-30,12.058172225952148,15.123787879943848,4.410360813140869,16.624956130981445
2017-10-31,11.896944046020508,14.75191593170166,4.407731056213379,16.49648094177246
2017-11-01,11.526448249816895,14.504500389099121,4.44189977645874,16.866493225097656
2017-11-02,11.526448249816895,14.504500389099121,4.44189977645874,16.866493225097656
2017-11-03,11.642804145812988,14.708045959472656,4.452413558959961,17.236513137817383
2017-11-06,11.642804145812988,14.708045959472656,4.581202983856201,17.64763832092285
2017-11-07,11.241209983825684,14.423784255981445,4.336766719818115,17.22623062133789
2017-11-08,11.64966869354248,14.950199127197266,4.455042362213135,17.442075729370117
2017-11-09,11.227474212646484,14.546619415283203,4.394589424133301,16.856216430664062
2017-11-10,11.237772941589355,14.567673683166504,4.394589424133301,16.84079933166504
2017-11-13,11.292691230773926,14.641372680664062,4.373563289642334,17.030948638916016
2017-11-14,11.052423477172852,14.360613822937012,4.0345072746276855,16.527315139770508
2017-11-15,11.052423477172852,14.360613822937012,4.0345072746276855,16.527315139770508
2017-11-16,11.340747833251953,14.722094535827637,4.1554107666015625,16.753435134887695
2017-11-17,11.539827346801758,14.925638198852539,4.210605621337891,16.91788673400879
2017-11-20,11.539827346801758,14.925638198852539,4.210605621337891,16.91788673400879
2017-11-21,11.804128646850586,15.223936080932617,4.179066181182861,17.498605728149414
2017-11-22,11.670263290405273,15.076541900634766,4.234260559082031,17.853200912475586
2017-11-23,11.584449768066406,15.03091049194336,4.2552876472473145,18.089603424072266
2017-11-24,11.481481552124023,14.890543937683105,4.231631755828857,18.392803192138672
2017-11-27,11.464315414428711,14.981783866882324,4.171179294586182,18.19751739501953
2017-11-28,11.498648643493652,15.006351470947266,4.163295745849609,18.629201889038086
2017-11-29,11.27896785736084,14.697517395019531,4.029249668121338,18.346555709838867
2017-11-30,11.20688247680664,14.48344898223877,4.042392253875732,18.05876350402832
2017-12-01,11.179423332214355,14.474663734436035,4.102843284606934,18.233495712280273
2017-12-04,11.371403694152832,14.688825607299805,4.0686750411987305,18.927270889282227
2017-12-05,11.25462818145752,14.601051330566406,4.023994445800781,18.511005401611328
2017-12-06,11.371403694152832,14.75552749633789,4.079188823699951,18.37738800048828
2017-12-07,11.288969039916992,14.706374168395996,4.0108513832092285,18.161548614501953
2017-12-08,11.319883346557617,14.832756996154785,4.0345072746276855,18.233495712280273
2017-12-11,11.319883346557617,14.871373176574707,4.042392253875732,18.37738800048828
2017-12-12,11.543123245239258,14.99073600769043,4.0713043212890625,18.593231201171875
2017-12-13,11.347359657287598,14.657221794128418,3.989825487136841,18.557254791259766
2017-12-14,11.25806713104248,14.425519943237305,3.945143222808838,18.624067306518555
2017-12-15,11.213417053222656,14.47642707824707,3.9293739795684814,18.958105087280273
2017-12-18,11.302711486816406,14.472906112670898,4.000338077545166,19.44632339477539
2017-12-19,11.230583190917969,14.391877174377441,3.979310989379883,19.451457977294922
2017-12-20,11.333621978759766,14.444725036621094,4.005594253540039,20.119537353515625
2017-12-21,11.666763305664062,15.054221153259277,4.168552398681641,20.4176082611084
2017-12-22,11.701104164123535,14.983746528625488,4.1396403312683105,20.666872024536133
2017-12-25,11.701104164123535,14.983746528625488,4.1396403312683105,20.666872024536133
2017-12-26,11.725713729858398,15.043646812438965,4.1974639892578125,20.698036193847656
2017-12-27,11.739801406860352,14.962611198425293,4.218491077423096,20.703231811523438
2017-12-28,11.915803909301758,15.001370429992676,4.231631755828857,20.910985946655273
2017-12-29,11.915803909301758,15.001370429992676,4.231631755828857,20.910985946655273
2018-01-02,12.179817199707031,15.464818954467773,4.349907398223877,21.669315338134766
2018-01-03,12.23581600189209,15.570542335510254,4.3893327713012695,21.539464950561523
2018-01-04,12.436566352844238,15.894791603088379,4.397218227386475,21.627761840820312
2018-01-05,12.507017135620117,15.940613746643066,4.423501968383789,21.965368270874023
2018-01-08,12.503499031066895,15.887742042541504,4.47606897354126,22.453603744506836
2018-01-09,12.387262344360352,15.715048789978027,4.47606897354126,22.370498657226562
2018-01-10,12.256949424743652,15.662181854248047,4.415616512298584,22.058862686157227
2018-01-11,12.503499031066895,15.98994255065918,4.533891677856445,22.489959716796875
2018-01-12,12.503499031066895,15.975854873657227,4.547033786773682,22.61981201171875
2018-01-15,12.591547012329102,16.07453155517578,4.560175895690918,22.578264236450195
2018-01-16,12.676076889038086,16.22254753112793,4.639026641845703,21.970563888549805
2018-01-17,12.993058204650879,16.49039649963379,4.825638294219971,22.412052154541016
2018-01-18,12.978981971740723,16.451629638671875,4.7888407707214355,22.261425018310547
2018-01-19,13.070557594299316,16.585561752319336,4.799355506896973,22.271820068359375
2018-01-22,13.250181198120117,16.997909545898438,4.854548931121826,22.1523494720459
2018-01-23,13.31005573272705,16.934480667114258,4.794097900390625,21.258989334106445
2018-01-24,14.017998695373535,17.752119064331055,5.083215713500977,21.700477600097656
2018-01-25,14.017998695373535,17.752119064331055,5.083215713500977,21.700477600097656
2018-01-26,14.51109504699707,18.643781661987305,5.238286972045898,21.518686294555664
2018-01-29,14.08843994140625,18.21733856201172,5.21726131439209,21.757612228393555
2018-01-30,14.229328155517578,18.146848678588867,5.122640132904053,21.539464950561523
2018-01-31,14.352603912353516,18.41822624206543,5.1778364181518555,21.529071807861328
2018-02-01,13.97220516204834,18.511642456054688,5.393362045288086,21.70566749572754
2018-02-02,13.53842830657959,18.278961181640625,5.2488017082214355,21.191465377807617
2018-02-05,13.31994915008545,17.63735580444336,5.004365921020508,20.95773696899414
2018-02-06,13.63708782196045,18.271928787231445,5.254055976867676,22.058862686157227
2018-02-07,13.432719230651855,17.83829689025879,5.109498500823975,21.664119720458984
2018-02-08,13.267090797424316,17.75016212463379,5.006992340087891,21.601789474487305
2018-02-09,13.11557388305664,17.795989990234375,4.933401107788086,21.81474494934082
2018-02-14,13.594802856445312,18.564516067504883,5.059561252593994,23.118432998657227
2018-02-15,13.6511812210083,18.56805419921875,5.098987579345703,23.866371154785156
2018-02-16,13.626520156860352,18.7164363861084,5.104242324829102,23.907915115356445
2018-02-19,13.559563636779785,18.56914710998535,5.269827365875244,24.126073837280273
2018-02-20,13.97185230255127,19.02574348449707,5.372333526611328,23.637832641601562
2018-02-21,14.045855522155762,19.276123046875,5.322396278381348,23.269062042236328
2018-02-22,14.130420684814453,19.382915496826172,5.451184272766113,23.72093391418457
2018-02-23,14.260801315307617,19.51546287536621,5.551059722900391,23.93389129638672
2018-02-26,14.260801315307617,19.493377685546875,5.656194686889648,24.619497299194336
2018-02-27,14.105758666992188,19.202482223510742,5.650937080383301,24.58313751220703
2018-02-28,13.661764144897461,18.550737380981445,5.640423774719238,23.398908615112305
2018-03-01,13.739283561706543,18.82514190673828,5.527405261993408,23.0872745513916
2018-03-02,13.827061653137207,18.924598693847656,5.653567790985107,22.723691940307617
2018-03-05,13.918732643127441,19.19347381591797,5.8138957023620605,22.697723388671875
2018-03-06,13.943392753601074,19.12348747253418,5.7560715675354,22.588653564453125
2018-03-07,13.696612358093262,19.097702026367188,5.695620059967041,22.509069442749023
2018-03-08,13.516805648803711,18.96510887145996,5.70350456237793,21.778905868530273
2018-03-09,13.805906295776367,19.226621627807617,5.884860038757324,22.115093231201172
2018-03-12,13.915189743041992,19.443927764892578,5.869091033935547,22.30420684814453
2018-03-13,13.71424388885498,19.285552978515625,5.811267375946045,22.130857467651367
2018-03-14,13.640199661254883,18.854610443115234,5.882233142852783,22.377748489379883
2018-03-15,13.442780494689941,18.943002700805664,5.600998878479004,22.272686004638672
2018-03-16,13.478032112121582,18.86566162109375,5.632539749145508,22.220155715942383
2018-03-19,13.340535163879395,18.460506439208984,5.50112247467041,21.589799880981445
2018-03-20,13.326436042785645,18.519433975219727,5.561574459075928,21.85244369506836
2018-03-21,13.393424034118652,18.44576644897461,5.795496940612793,22.325214385986328
2018-03-22,13.474507331848145,18.386825561523438,5.7087626457214355,22.025798797607422
2018-03-23,13.566163063049316,18.47524070739746,5.71664571762085,21.85244369506836
2018-03-26,13.643728256225586,18.703594207763672,5.790240287780762,22.062570571899414
2018-03-27,13.478032112121582,18.47892189025879,5.635167121887207,21.463726043701172
2018-03-28,13.566163063049316,18.648345947265625,5.572089672088623,21.82093048095703
2018-03-29,13.92577838897705,18.898807525634766,5.627282619476318,22.17287826538086
2018-04-02,13.798150062561035,18.808547973632812,5.493237495422363,22.587865829467773
2018-04-03,13.952953338623047,18.63169288635254,5.443299293518066,22.519577026367188
2018-04-04,13.832676887512207,18.753284454345703,5.356563568115234,22.351482391357422
2018-04-05,13.875354766845703,18.790124893188477,5.558946132659912,22.719194412231445
2018-04-06,13.832676887512207,18.882211685180664,5.593114376068115,22.451290130615234
2018-04-09,13.308854103088379,18.46221351623535,5.395989418029785,22.561599731445312
2018-04-10,13.42137336730957,18.554325103759766,5.624654293060303,23.554412841796875
2018-04-11,13.735673904418945,18.860118865966797,5.729786396026611,23.449357986450195
2018-04-12,13.487339973449707,19.02591896057129,5.69824743270874,23.538660049438477
2018-04-13,13.192452430725098,18.583799362182617,5.572089672088623,23.627962112426758
2018-04-16,12.905317306518555,18.3111629486084,5.419644355773926,23.396825790405273
2018-04-17,13.068288803100586,18.613283157348633,5.527405261993408,24.126989364624023
2018-04-18,13.506743431091309,18.96697425842285,5.729786396026611,24.941205978393555
2018-04-19,13.483457565307617,18.790124893188477,5.8349223136901855,25.125062942504883
2018-04-20,13.293335914611816,18.74959373474121,5.8769755363464355,25.020002365112305
2018-04-23,13.289457321166992,18.782747268676758,5.908514022827148,24.95171546936035
2018-04-24,13.312731742858887,18.690645217895508,5.887490749359131,25.377206802368164
2018-04-25,13.47569751739502,18.580106735229492,5.711390018463135,25.188100814819336
2018-04-26,13.47569751739502,19.011184692382812,5.947940349578857,25.582073211669922
2018-04-27,13.623143196105957,18.974332809448242,5.96896505355835,25.39821434020996
2018-04-30,13.413617134094238,18.793804168701172,6.037304401397705,25.566312789916992
2018-05-02,13.068288803100586,17.947998046875,5.9400553703308105,25.587322235107422
2018-05-03,12.800009727478027,17.594200134277344,5.900630474090576,25.78693962097168
2018-05-04,12.811657905578613,17.387813568115234,5.853321552276611,26.10736846923828
2018-05-07,12.695183753967285,17.413606643676758,5.953196048736572,25.865732192993164
2018-05-08,12.629183769226074,17.468894958496094,6.021531581878662,25.839466094970703
2018-05-09,12.730124473571777,17.52417755126953,6.513034343719482,26.396286010742188
2018-05-10,12.98636245727539,18.003280639648438,6.767983913421631,27.00037956237793
2018-05-11,12.753417015075684,17.7158203125,6.686506748199463,27.646495819091797
2018-05-14,12.57094955444336,17.45046615600586,6.8967719078063965,28.50798988342285
2018-05-15,12.497190475463867,17.384136199951172,7.0413312911987305,28.707603454589844
2018-05-16,12.699063301086426,17.686344146728516,7.199031352996826,29.364225387573242
2018-05-17,12.17107105255127,16.761293411254883,6.820549011230469,29.0910701751709
2018-05-18,12.225423812866211,16.64336395263672,6.741701602935791,28.770639419555664
2018-05-21,12.0507173538208,16.414865493774414,6.583999156951904,27.840856552124023
2018-05-22,12.396245002746582,16.812891006469727,6.507625102996826,27.494159698486328
2018-05-23,12.070137023925781,16.495941162109375,6.128386497497559,27.28404426574707
2018-05-24,12.08953857421875,16.713388442993164,5.288268089294434,27.55719757080078
2018-05-25,11.848840713500977,16.56597137451172,5.214526653289795,27.042407989501953
2018-05-28,11.3480224609375,15.865736961364746,4.4534173011779785,26.82703399658203
2018-05-29,11.394614219665527,15.810452461242676,5.082847595214844,26.349014282226562
2018-05-30,11.324727058410645,15.839930534362793,4.99857234954834,26.595897674560547
2018-06-01,11.60036849975586,16.155162811279297,4.2558979988098145,27.714786529541016
2018-06-04,11.720396995544434,16.505393981933594,4.616700172424316,27.588714599609375
2018-06-05,11.157102584838867,15.992942810058594,4.369142055511475,28.22432518005371
2018-06-06,10.970638275146484,15.587398529052734,4.3006696701049805,29.45353126525879
2018-06-07,10.776400566101074,15.13393783569336,4.150552749633789,28.56052017211914
2018-06-08,10.683161735534668,15.17080020904541,4.016240119934082,26.73247528076172
2018-06-11,10.481151580810547,14.732085227966309,4.058377265930176,26.71146583557129
2018-06-12,10.453957557678223,14.70258903503418,4.07154655456543,27.157968521118164
2018-06-13,10.240294456481934,14.558810234069824,3.9951698780059814,27.07917022705078
2018-06-14,9.824626922607422,14.042668342590332,3.9767353534698486,27.163227081298828
2018-06-15,9.999439239501953,14.17907428741455,3.9424986839294434,25.80794906616211
2018-06-18,9.677005767822266,13.89151668548584,3.8187198638916016,25.849973678588867
2018-06-19,10.178139686584473,14.5182523727417,4.06101131439209,25.371952056884766
2018-06-20,10.395689964294434,14.787384033203125,4.2690653800964355,25.639856338500977
2018-06-21,9.9644775390625,14.392902374267578,3.9767353534698486,24.79937744140625
2018-06-22,10.15483570098877,14.50351333618164,3.9793686866760254,25.219614028930664
2018-06-25,10.139290809631348,14.533003807067871,4.134751796722412,24.77311134338379
2018-06-26,10.084907531738281,14.485074043273926,4.224294185638428,25.392961502075195
2018-06-27,9.921743392944336,14.223316192626953,4.358607292175293,25.293155670166016
2018-06-28,10.259716987609863,14.61779499053955,4.3717756271362305,25.776432037353516
2018-06-29,10.450074195861816,14.872182846069336,4.527157783508301,26.04958724975586
2018-07-02,10.314104080200195,14.8814058303833,4.600898265838623,25.613588333129883
2018-07-03,10.79188060760498,15.231767654418945,4.608799934387207,25.1933536529541
2018-07-04,10.943493843078613,15.478865623474121,4.63776969909668,25.230119705200195
2018-07-05,10.920171737670898,15.379293441772461,4.703608512878418,26.10736846923828
2018-07-06,10.951268196105957,15.519440650939941,4.7246785163879395,26.443559646606445
2018-07-10,10.807428359985352,15.560003280639648,4.674641132354736,26.0180721282959
2018-07-11,10.764669418334961,15.622695922851562,4.585097312927246,25.666122436523438
2018-07-12,11.079558372497559,15.917749404907227,4.727310657501221,26.50135040283203
2018-07-13,11.301151275634766,16.323442459106445,4.769449710845947,26.427806854248047
2018-07-16,11.351688385009766,16.264427185058594,4.708876132965088,26.26496124267578
2018-07-17,11.678244590759277,16.570545196533203,4.816854476928711,26.632673263549805
2018-07-18,11.390568733215332,16.360326766967773,4.753646373748779,27.026643753051758
2018-07-19,11.534405708312988,16.59636878967285,4.845824718475342,25.965543746948242
2018-07-20,11.93482780456543,17.068429946899414,5.080214977264404,25.59257698059082
2018-07-23,11.798763275146484,16.74019432067871,5.072314262390137,26.054840087890625
2018-07-24,11.9736967086792,16.7291202545166,5.1776580810546875,26.95310401916504
2018-07-25,12.191400527954102,17.256526947021484,5.256664752960205,27.184234619140625
2018-07-26,11.880400657653809,16.983600616455078,5.111817836761475,27.725292205810547
2018-07-27,12.012571334838867,17.075807571411133,5.206627368927002,28.07724380493164
2018-07-30,12.1019926071167,17.32290267944336,5.238229274749756,28.539505004882812
2018-07-31,11.868736267089844,16.59636878967285,5.193459987640381,28.807403564453125
2018-08-01,12.024235725402832,16.804811477661133,5.269833087921143,27.872377395629883
2018-08-02,12.027727127075195,16.863828659057617,5.375178337097168,27.75680923461914
2018-08-03,12.486741065979004,17.265966415405273,5.559530258178711,28.40012550354004
2018-08-06,12.401162147521973,17.140527725219727,5.541094779968262,28.31905746459961
2018-08-07,12.214446067810059,17.037227630615234,5.4541850090026855,28.508214950561523
2018-08-08,11.922699928283691,16.638784408569336,5.304069519042969,28.31905746459961
2018-08-09,11.798222541809082,16.550241470336914,5.3567423820495605,28.016416549682617
2018-08-10,11.210838317871094,15.948874473571777,5.1592230796813965,27.946165084838867
2018-08-13,11.428678512573242,16.07431983947754,5.277735233306885,28.25421714782715
2018-08-14,11.62317180633545,16.40635108947754,5.2750935554504395,28.513620376586914
2018-08-15,11.483133316040039,16.29568099975586,5.029556751251221,27.243589401245117
2018-08-16,11.483133316040039,16.27354621887207,5.00315523147583,26.87068748474121
2018-08-17,11.133042335510254,15.856646537780762,4.873785018920898,27.45435905456543
2018-08-20,11.203057289123535,15.968992233276367,4.847383975982666,27.800241470336914
2018-08-21,10.930761337280273,15.762483596801758,4.678411483764648,27.95696449279785
2018-08-22,11.19917106628418,16.13796043395996,4.844743728637695,28.80545997619629
2018-08-23,10.919092178344727,15.510915756225586,4.739134788513184,28.832483291625977
2018-08-24,11.016341209411621,15.62730598449707,4.831541538238525,29.264835357666016
2018-08-27,11.311983108520508,16.145465850830078,4.939789295196533,30.0863037109375
2018-08-28,11.241955757141113,16.03281593322754,4.844743728637695,30.075490951538086
2018-08-29,11.37811279296875,16.299406051635742,5.0955610275268555,29.84310531616211
2018-08-30,10.891860961914062,15.657341957092285,4.963551044464111,29.491823196411133
2018-08-31,11.039682388305664,15.871374130249023,5.085001468658447,28.978395462036133
2018-09-03,10.94243335723877,15.651637077331543,5.016355514526367,29.210786819458008
2018-09-04,10.696800231933594,15.516422271728516,4.923949241638184,28.102890014648438
2018-09-05,10.762974739074707,15.606557846069336,4.950349807739258,28.18395233154297
2018-09-06,11.070488929748535,16.000951766967773,5.0137152671813965,28.90274429321289
2018-09-10,11.113301277160645,16.147451400756836,5.085001468658447,28.762226104736328
2018-09-11,10.778549194335938,15.591541290283203,4.884346008300781,28.4217472076416
2018-09-12,10.78243637084961,15.636624336242676,5.00315523147583,28.886524200439453
2018-09-13,10.739622116088867,15.550225257873535,4.939789295196533,29.064870834350586
2018-09-14,10.786330223083496,15.824419021606445,4.960911273956299,29.832292556762695
2018-09-17,11.093844413757324,16.200029373168945,5.1219635009765625,29.745826721191406
2018-09-18,11.18337345123291,16.18500518798828,5.346378803253174,30.98883628845215
2018-09-19,11.233978271484375,16.297687530517578,5.2750935554504395,31.65898323059082
2018-09-20,11.210622787475586,16.192516326904297,5.246052265167236,32.05891418457031
2018-09-21,11.389678955078125,16.466711044311523,5.317336559295654,32.97224807739258
2018-09-24,11.08606243133545,16.057294845581055,5.280373573303223,32.53449249267578
2018-09-25,11.093844413757324,16.094850540161133,5.30149507522583,33.61537170410156
2018-09-26,11.121089935302734,16.271379470825195,5.33053731918335,32.43180465698242
2018-09-27,11.37411117553711,16.718366622924805,5.665842056274414,32.145381927490234
2018-09-28,11.160017967224121,16.57562255859375,5.568155288696289,32.329132080078125
2018-10-01,11.035454750061035,16.389646530151367,5.5443925857543945,32.642581939697266
2018-10-02,11.685548782348633,17.020889282226562,6.024906635284424,33.07494354248047
2018-10-03,12.191925048828125,17.7911376953125,6.281005859375,32.399383544921875
2018-10-04,12.25035285949707,17.809919357299805,6.34173059463501,31.777875900268555
2018-10-05,12.067281723022461,17.749813079833984,6.325887680053711,31.069908142089844
2018-10-08,12.88526725769043,18.805633544921875,7.022898197174072,30.83210563659668
2018-10-09,12.932015419006348,18.70794677734375,7.080981254577637,31.183395385742188
2018-10-10,12.51132869720459,18.06168556213379,6.877686500549316,30.205204010009766
2018-10-11,12.437325477600098,17.847505569458008,6.677033424377441,30.524057388305664
2018-10-15,12.50353717803955,18.054162979125977,6.803762912750244,31.167184829711914
2018-10-16,13.099504470825195,18.77557373046875,7.0572190284729,31.183395385742188
2018-10-17,13.115083694458008,18.580183029174805,6.983295917510986,31.777875900268555
2018-10-18,12.752832412719727,18.02786636352539,6.785281658172607,30.53487205505371
2018-10-19,12.79568099975586,18.00907325744629,6.84336519241333,30.55108642578125
2018-10-22,12.951482772827148,18.27208709716797,7.004415988922119,31.545494079589844
2018-10-23,12.998223304748535,18.335962295532227,6.91729211807251,30.66997718811035
2018-10-24,12.686617851257324,17.858774185180664,6.779999732971191,29.41615867614746
2018-10-25,13.052762985229492,18.0654296875,6.948971271514893,29.513439178466797
2018-10-26,13.278685569763184,18.403602600097656,7.286916732788086,30.04846954345703
2018-10-29,13.029385566711426,18.0654296875,6.975374221801758,28.69737434387207
2018-10-30,13.535767555236816,18.595216751098633,7.392520427703857,29.11350440979004
2018-10-31,13.360474586486816,18.505048751831055,7.292196273803711,30.64835548400879
2018-11-01,14.123932838439941,18.770015716552734,7.212992191314697,31.075300216674805
2018-11-05,14.427510261535645,18.97298812866211,7.43476676940918,31.091522216796875
2018-11-06,14.271631240844727,19.093252182006836,7.178668022155762,30.929391860961914
2018-11-07,13.994929313659668,19.11203956604004,6.9436936378479,31.123947143554688
2018-11-08,13.702637672424316,18.848941802978516,6.692875385284424,30.815898895263672
2018-11-09,13.905294418334961,19.085735321044922,6.721915245056152,29.53505516052246
2018-11-12,13.893601417541504,19.13836669921875,6.687594413757324,29.643136978149414
2018-11-13,13.644171714782715,19.066938400268555,6.3998122215271,30.410568237304688
2018-11-14,13.8351411819458,19.232316970825195,6.626870155334473,29.81067657470703
2018-11-16,14.505457878112793,19.826169967651367,6.81168270111084,30.34571075439453
2018-11-19,14.44311809539795,19.814884185791016,6.864487648010254,29.924169540405273
2018-11-21,14.283323287963867,19.557432174682617,6.645352363586426,29.47020721435547
2018-11-22,14.341777801513672,19.5123233795166,6.666555404663086,29.20538902282715
2018-11-23,14.310598373413086,19.489770889282227,6.459801197052002,27.211156845092773
2018-11-26,14.104056358337402,19.168413162231445,6.427992820739746,27.086862564086914
2018-11-27,14.680838584899902,19.816774368286133,6.767283916473389,26.978775024414062
2018-11-28,14.980928421020508,20.31288719177246,6.727522850036621,28.265018463134766
2018-11-29,15.167990684509277,20.493301391601562,6.671858787536621,28.102890014648438
2018-11-30,14.988724708557129,20.30725860595703,6.748728275299072,28.535236358642578
2018-12-03,14.7315092086792,20.05062484741211,6.8759636878967285,29.243215560913086
2018-12-04,14.69211196899414,20.0280704498291,6.716919898986816,28.578472137451172
2018-12-05,14.684306144714355,20.039348602294922,6.775235652923584,28.535236358642578
2018-12-06,14.84418773651123,20.219831466674805,6.518115520477295,28.265018463134766
2018-12-07,14.773996353149414,20.056264877319336,6.565829753875732,27.71917152404785
2018-12-10,14.489361763000488,19.52045249938965,6.213283538818359,27.130098342895508
2018-12-11,14.657021522521973,19.695302963256836,6.17352294921875,27.346267700195312
2018-12-12,14.754496574401855,19.830659866333008,6.176172256469727,27.221967697143555
2018-12-13,15.144414901733398,20.18035888671875,6.192079067230225,27.346267700195312
2018-12-14,14.972851753234863,20.033700942993164,6.10990571975708,27.497589111328125
2018-12-17,14.680425643920898,19.497900009155273,6.062193870544434,27.697555541992188
2018-12-18,14.953364372253418,19.814170837402344,5.831580638885498,27.800241470336914
2018-12-19,14.738903999328613,19.549013137817383,5.897847652435303,27.027408599853516
2018-12-20,14.816884994506836,19.54336929321289,5.696394920349121,26.91932487487793
2018-12-21,14.703811645507812,19.453102111816406,5.712297439575195,27.486791610717773
2018-12-26,14.552793502807617,19.02996063232422,5.944416046142578,27.259798049926758
2018-12-27,14.890762329101562,19.351543426513672,5.94167423248291,26.751792907714844
2018-12-28,15.367907524108887,20.028560638427734,6.2186055183410645,27.562442779541016
2019-01-02,16.059770584106445,20.883668899536133,6.596985816955566,27.611085891723633
2019-01-03,16.222455978393555,21.227970123291016,6.758758544921875,26.4815616607666
2019-01-04,16.095155715942383,20.87237548828125,6.777951240539551,28.205568313598633
2019-01-07,16.286100387573242,20.911893844604492,6.884885311126709,28.05424690246582
2019-01-08,16.385555267333984,21.177167892456055,6.843755722045898,28.324466705322266
2019-01-09,16.667997360229492,21.498899459838867,6.986333847045898,29.016233444213867
2019-01-10,16.616291046142578,21.352140426635742,6.926012992858887,28.69737434387207
2019-01-11,16.50887680053711,21.222318649291992,6.851982116699219,28.308250427246094
2019-01-14,16.703794479370117,21.380369186401367,6.813594818115234,28.427148818969727
2019-01-15,16.67198371887207,21.04735565185547,6.808112144470215,28.292043685913086
2019-01-16,16.751544952392578,20.985275268554688,6.805369853973389,28.454177856445312
2019-01-17,16.80723762512207,20.985275268554688,6.898595333099365,29.308067321777344
2019-01-18,16.97827911376953,21.25618553161621,6.9643988609313965,29.59449577331543
2019-01-21,16.783361434936523,21.081214904785156,7.0000433921813965,29.87553596496582
2019-01-22,16.70778465270996,21.04735565185547,6.890368461608887,29.76744842529297
2019-01-23,16.994192123413086,21.18845558166504,6.972626686096191,30.075490951538086
2019-01-24,17.16524887084961,21.160247802734375,7.002786159515381,30.34571075439453
2019-01-28,17.304485321044922,21.53839111328125,6.791661262512207,22.89304542541504
2019-01-29,17.08172035217285,21.380369186401367,6.956172466278076,23.098411560058594
2019-01-30,17.041933059692383,21.515827178955078,7.024720668792725,25.18450927734375
2019-01-31,18.004621505737305,21.888343811035156,7.013752460479736,24.590028762817383
2019-02-01,17.781848907470703,21.91375160217285,7.074073791503906,24.995357513427734
2019-02-04,18.17543601989746,22.4106388092041,7.137139320373535,24.146869659423828
2019-02-05,18.183391571044922,21.45638656616211,7.150847911834717,24.060396194458008
2019-02-06,17.3277587890625,20.552959442138672,6.989075660705566,22.94709014892578
2019-02-07,17.590423583984375,20.626361846923828,6.879400730133057,22.476905822753906
2019-02-08,17.777456283569336,21.066781997680664,6.890368461608887,23.325395584106445
2019-02-11,17.67399024963379,20.829639434814453,6.810853481292725,22.70929718017578
2019-02-12,18.02817726135254,21.326536178588867,7.052138328552246,23.941495895385742
2019-02-13,17.74959945678711,20.840930938720703,7.142620086669922,24.584623336791992
2019-02-14,18.42615509033203,21.394285202026367,7.389391899108887,24.676498413085938
2019-02-15,18.306764602661133,21.1740665435791,7.359232425689697,24.79539680480957
2019-02-18,17.888891220092773,20.835290908813477,7.337296485900879,24.45491600036621
2019-02-19,18.04012680053711,21.315227508544922,7.507291793823242,24.584623336791992
2019-02-20,17.741634368896484,21.044204711914062,7.414068222045898,24.752161026000977
2019-02-21,17.896852493286133,21.428165435791016,7.512775421142578,24.525177001953125
2019-02-22,17.74959945678711,21.73052215576172,7.43874454498291,25.395280838012695
2019-02-25,17.57051658630371,21.398576736450195,7.32084321975708,25.465539932250977
2019-02-26,17.88492202758789,21.47564697265625,7.287941932678223,25.50877571105957
2019-02-27,17.68592643737793,21.28595733642578,7.4250359535217285,25.308809280395508
2019-02-28,17.220298767089844,20.882875442504883,7.419555187225342,25.454730987548828
2019-03-01,16.933759689331055,20.660503387451172,7.32084321975708,25.26017189025879
2019-03-06,16.805940628051758,20.666431427001953,7.337296485900879,25.968149185180664
2019-03-07,16.925390243530273,20.951072692871094,7.3400373458862305,26.405908584594727
2019-03-08,17.160301208496094,21.20014190673828,7.312619209289551,26.400501251220703
2019-03-11,17.857065200805664,21.893962860107422,7.608744144439697,26.9571533203125
2019-03-12,17.90882110595703,21.94140625,7.540196895599365,27.005794525146484
2019-03-13,18.08003044128418,22.17860984802246,7.704708576202393,27.400318145751953
2019-03-14,18.119834899902344,21.828737258911133,7.7293853759765625,27.40571403503418
2019-03-15,18.195486068725586,21.82280921936035,7.7458391189575195,27.31924819946289
2019-03-18,18.29103660583496,21.85839080810547,7.880190372467041,27.270606994628906
2019-03-19,17.896873474121094,21.348403930664062,8.006315231323242,28.048839569091797
2019-03-20,17.411136627197266,20.868061065673828,7.943254470825195,27.32465934753418
2019-03-21,17.028898239135742,20.50039291381836,7.830835342407227,27.50299835205078
2019-03-22,16.42770004272461,19.895523071289062,7.403100967407227,27.04903221130371
2019-03-25,16.463531494140625,19.925168991088867,7.496326446533203,26.778806686401367
2019-03-26,16.571029663085938,20.13273048400879,7.850028038024902,27.17333221435547
2019-03-27,15.997689247131348,19.450756072998047,7.496326446533203,26.805828094482422
2019-03-28,16.809919357299805,20.22166633605957,7.693742275238037,26.643699645996094
2019-03-29,17.09659194946289,20.417369842529297,7.693742275238037,27.524612426757812
2019-04-01,17.23355484008789,20.26608657836914,7.677288055419922,28.427148818969727
2019-04-02,17.013172149658203,19.94571876525879,7.75680685043335,27.902931213378906
2019-04-03,16.821956634521484,19.767732620239258,7.551163673400879,27.983985900878906
2019-04-04,17.256969451904297,20.064374923706055,7.806159019470215,28.189359664916992
2019-04-05,17.400381088256836,20.49745750427246,7.89116096496582,28.09207534790039
2019-04-08,17.424283981323242,20.372873306274414,8.020027160644531,28.854101181030273
2019-04-09,17.357358932495117,20.260154724121094,7.995349407196045,28.292043685913086
2019-04-10,17.10877227783203,20.22455596923828,7.89116096496582,27.973182678222656
2019-04-11,16.836307525634766,19.755863189697266,7.677288055419922,27.989397048950195
2019-04-12,16.683330535888672,19.548233032226562,7.08229923248291,27.821861267089844
2019-04-15,16.645084381103516,19.53636360168457,7.109720230102539,27.74079132080078
2019-04-16,16.61640739440918,19.518566131591797,7.326328277587891,28.69737434387207
2019-04-17,16.386953353881836,19.21599578857422,7.334554672241211,28.23800277709961
2019-04-18,16.61161994934082,19.477035522460938,7.567614555358887,28.416349411010742
2019-04-22,16.750253677368164,19.42365264892578,7.523744106292725,27.724584579467773
2019-04-23,17.156585693359375,19.672813415527344,7.589548587799072,28.059656143188477
2019-04-24,17.041854858398438,19.702482223510742,7.567614555358887,27.216567993164062
2019-04-25,17.242626190185547,20.005048751831055,7.622454643249512,27.200355529785156
2019-04-26,17.190040588378906,20.052499771118164,7.476893424987793,27.248991012573242
2019-04-29,16.965368270874023,19.8923282623291,7.509817600250244,27.15711784362793
2019-04-30,17.00838851928711,20.070310592651367,7.438478946685791,27.076047897338867
2019-05-02,17.0179500579834,20.203855514526367,7.33421516418457,26.44914436340332
2019-05-03,17.199209213256836,20.007980346679688,7.367140769958496,27.23818016052246
2019-05-06,16.735265731811523,19.56877899169922,7.345189571380615,26.8382511138916
2019-05-07,16.63004493713379,19.34916877746582,7.229948043823242,26.859872817993164
2019-05-08,16.97441291809082,19.56877899169922,7.509817600250244,26.4815616607666
2019-05-09,16.67787742614746,19.325420379638672,7.3616509437561035,26.232969284057617
2019-05-10,16.529613494873047,19.236400604248047,7.320493698120117,26.730167388916016
2019-05-13,16.1182861328125,18.933698654174805,7.1064772605896,25.633079528808594
2019-05-14,16.070453643798828,18.844655990600586,7.13391637802124,25.719541549682617
2019-05-15,15.898270606994629,18.90401268005371,7.100989818572998,25.914108276367188
2019-05-16,15.71174430847168,18.660675048828125,6.933617115020752,25.07642364501953
2019-05-17,15.831307411193848,18.696277618408203,6.771730899810791,25.78980827331543
2019-05-20,16.261768341064453,19.182973861694336,7.0022125244140625,25.265579223632812
2019-05-21,16.931364059448242,19.92489242553711,7.268360614776611,25.62226676940918
2019-05-22,16.63004493713379,19.942691802978516,7.240821361541748,25.649290084838867
2019-05-23,16.548734664916992,19.90114974975586,7.11688232421875,25.843841552734375
2019-05-24,16.386119842529297,19.604381561279297,7.185734748840332,26.108665466308594
2019-05-27,16.620485305786133,19.67561149597168,7.227047443389893,27.124691009521484
2019-05-28,17.07964324951172,20.227598190307617,7.381283760070801,27.15711784362793
2019-05-29,17.419218063354492,20.607452392578125,7.29865837097168,26.859872817993164
2019-05-30,17.73967170715332,20.82111930847168,7.202260971069336,27.027408599853516
2019-05-31,17.696632385253906,20.773643493652344,7.037007808685303,26.4815616607666
2019-06-03,17.63922882080078,20.830049514770508,7.158193588256836,26.389694213867188
2019-06-04,17.729660034179688,20.794418334960938,7.216033458709717,26.541015625
2019-06-05,17.456899642944336,20.390649795532227,7.122387886047363,26.151899337768555
2019-06-06,17.8397216796875,20.60440444946289,7.238066673278809,26.373470306396484
2019-06-07,17.844514846801758,20.824115753173828,7.370268821716309,26.297822952270508
2019-06-10,17.63395881652832,20.562849044799805,7.339971542358398,26.124874114990234
2019-06-11,17.715307235717773,20.663793563842773,7.480436325073242,27.794837951660156
2019-06-12,17.50954246520996,20.54503059387207,7.395056247711182,27.827260971069336
2019-06-13,17.318134307861328,20.176889419555664,7.485944747924805,28.021818161010742
2019-06-14,17.28942108154297,20.182817459106445,7.4528961181640625,27.778623580932617
2019-06-17,17.2463436126709,20.159074783325195,7.4666666984558105,27.130098342895508
2019-06-18,17.39469337463379,20.68161392211914,7.560306549072266,28.102890014648438
2019-06-19,17.610034942626953,21.008176803588867,7.579589366912842,28.265018463134766
2019-06-21,18.007213592529297,21.48322105407715,7.788908958435059,28.340679168701172
2019-06-24,18.150766372680664,21.435712814331055,7.780646324157715,28.31905746459961
2019-06-25,17.997642517089844,21.168502807617188,7.576835632324219,27.767812728881836
2019-06-26,18.222545623779297,21.673234939575195,7.620899677276611,27.87590217590332
2019-06-27,18.136425018310547,21.524776458740234,7.499714374542236,27.940753936767578
2019-06-28,18.059852600097656,21.530710220336914,7.549290180206299,28.005603790283203
2019-07-01,18.098222732543945,21.432701110839844,7.50797700881958,28.994611740112305
2019-07-02,18.155473709106445,21.3554744720459,7.3867926597595215,27.773223876953125
2019-07-03,18.477872848510742,21.723779678344727,7.485944747924805,27.71917152404785
2019-07-04,18.80027961730957,21.973281860351562,7.5437846183776855,27.924543380737305
2019-07-05,18.963891983032227,22.216827392578125,7.54653787612915,27.216567993164062
2019-07-08,18.877269744873047,22.157426834106445,7.615392684936523,27.53542709350586
2019-07-10,18.790658950805664,22.098020553588867,7.731070041656494,28.17314338684082
2019-07-11,18.63186264038086,22.06831932067871,7.821957588195801,28.129915237426758
2019-07-12,18.285398483276367,21.658435821533203,7.857763290405273,28.000202178955078
2019-07-15,18.208406448364258,21.59903335571289,7.761366367340088,28.475793838500977
2019-07-16,18.213214874267578,21.682199478149414,7.664968490600586,28.67034912109375
2019-07-17,18.116981506347656,21.6227970123291,7.623654842376709,28.475793838500977
2019-07-18,18.51156234741211,22.199005126953125,7.576835632324219,28.4217472076416
2019-07-19,18.092924118041992,21.6227970123291,7.557552814483643,28.492006301879883
2019-07-22,18.3431453704834,21.991106033325195,7.571324825286865,28.346086502075195
2019-07-23,18.405696868896484,22.204952239990234,7.579589366912842,27.973182678222656
2019-07-24,18.752159118652344,22.18711280822754,7.532765865325928,27.37329864501953
2019-07-25,17.659849166870117,21.503982543945312,7.406072616577148,27.28682518005371
2019-07-26,17.43368911743164,21.890113830566406,7.1995062828063965,27.146303176879883
2019-07-29,17.39519500732422,21.97921371459961,7.265607833862305,27.162521362304688
2019-07-30,17.03429412841797,21.248558044433594,7.227047443389893,27.027408599853516
2019-07-31,16.60122299194336,20.684228897094727,7.182981014251709,26.91932487487793
2019-08-01,16.456865310668945,20.728792190551758,7.229802131652832,26.15730857849121
2019-08-02,16.5045166015625,20.758508682250977,7.304167747497559,25.854660034179688
2019-08-05,16.206003189086914,20.473247528076172,7.037007808685303,24.860248565673828
2019-08-06,16.451553344726562,21.091310501098633,7.127898216247559,25.195322036743164
2019-08-07,16.798206329345703,21.869827270507812,7.050779342651367,25.119661331176758
2019-08-08,16.88005256652832,21.988683700561523,7.2573442459106445,25.497966766357422
2019-08-09,16.60080909729004,21.822284698486328,7.238066673278809,24.584623336791992
2019-08-12,16.254148483276367,20.918962478637695,7.064550876617432,24.40627098083496
2019-08-13,16.417850494384766,21.329021453857422,7.158928394317627,25.13046646118164
2019-08-14,16.095266342163086,20.859540939331055,6.917427062988281,24.25494956970215
2019-08-15,15.984539985656738,20.800113677978516,6.725892543792725,23.71991729736328
2019-08-16,16.018238067626953,20.883337020874023,6.637068748474121,23.611831665039062
2019-08-19,15.78713321685791,20.792144775390625,6.670379161834717,23.590206146240234
2019-08-20,15.633065223693848,20.56111717224121,6.6676025390625,23.692895889282227
2019-08-21,15.941200256347656,20.719196319580078,7.064550876617432,23.86043930053711
2019-08-22,15.734172821044922,20.390886306762695,7.000704765319824,23.71991729736328
2019-08-23,15.392327308654785,20.15378761291504,6.739776134490967,23.39024543762207
2019-08-26,15.233453750610352,20.147708892822266,6.650946140289307,23.130836486816406
2019-08-27,15.426033020019531,20.38481330871582,6.756429672241211,23.411867141723633
2019-08-28,15.33455753326416,20.61583709716797,6.825825214385986,23.498336791992188
2019-08-29,15.623438835144043,20.725271224975586,7.078430652618408,24.37384796142578
2019-08-30,15.864164352416992,20.634078979492188,7.078430652618408,24.62785530090332
2019-09-02,15.700469017028809,20.37558364868164,7.022911071777344,24.86564826965332
2019-09-03,15.44465160369873,19.986312866210938,7.106188774108887,24.600833892822266
2019-09-04,15.637349128723145,20.126197814941406,7.289394855499268,25.141273498535156
2019-09-05,15.998649597167969,20.697933197021484,7.325481414794922,25.141273498535156
2019-09-06,16.668289184570312,21.391319274902344,7.361566066741943,25.10344696044922
2019-09-09,16.880245208740234,21.914392471313477,7.475377559661865,25.881677627563477
2019-09-10,16.581562042236328,21.48863410949707,7.522566318511963,26.07083511352539
2019-09-11,16.50930404663086,21.391319274902344,7.4587225914001465,25.914108276367188
2019-09-12,16.331045150756836,21.525121688842773,7.511464595794678,26.854467391967773
2019-09-13,16.11909294128418,21.817079544067383,7.461498260498047,26.908519744873047
2019-09-16,15.907127380371094,21.427806854248047,7.789048671722412,26.259984970092773
2019-09-17,16.331045150756836,21.506881713867188,7.686342239379883,26.427526473999023
2019-09-18,16.379228591918945,21.439977645874023,7.555876731872559,26.15730857849121
2019-09-19,16.181716918945312,21.08112144470215,7.575308322906494,26.11407470703125
2019-09-20,16.465951919555664,21.135860443115234,7.494807243347168,26.16811180114746
2019-09-23,16.499670028686523,21.068960189819336,7.628048419952393,25.99516487121582
2019-09-24,16.287691116333008,20.85000228881836,7.5697550773620605,25.362857818603516
2019-09-25,16.393674850463867,21.09328269958496,7.589186191558838,25.865468978881836
2019-09-26,16.629737854003906,21.701515197753906,7.6891188621521,25.865468978881836
2019-09-27,16.620100021362305,21.610275268554688,7.678014755249023,25.757375717163086
2019-09-30,16.3406982421875,21.30617332458496,7.647478103637695,25.8060245513916
2019-10-01,16.11909294128418,20.822423934936523,7.636378288269043,25.784400939941406
2019-10-02,15.496797561645508,20.25044059753418,7.417082786560059,24.37384796142578
2019-10-03,15.540178298950195,20.256526947021484,7.422634601593018,24.557598114013672
2019-10-04,15.699237823486328,20.353893280029297,7.358788967132568,25.179105758666992
2019-10-07,15.598020553588867,19.97662353515625,7.264411449432373,24.881866455078125
2019-10-08,15.5835599899292,19.89143943786621,7.22277307510376,24.492746353149414
2019-10-09,16.02701187133789,20.20784568786621,7.361566066741943,24.681901931762695
2019-10-10,16.21017074584961,20.353893280029297,7.422634601593018,25.53038787841797
2019-10-11,16.39334487915039,20.615535736083984,7.5669779777526855,26.287010192871094
2019-10-14,16.624713897705078,20.962373733520508,7.580859184265137,25.935728073120117
2019-10-15,16.759675979614258,20.913694381713867,7.661359786987305,25.892484664916992
2019-10-16,17.159748077392578,21.211854934692383,7.7529616355896,25.292593002319336
2019-10-17,16.87055015563965,21.084064483642578,7.678014755249023,25.24395751953125
2019-10-18,16.787832260131836,20.8346004486084,7.661359786987305,24.87645721435547
2019-10-21,16.907060623168945,21.175342559814453,7.708547115325928,25.514179229736328
2019-10-22,17.38899040222168,21.832504272460938,7.930617809295654,25.56281852722168
2019-10-23,17.538043975830078,22.142839431762695,8.03609848022461,25.46013832092285
2019-10-24,17.51816749572754,22.24627685546875,7.861219882965088,25.265579223632812
2019-10-25,17.746707916259766,22.392309188842773,8.11937427520752,26.243770599365234
2019-10-28,18.38761329650879,22.696550369262695,8.216530799865723,26.319435119628906
2019-10-29,18.13423728942871,22.29495620727539,8.277597427368164,26.292415618896484
2019-10-30,18.218690872192383,22.43490982055664,8.349772453308105,26.259984970092773
2019-10-31,17.473447799682617,22.04547882080078,8.435823440551758,25.50877571105957
2019-11-01,17.32440185546875,22.12765884399414,8.44692611694336,26.178916931152344
2019-11-04,17.343772888183594,22.200702667236328,8.427495956420898,26.924726486206055
2019-11-05,17.577404022216797,22.584209442138672,8.230408668518066,26.95175552368164
2019-11-06,17.482959747314453,22.27984619140625,8.247062683105469,26.854467391967773
2019-11-07,17.52770233154297,22.41376304626465,8.577391624450684,27.081453323364258
2019-11-08,17.02066421508789,22.078960418701172,8.333117485046387,26.578847885131836
2019-11-11,16.980892181396484,22.176362991333008,8.452476501464844,26.011384963989258
2019-11-12,16.821823120117188,21.79893684387207,8.388468742370605,25.8870792388916
2019-11-13,16.64784049987793,21.579790115356445,8.354937553405762,25.465539932250977
2019-11-14,16.578245162963867,21.719799041748047,8.187276840209961,25.400686264038086
2019-11-18,16.468870162963867,21.622407913208008,8.12580394744873,25.7303524017334
2019-11-19,16.439064025878906,21.38500213623047,8.041975975036621,26.033000946044922
2019-11-21,16.53350830078125,21.604150772094727,8.340964317321777,26.16811180114746
2019-11-22,16.806909561157227,21.750244140625,8.377289772033691,27.03822135925293
2019-11-25,16.722396850585938,21.439781188964844,8.30743408203125,27.486791610717773
2019-11-26,16.36449432373047,21.001487731933594,8.15654182434082,27.68134307861328
2019-11-27,16.63789176940918,21.12323570251465,8.195660591125488,27.335466384887695
2019-11-28,16.508651733398438,21.062358856201172,8.251546859741211,27.221967697143555
2019-11-29,16.588191986083984,21.184112548828125,8.145364761352539,27.011198043823242
2019-12-02,16.697551727294922,21.485570907592773,8.12300968170166,27.746196746826172
2019-12-03,16.756723403930664,21.49165916442871,8.097860336303711,27.248991012573242
2019-12-04,17.189451217651367,22.265087127685547,8.287872314453125,27.51920509338379
2019-12-05,17.259075164794922,22.23463249206543,8.3968505859375,27.53542709350586
2019-12-06,17.06510353088379,21.832698822021484,8.480679512023926,27.751602172851562
2019-12-09,17.209339141845703,22.25899314880371,8.441559791564941,27.800241470336914
2019-12-10,17.149648666381836,21.93622589111328,8.505827903747559,27.670536041259766
2019-12-11,17.05017852783203,21.680452346801758,8.494650840759277,28.011018753051758
2019-12-12,17.278968811035156,21.67436408996582,8.653923988342285,28.616308212280273
2019-12-13,17.308822631835938,22.13620376586914,8.377289772033691,29.054065704345703
2019-12-16,17.005413055419922,21.630205154418945,8.218015670776367,28.827075958251953
2019-12-17,17.31875991821289,21.959388732910156,8.340964317321777,28.87031364440918
2019-12-18,17.80121612548828,22.23982810974121,8.533771514892578,28.897340774536133
2019-12-19,18.12949562072754,22.349571228027344,8.55333137512207,29.183767318725586
2019-12-20,18.025314331054688,22.252037048339844,8.45552921295166,29.610715866088867
2019-12-23,18.136411666870117,22.45931053161621,8.522592544555664,29.497230529785156
2019-12-26,18.36368751525879,22.80072021484375,8.637160301208496,29.610715866088867
2019-12-27,18.292984008789062,22.73974609375,8.646207809448242,29.735185623168945
2019-12-30,18.26773452758789,22.617820739746094,8.54988956451416,29.568754196166992
2020-01-02,18.944503784179688,23.19416046142578,8.697200775146484,30.140159606933594
2020-01-03,18.954090118408203,22.95020866394043,8.626378059387207,29.918256759643555
2020-01-06,18.61553192138672,22.60866355895996,8.728363037109375,29.740734100341797
2020-01-07,18.292131423950195,22.084163665771484,8.694367408752441,29.95708656311035
2020-01-08,18.009164810180664,21.724328994750977,8.640541076660156,29.96263885498047
2020-01-09,17.721126556396484,21.291303634643555,8.612213134765625,29.568754196166992
2020-01-10,17.39773941040039,21.102237701416016,8.575385093688965,29.602039337158203
2020-01-13,17.584701538085938,21.382789611816406,8.59238052368164,30.678279876708984
2020-01-14,17.564489364624023,21.382789611816406,8.498892784118652,30.866899490356445
2020-01-15,17.25625228881836,21.120532989501953,8.371410369873047,30.76703643798828
2020-01-16,17.503854751586914,21.163230895996094,8.36291217803955,30.606159210205078
2020-01-17,17.91315269470215,21.309612274169922,8.456399917602539,31.621374130249023
2020-01-20,17.564489364624023,20.87657928466797,8.498892784118652,31.821083068847656
2020-01-21,16.97832679748535,20.43135643005371,8.391242980957031,31.083253860473633
2020-01-22,17.03897476196289,20.5533390045166,8.29775333404541,31.233041763305664
2020-01-23,17.488697052001953,21.041248321533203,8.399742126464844,30.789230346679688
2020-01-24,17.35731315612793,20.882688522338867,8.300585746765137,29.846141815185547
2020-01-27,16.958126068115234,20.43135643005371,7.940801620483398,28.02096939086914
2020-01-28,16.97832679748535,20.425249099731445,8.158937454223633,28.403757095336914
2020-01-29,16.735788345336914,20.108123779296875,8.173102378845215,28.15411949157715
2020-01-30,16.902544021606445,20.400863647460938,8.198599815368652,28.5701847076416
2020-01-31,16.619569778442383,20.016639709472656,8.059784889221191,27.887826919555664
2020-02-03,16.72568702697754,20.074594497680664,7.983295440673828,28.242876052856445
2020-02-04,16.735279083251953,20.23324203491211,8.110777854919434,28.997350692749023
2020-02-05,17.05885887145996,20.355274200439453,8.042784690856934,29.39678192138672
2020-02-06,16.86168098449707,20.306461334228516,8.26659107208252,29.557659149169922
2020-02-07,17.053800582885742,20.568830490112305,8.19576644897461,28.903039932250977
2020-02-10,17.23581886291504,20.916629791259766,8.252426147460938,27.84345245361328
2020-02-11,17.387495040893555,21.398672103881836,8.351579666137695,28.87531089782715
2020-02-12,17.154926300048828,21.313243865966797,8.535721778869629,29.441160202026367
2020-02-13,16.826282501220703,20.983755111694336,8.419571876525879,28.92523765563965
2020-02-14,16.447084426879883,20.629852294921875,8.33458137512207,28.292800903320312
2020-02-17,16.310577392578125,20.440702438354492,8.317584037780762,29.62978172302246
2020-02-18,16.246763229370117,20.526124954223633,8.428069114685059,29.291372299194336
2020-02-19,16.47979164123535,20.81900978088379,8.654707908630371,29.296926498413086
2020-02-20,16.24169158935547,20.74578094482422,8.476229667663574,28.958518981933594
2020-02-21,16.11503791809082,20.54878807067871,8.255258560180664,27.810165405273438
2020-02-26,15.248748779296875,19.52386474609375,7.425201416015625,25.15840721130371
2020-02-27,15.182893753051758,19.536447525024414,7.167402267456055,24.67022132873535
2020-02-28,15.46658992767334,20.1212100982666,7.178732872009277,24.58145523071289
2020-03-02,15.674302101135254,20.055152893066406,7.5158562660217285,25.718717575073242
2020-03-03,15.268243789672852,19.690288543701172,7.379873275756836,25.713167190551758
2020-03-04,15.435527801513672,19.879009246826172,7.617842197418213,26.944734573364258
2020-03-05,14.928610801696777,19.199604034423828,7.1645684242248535,25.990549087524414
2020-03-06,14.5028076171875,18.79070472717285,6.467658996582031,24.747886657714844
2020-03-09,13.458566665649414,17.488494873046875,4.546908855438232,20.986602783203125
2020-03-10,13.782983779907227,17.92256736755371,4.974686145782471,24.858837127685547
2020-03-11,12.667776107788086,16.463092803955078,4.490249156951904,22.60095977783203
2020-03-12,10.96961498260498,14.846355438232422,3.569535732269287,19.610795974731445
2020-03-13,12.819849967956543,16.488264083862305,4.362765789031982,23.799245834350586
2020-03-16,10.989888191223145,14.972176551818848,3.708350419998169,21.657867431640625
2020-03-17,11.871918678283691,15.852876663208008,3.682854175567627,23.028127670288086
2020-03-18,10.488051414489746,14.751986503601074,3.1984169483184814,21.44151496887207
2020-03-19,10.518462181091309,14.37454605102539,3.4590508937835693,20.193294525146484
2020-03-20,9.753019332885742,13.871271133422852,3.399557590484619,19.52203369140625
2020-03-23,8.957167625427246,12.908774375915527,3.2579100131988525,18.917343139648438
2020-03-24,10.305553436279297,14.154364585876465,3.753678560256958,20.88119888305664
2020-03-25,11.076066970825195,14.846355438232422,4.05680513381958,22.6619873046875
2020-03-26,11.309250831604004,15.255257606506348,4.076637268066406,23.299962997436523
2020-03-27,10.574222564697266,14.450033187866211,3.76784348487854,22.245912551879883
2020-03-30,10.903718948364258,15.167186737060547,3.7905070781707764,23.172361373901367
2020-03-31,10.52860164642334,14.525521278381348,3.963317632675171,23.976770401000977
2020-04-01,10.06731128692627,13.471118927001953,4.051140308380127,24.059980392456055
2020-04-02,10.122605323791504,13.534061431884766,4.3939290046691895,23.7326717376709
2020-04-03,9.747127532958984,13.005301475524902,4.345767498016357,22.467815399169922
2020-04-06,10.670594215393066,13.96212100982666,4.467585563659668,23.926841735839844
2020-04-07,11.07143783569336,14.478303909301758,4.646061897277832,24.287433624267578
2020-04-08,11.365726470947266,15.221109390258789,4.906694412231445,24.137645721435547
2020-04-09,11.3606595993042,14.793055534362793,4.7650465965271,24.010047912597656
2020-04-13,11.654939651489258,15.107791900634766,4.796209335327148,24.72569465637207
2020-04-14,11.782302856445312,15.296634674072266,4.73954963684082,24.7034969329834
2020-04-15,11.441834449768066,14.730103492736816,4.640395164489746,23.960121154785156
2020-04-16,11.14602279663086,14.358701705932617,4.453421592712402,23.721574783325195
2020-04-17,11.363702774047852,14.616802215576172,4.569571495056152,24.409481048583984
2020-04-20,10.99532413482666,14.251691818237305,4.518579006195068,23.555147171020508
2020-04-22,10.956258773803711,14.081733703613281,4.745216369628906,23.799245834350586
2020-04-23,10.799982070922852,13.880288124084473,4.801875114440918,24.137645721435547
2020-04-24,9.957185745239258,13.14378833770752,4.518579006195068,24.27634048461914
2020-04-27,10.247420310974121,13.578132629394531,4.660226821899414,24.714601516723633
2020-04-28,11.14602279663086,14.698631286621094,4.8868632316589355,24.747886657714844
2020-04-29,11.519977569580078,14.893769264221191,5.155995845794678,25.92397689819336
2020-04-30,10.688352584838867,14.333518981933594,5.113500595092773,24.886573791503906
2020-05-04,10.213932037353516,13.78865909576416,4.92369270324707,24.37064552307129
2020-05-05,10.22453498840332,14.298885345458984,5.082338333129883,24.24305534362793
2020-05-06,10.012222290039062,14.009119033813477,4.895363807678223,24.592554092407227
2020-05-07,9.58200740814209,13.505200386047363,4.9406914710998535,25.546737670898438
2020-05-08,10.012222290039062,14.059514999389648,5.235318660736084,27.100072860717773
2020-05-11,9.861369132995605,14.097308158874512,5.1418304443359375,26.47873878479004
2020-05-12,9.554071426391602,13.612278938293457,5.138998031616211,26.32895278930664
2020-05-13,9.470266342163086,13.605988502502441,4.983184337615967,26.928098678588867
2020-05-14,9.989869117736816,14.204388618469238,4.92935848236084,26.678455352783203
2020-05-15,9.559660911560059,13.6248779296875,4.8585357666015625,26.656261444091797
2020-05-18,10.06251049041748,14.279985427856445,5.252317428588867,28.437042236328125
2020-05-19,9.766385078430176,13.662674903869629,5.291977882385254,29.013994216918945
2020-05-20,9.86695384979248,13.605988502502441,5.46762228012085,29.124954223632812
2020-05-21,10.414497375488281,14.387064933776855,5.436459541320801,28.36492347717285
2020-05-22,10.475956916809082,14.462656021118164,5.289145469665527,27.887826919555664
2020-05-25,11.219051361083984,15.092560768127441,5.518615245819092,27.79351806640625
2020-05-26,10.732965469360352,14.494153022766113,5.572443008422852,27.29423713684082
2020-05-27,10.917342185974121,14.94767951965332,5.646097660064697,28.09308433532715
2020-05-28,10.6715087890625,14.683128356933594,5.600770950317383,27.78797721862793
2020-05-29,10.587697982788086,14.513044357299805,5.7622504234313965,29.402326583862305
2020-06-01,11.062607765197754,14.913294792175293,5.759417533874512,29.635326385498047
2020-06-02,11.559770584106445,15.91550064086914,6.062544345855713,29.635326385498047
2020-06-03,12.07429027557373,16.337820053100586,6.082376003265381,29.768468856811523
2020-06-04,12.247658729553223,16.8105525970459,6.071043968200684,30.877988815307617
2020-06-05,12.471359252929688,17.18244743347168,6.260852813720703,30.295495986938477
2020-06-08,13.125688552856445,17.87579345703125,6.382669448852539,30.38980484008789
2020-06-09,12.834871292114258,17.52280616760254,6.153199672698975,30.506301879882812
2020-06-10,12.236470222473145,16.76012420654297,6.062544345855713,30.06804084777832
2020-06-12,12.096661567687988,16.426057815551758,5.83590841293335,29.62422752380371
2020-06-15,11.828219413757324,16.04157066345215,5.864237308502197,29.89051628112793
2020-06-16,12.320359230041504,16.50169563293457,6.054045677185059,30.728208541870117
2020-06-17,12.516100883483887,16.709705352783203,6.07387638092041,31.177562713623047
2020-06-18,12.471359252929688,17.365230560302734,6.119203090667725,31.160924911499023
2020-06-19,12.504913330078125,17.70560073852539,6.082376003265381,30.606159210205078
2020-06-22,12.068690299987793,17.1572265625,5.935062408447266,30.5118465423584
2020-06-23,12.051918029785156,16.930313110351562,6.133368492126465,30.839162826538086
2020-06-24,11.66043758392334,16.287389755249023,5.949225425720215,30.728208541870117
2020-06-25,11.940067291259766,16.482786178588867,6.082376003265381,31.06661605834961
2020-06-26,11.570959091186523,16.205448150634766,5.9038987159729,30.85580062866211
2020-06-29,11.973620414733887,16.690792083740234,6.136202335357666,30.861351013183594
2020-06-30,11.576552391052246,16.04157066345215,6.105038642883301,31.02223014831543
2020-07-01,11.833806037902832,16.460973739624023,6.150365829467773,30.256654739379883
2020-07-02,11.872419357299805,16.744789123535156,6.2495198249816895,30.78367805480957
2020-07-03,11.95078182220459,16.713253021240234,6.226855754852295,30.656084060668945
2020-07-06,12.678458213806152,17.488998413085938,6.377002716064453,31.382827758789062
2020-07-07,12.152290344238281,16.631254196166992,6.2976813316345215,31.271869659423828
2020-07-08,12.566507339477539,16.990753173828125,6.416665077209473,31.798900604248047
2020-07-09,12.286632537841797,16.997058868408203,6.272183895111084,31.29960823059082
2020-07-10,12.465757369995117,17.15473175048828,6.377002716064453,31.6047306060791
2020-07-13,12.292236328125,16.902450561523438,6.277848243713379,31.981966018676758
2020-07-14,12.499340057373047,17.186269760131836,6.487490177154541,34.22875213623047
2020-07-15,12.706453323364258,17.30609703063965,6.61214017868042,34.27867889404297
2020-07-16,12.482550621032715,17.01597785949707,6.436496257781982,33.35222244262695
2020-07-17,12.5441255569458,17.167348861694336,6.442160129547119,33.86260986328125
2020-07-20,12.661670684814453,17.217803955078125,6.442160129547119,33.729469299316406
2020-07-21,13.003128051757812,17.52053451538086,6.620638370513916,33.11922073364258
2020-07-22,12.779224395751953,17.072738647460938,6.529983997344971,32.86404037475586
2020-07-23,12.59449577331543,16.713253021240234,6.394129753112793,32.64767837524414
2020-07-24,12.672866821289062,16.6943302154541,6.439456939697266,32.50899124145508
2020-07-27,13.255012512207031,17.533143997192383,6.572609901428223,34.04566955566406
2020-07-28,13.165449142456055,17.432233810424805,6.459290027618408,33.474273681640625
2020-07-29,13.579668998718262,17.842191696166992,6.564109802246094,34.92219924926758
2020-07-30,13.103878021240234,17.539459228515625,6.464953899383545,33.99020767211914
2020-07-31,12.560912132263184,16.95922088623047,6.289307594299316,33.679534912109375
2020-08-03,12.426573753356934,17.214792251586914,6.175985813140869,33.42988967895508
2020-08-04,12.168291091918945,16.21143341064453,6.170320987701416,33.67398452758789
2020-08-05,12.224308967590332,16.19882583618164,6.566943645477295,34.50058364868164
2020-08-06,12.308347702026367,16.42599105834961,6.57827615737915,34.300865173339844
2020-08-07,12.235522270202637,16.078922271728516,6.456455707550049,33.53529357910156
2020-08-10,12.341967582702637,16.287168502807617,6.643434047698975,34.50612258911133
2020-08-11,12.241122245788574,16.097848892211914,6.538613319396973,33.44098663330078
2020-08-12,12.129071235656738,15.914856910705566,6.651936054229736,34.117794036865234
2020-08-13,11.876969337463379,15.460497856140137,6.470621109008789,33.479820251464844
2020-08-14,11.89377498626709,15.605635643005371,6.422460556030273,34.034584045410156
2020-08-17,11.546429634094238,15.233317375183105,6.4026288986206055,34.52276611328125
2020-08-18,11.669682502746582,15.33001708984375,6.5216169357299805,34.98322296142578
2020-08-19,11.62486457824707,15.254131317138672,6.484786510467529,34.61153030395508
2020-08-20,11.596850395202637,15.254131317138672,6.439456939697266,34.92219924926758
2020-08-21,11.596850395202637,15.228839874267578,6.391295433044434,34.50612258911133
2020-08-24,11.860158920288086,15.481799125671387,6.507450103759766,34.92774963378906
2020-08-25,11.860158920288086,15.367971420288086,6.479119777679443,34.18436813354492
2020-08-26,11.613656997680664,15.045431137084961,6.294973373413086,34.2564811706543
2020-08-27,11.787333488464355,15.29207706451416,6.275141716003418,33.72391891479492
2020-08-28,12.02823257446289,15.45018482208252,6.3856306076049805,33.89588928222656
2020-08-31,11.619263648986816,14.89365291595459,6.201484203338623,33.108131408691406
2020-09-01,11.854559898376465,15.403068542480469,6.479119777679443,34.26203155517578
2020-09-02,11.842767715454102,15.371431350708008,6.459290027618408,34.017940521240234
2020-09-03,12.308178901672363,15.74479866027832,6.481952667236328,32.908416748046875
2020-09-04,12.3193941116333,15.795433044433594,6.493284702301025,33.5574951171875
2020-09-08,12.123135566711426,15.441043853759766,6.306305885314941,32.88068389892578
2020-09-09,12.089494705200195,15.460026741027832,6.439456939697266,33.2856559753418
2020-09-10,11.691370010375977,15.130956649780273,6.266643524169922,32.47015380859375
2020-09-11,11.472684860229492,14.95377254486084,6.198650360107422,34.36743927001953
2020-09-14,11.607258796691895,15.21955680847168,6.141990661621094,34.34524917602539
2020-09-15,11.48390007019043,15.017043113708496,6.139156818389893,34.728031158447266
2020-09-16,11.506326675415039,14.972749710083008,6.156155586242676,33.823768615722656
2020-09-17,11.53436279296875,14.991734504699707,6.275141716003418,34.439552307128906
2020-09-18,11.259604454040527,14.618363380432129,6.133491039276123,34.20655059814453
2020-09-21,11.09138011932373,14.491796493530273,5.921013832092285,33.2856559753418
2020-09-22,11.158671379089355,14.618363380432129,5.892683506011963,33.411373138427734
2020-09-23,10.895125389099121,14.226011276245117,5.731202125549316,34.15692138671875
2020-09-24,11.102594375610352,14.57407283782959,5.779362678527832,33.90262222290039
2020-09-25,11.09138011932373,14.498128890991211,5.702871322631836,34.243614196777344
2020-09-28,11.057737350463867,14.491796493530273,5.561221599578857,33.97197723388672
2020-09-29,10.794189453125,14.17538833618164,5.470564842224121,33.723453521728516
2020-09-30,10.883912086486816,14.238666534423828,5.555554389953613,34.16270446777344
2020-10-01,10.934377670288086,14.260830879211426,5.62354850769043,34.01820755004883
2020-10-02,11.023604393005371,14.305163383483887,5.388408184051514,33.70612335205078
2020-10-05,11.180763244628906,14.457141876220703,5.674540996551514,34.440120697021484
2020-10-06,11.141478538513184,14.482473373413086,5.64621114730835,33.879512786865234
2020-10-07,11.023604393005371,14.3748140335083,5.6065497398376465,34.775333404541016
2020-10-08,11.59050464630127,15.242369651794434,5.790695667266846,35.42263412475586
2020-10-09,11.641018867492676,15.198041915893555,5.609382152557373,35.601802825927734
2020-10-13,11.708368301391602,15.052396774291992,5.702871322631836,35.91389465332031
2020-10-14,11.719595909118652,15.00806999206543,5.657544136047363,36.410926818847656
2020-10-15,11.641018867492676,14.875082969665527,5.595218181610107,36.104618072509766
2020-10-16,11.410889625549316,14.63444709777832,5.476231575012207,35.97168731689453
2020-10-19,11.568049430847168,14.792765617370605,5.530057907104492,35.8040885925293
2020-10-20,12.067593574523926,15.381682395935059,5.717036724090576,35.74051284790039
2020-10-21,12.191075325012207,15.521000862121582,5.711370944976807,36.324241638183594
2020-10-22,12.752360343933105,16.31890296936035,5.904016971588135,36.468727111816406
2020-10-23,12.69622802734375,16.10992431640625,5.8275251388549805,36.67101287841797
2020-10-26,12.853389739990234,16.22391128540039,5.736867904663086,36.1219596862793
2020-10-27,12.49416732788086,15.761641502380371,5.632047176361084,36.13929748535156
2020-10-28,11.78695297241211,15.058727264404297,5.289251804351807,34.82735061645508
2020-10-29,11.669082641601562,15.134719848632812,5.464899063110352,35.844547271728516
2020-10-30,11.315471649169922,14.868758201599121,5.365743160247803,34.99494552612305
2020-11-03,11.70275592803955,15.23310375213623,5.566886901855469,36.60743713378906
2020-11-04,11.61790943145752,15.841412544250488,5.5867180824279785,35.59023666381836
2020-11-05,11.797690391540527,16.215267181396484,5.634879112243652,36.150856018066406
2020-11-06,11.769600868225098,16.19626235961914,5.595218181610107,36.5207405090332
2020-11-09,12.887565612792969,17.50792694091797,6.122159481048584,36.5207405090332
2020-11-10,13.719021797180176,18.300004959106445,6.538613319396973,36.50340270996094
2020-11-11,13.66284465789795,18.147930145263672,6.481952667236328,36.7577018737793
2020-11-12,13.123525619506836,17.70436668395996,6.207150459289551,36.22020721435547
2020-11-13,13.589818000793457,18.040206909179688,6.411128044128418,36.55542755126953
2020-11-16,14.190933227539062,18.673864364624023,6.598106384277344,37.520599365234375
2020-11-17,14.269587516784668,18.686534881591797,6.711426734924316,38.70539474487305
2020-11-18,13.83138656616211,18.230297088623047,6.6717658042907715,38.40486526489258
2020-11-19,13.842616081237793,18.255640029907227,6.748256206512451,39.13886260986328
2020-11-23,13.752730369567871,18.31267547607422,7.110883712768555,41.202152252197266
2020-11-24,14.370710372924805,18.825944900512695,7.4281816482543945,43.23076248168945
2020-11-25,14.18531608581543,18.604158401489258,7.436679840087891,43.63532257080078
2020-11-26,13.954978942871094,18.211288452148438,7.314860820770264,44.25373077392578
2020-11-27,13.842616081237793,18.3507022857666,7.224205017089844,45.33450698852539
2020-11-30,13.651615142822266,18.09722900390625,7.054222583770752,45.08019256591797
2020-12-01,14.415644645690918,18.86119842529297,7.252534866333008,46.95854949951172
2020-12-02,14.57249641418457,19.007015228271484,7.340357780456543,46.14363098144531
2020-12-03,14.381340980529785,18.994335174560547,7.547168731689453,45.63503646850586
2020-12-04,14.505024909973145,19.184520721435547,7.799307823181152,47.38044357299805
2020-12-07,14.60059928894043,19.298633575439453,7.649158000946045,47.94105911254883
2020-12-08,14.426310539245605,19.247920989990234,7.5528340339660645,47.91215896606445
2020-12-09,14.465675354003906,19.36203956604004,7.632159233093262,47.79656982421875
2020-12-10,15.061615943908691,20.00237274169922,7.881465911865234,49.12586212158203
2020-12-11,14.943557739257812,19.884185791015625,7.81063985824585,49.04494857788086
2020-12-14,14.864843368530273,19.617368698120117,7.8248066902160645,48.287837982177734
2020-12-15,14.864843368530273,19.795249938964844,7.889964580535889,48.836883544921875
2020-12-16,15.202166557312012,20.170063018798828,7.986288070678711,49.830970764160156
2020-12-17,15.27525520324707,20.1446533203125,8.000452041625977,50.39735794067383
2020-12-18,15.303362846374512,20.112882614135742,7.960789680480957,50.7441291809082
2020-12-21,14.932302474975586,19.75713539123535,7.654824733734131,50.20085525512695
2020-12-22,15.235901832580566,19.852418899536133,7.7284836769104,50.24708938598633
2020-12-23,15.584470748901367,20.29076385498047,7.918295383453369,50.48983383178711
2020-12-28,15.736268997192383,20.436880111694336,7.983455181121826,50.46092987060547
2020-12-29,15.710738182067871,20.392410278320312,8.008950233459473,50.32222366333008
2020-12-30,15.488181114196777,20.093822479248047,8.028782844543457,50.54184341430664
2021-01-04,15.082996368408203,19.63938331604004,8.190265655517578,52.859432220458984
2021-01-05,14.991043090820312,19.51227378845215,8.510396003723145,53.74946594238281
2021-01-06,15.487885475158691,20.08429527282715,8.52739429473877,55.512229919433594
2021-01-07,15.899068832397461,20.86605453491211,8.782364845275879,59.13597869873047
2021-01-08,15.762008666992188,20.859699249267578,8.816363334655762,58.95102310180664
2021-01-11,15.482182502746582,20.389371871948242,8.742705345153809,58.93947982788086
2021-01-12,15.47075366973877,20.452930450439453,8.677544593811035,57.327003479003906
2021-01-13,15.236611366271973,20.11607551574707,8.258256912231445,55.6104850769043
2021-01-14,15.704898834228516,20.713512420654297,8.343249320983887,56.523643493652344
2021-01-15,15.270870208740234,19.93175506591797,7.966456890106201,54.06734848022461
2021-01-18,15.322274208068848,19.830062866210938,7.952291011810303,54.506591796875
2021-01-19,15.076703071594238,19.594892501831055,8.127938270568848,54.362098693847656
2021-01-20,14.762605667114258,19.270751953125,7.9919538497924805,53.356468200683594
2021-01-21,14.551304817199707,19.010156631469727,7.804973602294922,53.95752716064453
2021-01-22,14.282883644104004,18.60338592529297,7.674654483795166,53.84772491455078
2021-01-26,13.94023609161377,17.985918045043945,7.649158000946045,53.02703094482422
2021-01-27,14.140115737915039,17.985918045043945,7.762478351593018,51.553253173828125
2021-01-28,14.579855918884277,18.711729049682617,7.864467620849609,52.651363372802734
2021-01-29,14.128704071044922,18.043224334716797,7.56133508682251,50.8308219909668
2021-02-01,14.419951438903809,18.5241641998291,7.799307823181152,52.7496223449707
2021-02-02,14.36220932006836,18.129220962524414,8.119438171386719,50.66321563720703
2021-02-03,14.43079662322998,18.040042877197266,8.198761940002441,52.264137268066406
2021-02-04,14.86513900756836,17.963607788085938,8.164767265319824,51.60527801513672
2021-02-05,14.785136222839355,17.887161254882812,8.17043399810791,53.570316314697266
2021-02-08,14.470799446105957,17.5559139251709,7.963623523712158,54.333213806152344
2021-02-09,14.5451021194458,17.76612091064453,7.802142143249512,54.47190856933594
2021-02-10,14.38507080078125,17.638729095458984,7.875799179077148,54.73199462890625
2021-02-11,14.40221881866455,17.638729095458984,7.955124855041504,53.807273864746094
2021-02-12,14.40221881866455,17.68331527709961,8.057113647460938,54.263851165771484
2021-02-17,14.390791893005371,17.90625762939453,8.38291072845459,55.68560028076172
2021-02-18,14.248818397521973,17.778867721557617,8.292253494262695,56.29246139526367
2021-02-19,14.12869644165039,17.594139099121094,7.742646217346191,56.506290435791016
2021-02-22,13.202038764953613,16.313758850097656,6.139156818389893,55.10765838623047
2021-02-23,13.83125114440918,17.358449935913086,6.816249370574951,56.032379150390625
2021-02-24,13.734010696411133,17.1036376953125,6.912571430206299,56.59877014160156
2021-02-25,13.436564445495605,16.568557739257812,6.569777011871338,55.31571960449219
2021-02-26,13.156275749206543,16.36803436279297,6.300639629364014,54.62794876098633
2021-03-01,12.72154712677002,15.877657890319824,6.23264741897583,56.96865463256836
2021-03-02,13.064461708068848,16.518659591674805,6.2298150062561035,58.7198600769043
2021-03-03,13.178959846496582,16.557126998901367,6.003173351287842,57.99740219116211
2021-03-04,13.688481330871582,17.076343536376953,6.294973373413086,57.13627243041992
2021-03-05,14.335408210754395,17.710927963256836,6.343135833740234,60.5256233215332
2021-03-08,13.825882911682129,17.146854400634766,5.97767448425293,60.199485778808594
2021-03-09,13.940387725830078,17.38401985168457,6.116494655609131,59.59547805786133
2021-03-10,14.175106048583984,17.51222038269043,6.3289690017700195,58.67743682861328
2021-03-11,14.421282768249512,17.537853240966797,6.598106384277344,60.217594146728516
2021-03-12,14.323959350585938,17.422483444213867,6.564109802246094,58.82843017578125
2021-03-15,14.524333000183105,17.627607345581055,6.700094699859619,58.47811508178711
2021-03-16,14.283890724182129,17.268640518188477,6.595272541046143,58.29087829589844
2021-03-17,14.879284858703613,17.941701889038086,6.821916103363037,59.130428314208984
2021-03-18,15.154091835021973,18.044260025024414,6.5839433670043945,58.07948303222656
2021-03-19,15.308658599853516,18.082714080810547,6.799251079559326,57.2459831237793
2021-03-22,15.228506088256836,18.18526840209961,6.663266181945801,56.2977180480957
2021-03-23,15.06248664855957,17.7237606048584,6.459290027618408,54.99913787841797
2021-03-24,14.907905578613281,17.416074752807617,6.464953899383545,56.261474609375
2021-03-25,15.239958763122559,17.7237606048584,6.572609901428223,55.8326530456543
2021-03-26,15.343010902404785,18.02598762512207,6.646268367767334,57.6989631652832
2021-03-29,15.405978202819824,18.01957130432129,6.751089096069336,59.178741455078125
2021-03-30,15.663605690002441,18.314966201782227,6.751089096069336,58.62911605834961
2021-03-31,15.325837135314941,17.961769104003906,6.827582359313965,59.17270278930664
2021-04-01,14.764777183532715,17.412416458129883,6.768088340759277,58.8223876953125
2021-04-05,14.901687622070312,17.637300491333008,6.810583114624023,62.446311950683594
2021-04-06,14.666791915893555,17.431690216064453,6.804917335510254,61.636966705322266
2021-04-07,14.50638198852539,17.27748680114746,6.799251079559326,63.152984619140625
2021-04-08,14.460546493530273,17.142547607421875,6.714260101318359,63.11674880981445
2021-04-09,14.437631607055664,17.116853713989258,6.700094699859619,62.210750579833984
2021-04-12,14.706907272338867,17.54091453552246,6.768088340759277,62.45235824584961
2021-04-13,14.609506607055664,17.53449249267578,6.790752410888672,62.56106948852539
2021-04-14,14.78138256072998,17.759368896484375,6.898407459259033,64.62671661376953
2021-04-15,14.78138256072998,17.759368896484375,6.761605262756348,65.35752868652344
2021-04-16,14.953266143798828,17.958555221557617,6.720607280731201,65.63536834716797
2021-04-19,14.885659217834473,17.68869972229004,7.110080718994141,65.06763458251953
2021-04-20,14.65877914428711,17.59874153137207,6.975374698638916,64.1193618774414
2021-04-22,14.557948112487793,17.605165481567383,6.943161964416504,64.1616439819336
2021-04-23,14.828934669494629,17.68869972229004,6.9373064041137695,65.22466278076172
2021-04-26,14.84154224395752,17.67584228515625,6.963663101196289,65.5749740600586
2021-04-27,14.709187507629395,17.405982971191406,6.764533042907715,66.51114654541016
2021-04-28,15.496966361999512,18.163480758666992,7.0105156898498535,67.59832000732422
2021-04-29,14.98019027709961,17.590442657470703,6.916807651519775,67.616455078125
2021-04-30,15.030603408813477,17.725656509399414,6.916807651519775,65.84675598144531
2021-05-03,15.478055000305176,17.973676681518555,6.861169815063477,65.5085220336914
2021-05-04,15.010692596435547,17.207056045532227,6.703036785125732,66.49907684326172
2021-05-05,15.035923957824707,17.69666290283203,6.978303909301758,66.86750030517578
2021-05-06,15.111602783203125,17.58715057373047,6.881667137145996,69.48880767822266
2021-05-07,15.174676895141602,17.79973602294922,7.139364719390869,69.73040771484375
2021-05-10,15.54047966003418,18.063879013061523,7.233071804046631,69.27136993408203
2021-05-11,15.515249252319336,18.02522087097168,7.364847660064697,71.70545196533203
2021-05-12,15.1998929977417,17.761085510253906,7.256499290466309,69.05393981933594
2021-05-13,15.55308723449707,18.276458740234375,7.317992687225342,67.94261169433594
2021-05-14,15.69815444946289,18.68231773376465,7.701611518859863,66.77690124511719
2021-05-17,15.767533302307129,18.669435501098633,7.807032585144043,68.52845764160156
2021-05-18,16.019811630249023,18.630781173706055,7.716252326965332,69.21701049804688
2021-05-19,16.12703514099121,18.766063690185547,7.657684326171875,67.79765319824219
2021-05-20,16.27840232849121,18.869136810302734,7.593260288238525,67.10910034179688
2021-05-21,16.354089736938477,18.95932388305664,7.59911584854126,66.07628631591797
2021-05-24,16.30992889404297,18.907791137695312,7.727967262268066,66.30580139160156
2021-05-25,16.227947235107422,18.713390350341797,7.566906452178955,64.65690612792969
2021-05-26,16.60005760192871,18.971511840820312,7.64011287689209,66.5594711303711
2021-05-27,16.70097541809082,18.810182571411133,7.587401390075684,67.03662109375
2021-05-28,16.738805770874023,19.11992835998535,7.903668403625488,67.39901733398438
2021-05-31,16.70097541809082,19.061845779418945,7.868525981903076,69.32573699951172
2021-06-01,17.07939338684082,19.75588607788086,7.991519451141357,68.37142944335938
2021-06-02,17.74776268005371,20.414411544799805,8.16136360168457,69.33782196044922
2021-06-04,17.72882652282715,20.84052085876465,8.34585189819336,68.19024658203125
2021-06-07,17.949724197387695,21.331195831298828,8.284357070922852,67.52584838867188
2021-06-08,17.823497772216797,21.182701110839844,8.392704963684082,66.3903579711914
2021-06-09,17.735132217407227,21.473228454589844,8.392704963684082,67.76744842529297
2021-06-10,17.76668930053711,21.395750045776367,8.39856243133545,67.54397583007812
2021-06-11,17.697267532348633,21.14396858215332,8.366350173950195,69.05997467041016
2021-06-14,17.621524810791016,21.072946548461914,8.419059753417969,68.68550872802734
2021-06-15,17.6341495513916,21.072946548461914,8.501056671142578,67.34465789794922
2021-06-16,17.722518920898438,21.49260139465332,8.533266067504883,65.32130432128906
2021-06-17,17.646774291992188,21.240806579589844,8.237503051757812,63.96232223510742
2021-06-18,17.41956329345703,20.853445053100586,8.293139457702637,65.88904571533203
2021-06-21,17.4637451171875,20.95026969909668,8.477628707885742,66.50511169433594
2021-06-22,17.1418514251709,20.67912483215332,8.521554946899414,67.28425598144531
2021-06-23,17.06611442565918,20.530624389648438,8.580121040344238,68.29290771484375
2021-06-24,17.19234848022461,20.537084579467773,8.682613372802734,68.38510131835938
2021-06-25,16.65587615966797,19.885013580322266,8.521554946899414,69.22889709472656
2021-06-28,16.573829650878906,19.659040451049805,8.506911277770996,68.1202621459961
2021-06-29,16.472854614257812,19.465362548828125,8.5449800491333,69.29666137695312
2021-06-30,16.23932456970215,19.23939323425293,8.61819076538086,69.75243377685547
2021-07-01,16.037363052368164,19.17803382873535,8.509840965270996,68.5390853881836
2021-07-02,16.422000885009766,19.384723663330078,8.5449800491333,69.9556884765625
2021-07-05,16.1311092376709,19.119888305664062,8.448343276977539,69.70317077636719
2021-07-06,15.931168556213379,19.087602615356445,8.102797508239746,70.07271575927734
2021-07-07,16.047260284423828,19.17156410217285,8.21407413482666,70.27595520019531
2021-07-08,15.860218048095703,18.919647216796875,8.05008602142334,70.00495910644531
2021-07-12,16.26010513305664,19.17803382873535,8.120367050170898,70.87339782714844
2021-07-13,16.247209548950195,19.29429817199707,8.170147895812988,71.2922134399414
2021-07-14,16.318157196044922,19.320127487182617,8.102797508239746,70.90419006347656
2021-07-15,16.07306480407715,19.087602615356445,7.930022239685059,71.12592315673828
2021-07-16,16.07306480407715,18.777542114257812,7.812887191772461,69.8448257446289
2021-07-19,15.486125946044922,18.667734146118164,7.68403959274292,69.08108520507812
2021-07-20,15.724767684936523,18.913190841674805,7.786532402038574,69.6600570678711
2021-07-21,15.731218338012695,18.99070930480957,7.894883632659912,70.46073913574219
2021-07-22,15.608663558959961,18.79692840576172,7.8773112297058105,70.64550018310547
2021-07-23,15.447426795959473,18.7452449798584,7.830458164215088,70.28828430175781
2021-07-26,15.576414108276367,19.07468032836914,8.044228553771973,71.81575775146484
2021-07-27,15.698966026306152,19.262008666992188,7.950520992279053,70.32524108886719
2021-07-28,16.066606521606445,19.888568878173828,8.11451244354248,72.24691009521484
2021-07-29,15.911810874938965,19.785219192504883,8.143794059753418,71.18135070800781
2021-07-30,15.640921592712402,19.572050094604492,7.8802409172058105,66.98697662353516
2021-08-02,15.73766803741455,19.69162368774414,7.733821868896484,67.0916748046875
2021-08-03,15.82737922668457,19.885488510131836,7.862669467926025,69.3767318725586
2021-08-04,15.201251983642578,19.329696655273438,7.69575309753418,69.30281066894531
2021-08-05,14.975332260131836,19.387863159179688,8.301924705505371,67.18406677246094
2021-08-06,15.30453109741211,19.930734634399414,8.313637733459473,67.56593322753906
2021-08-09,15.298073768615723,20.16338348388672,8.255073547363281,67.14096069335938
2021-08-10,15.078612327575684,19.782093048095703,8.281428337097168,67.78765106201172
2021-08-11,15.136697769165039,20.00181770324707,8.395633697509766,67.30109405517578
2021-08-12,14.923698425292969,19.626985549926758,8.521554946899414,67.25796508789062
2021-08-13,14.994695663452148,19.891952514648438,8.594762802124023,66.70365142822266
2021-08-16,14.872050285339355,19.673967361450195,8.386847496032715,67.0116195678711
2021-08-17,14.813960075378418,19.60264015197754,8.386820793151855,65.90296173095703
2021-08-18,14.717132568359375,19.641544342041016,8.312352180480957,63.691829681396484
2021-08-19,14.684864044189453,19.388652801513672,8.265812873840332,60.05792236328125
2021-08-20,14.600950241088867,19.31732177734375,8.253403663635254,60.08256912231445
2021-08-23,14.704224586486816,19.524822235107422,8.38371753692627,59.25107192993164
2021-08-24,15.09151554107666,20.06952476501465,8.557473182678223,61.412933349609375
2021-08-25,15.117335319519043,20.095455169677734,8.604015350341797,61.283599853515625
2021-08-26,14.826864242553711,19.60912322998047,8.529547691345215,60.50138473510742
2021-08-27,15.020514488220215,19.946306228637695,8.839827537536621,62.01654052734375
2021-08-30,14.859148025512695,19.803659439086914,8.78087329864502,61.62235641479492
2021-08-31,14.943058013916016,20.063039779663086,8.436464309692383,60.778541564941406
2021-09-01,14.917235374450684,20.15062141418457,8.389923095703125,60.88324737548828
2021-09-02,14.393303871154785,19.42401123046875,8.253403663635254,60.69231414794922
2021-09-03,14.322239875793457,19.313711166381836,8.169626235961914,60.73543167114258
2021-09-06,14.470824241638184,19.560243606567383,8.209961891174316,59.78076171875
2021-09-08,13.637452125549316,18.63251304626465,7.747647285461426,58.536617279052734
2021-09-09,13.695600509643555,18.879043579101562,7.91209602355957,58.32720184326172
2021-09-10,13.52763843536377,18.69090461730957,7.862449645996094,58.39495086669922
2021-09-13,13.80542278289795,18.924463272094727,8.13859748840332,58.36415100097656
2021-09-14,13.71497917175293,18.807676315307617,8.029998779296875,57.95148468017578
2021-09-15,13.592233657836914,18.502758026123047,8.169626235961914,56.504093170166016
2021-09-16,13.417807579040527,18.489784240722656,8.098264694213867,54.1574592590332
2021-09-17,12.933293342590332,18.048627853393555,7.735236644744873,53.061126708984375
2021-09-20,12.448783874511719,17.639902114868164,7.648359298706055,50.967010498046875
2021-09-21,12.629669189453125,17.594491958618164,7.822112560272217,51.81081008911133
2021-09-22,12.81701374053955,18.003211975097656,8.020692825317383,53.652408599853516
2021-09-23,13.385514259338379,18.62603187561035,8.327869415283203,53.65052795410156
2021-09-24,13.088339805603027,18.36652183532715,8.346484184265137,52.82105255126953
2021-09-27,13.482406616210938,18.846603393554688,8.420952796936035,53.57573699951172
2021-09-28,13.198163986206055,18.418424606323242,8.365100860595703,50.89015197753906
2021-09-29,13.4371919631958,18.749290466308594,8.498519897460938,51.53604507446289
2021-09-30,13.456563949584961,18.768754959106445,8.448877334594727,51.835208892822266
2021-10-01,13.792499542236328,19.258831024169922,8.687789916992188,51.80800247192383
2021-10-04,13.403881072998047,15.79912281036377,8.932910919189453,51.325279235839844
2021-10-05,13.6301908493042,16.182090759277344,9.128384590148926,50.958133697509766
2021-10-06,13.733643531799316,16.234018325805664,8.886368751525879,52.392723083496094
2021-10-07,13.390953063964844,15.889998435974121,8.873957633972168,53.95647430419922
2021-10-08,13.481471061706543,16.00682830810547,9.035303115844727,54.28961944580078
2021-10-11,13.235771179199219,15.727717399597168,9.097356796264648,55.493038177490234
2021-10-13,13.196967124938965,15.7471923828125,9.1935453414917,53.84768295288086
2021-10-14,13.074121475219727,15.669296264648438,9.209057807922363,53.84768295288086
2021-10-15,13.759509086608887,16.071739196777344,9.184236526489258,54.85393524169922
2021-10-18,13.998751640319824,16.182090759277344,9.137694358825684,54.337215423583984
2021-10-19,13.565523147583008,15.79912281036377,8.69089412689209,53.71171188354492
2021-10-20,14.031078338623047,16.221033096313477,8.84292984008789,52.12755584716797
2021-10-21,13.740114212036133,15.889998435974121,8.51713752746582,51.10091781616211
2021-10-22,13.2228364944458,15.279836654663086,8.433362007141113,51.726417541503906
2021-10-25,13.423279762268066,15.578418731689453,9.010481834411621,52.3519287109375
2021-10-26,13.119382858276367,15.409653663635254,8.923602104187012,51.79440689086914
2021-10-27,13.293959617614746,15.526493072509766,8.901883125305176,50.618194580078125
2021-10-28,13.248699188232422,15.494035720825195,8.985658645629883,50.108272552490234
2021-10-29,12.867208480834961,15.130548477172852,8.424053192138672,48.68729019165039
2021-11-01,13.31335735321045,15.733131408691406,8.687789916992188,49.17001724243164
2021-11-03,13.202674865722656,15.882538795471191,8.33096981048584,45.43739318847656
2021-11-04,12.328962326049805,15.04456615447998,8.067234992980957,44.92066955566406
2021-11-05,12.937329292297363,14.862685203552246,8.020692825317383,43.58807373046875
2021-11-08,12.639620780944824,14.784722328186035,8.104467391967773,45.960906982421875
2021-11-09,12.497234344482422,14.635327339172363,8.265812873840332,44.832279205322266
2021-11-10,13.196203231811523,15.00559139251709,8.200653076171875,44.66231918334961
2021-11-11,13.260919570922852,14.973115921020508,8.206856727600098,46.23966979980469
2021-11-12,13.390356063842773,14.940634727478027,8.374409675598145,46.436832427978516
2021-11-16,13.370941162109375,14.784722328186035,8.461287498474121,45.09744644165039
2021-11-17,13.429192543029785,14.843198776245117,8.247196197509766,44.19318389892578
2021-11-18,13.299747467041016,14.596345901489258,8.234785079956055,42.37786102294922
2021-11-19,13.286806106567383,14.47292709350586,8.098264694213867,43.53368377685547
2021-11-22,13.060290336608887,14.50878620147705,8.178935050964355,45.954105377197266
2021-11-23,13.312691688537598,14.752028465270996,8.625737190246582,47.164329528808594
2021-11-24,13.655706405639648,15.146465301513672,8.802595138549805,48.25896072387695
2021-11-25,13.765726089477539,15.284520149230957,9.190442085266113,47.93260192871094
2021-11-26,13.215614318847656,14.99526309967041,8.83362102508545,46.66799545288086
2021-11-29,13.118538856506348,14.896651268005371,9.143900871276855,47.25270462036133
2021-11-30,12.885549545288086,14.712584495544434,9.131488800048828,47.558658599853516
2021-12-01,12.833772659301758,14.618929862976074,9.184236526489258,47.7490348815918
2021-12-02,13.487403869628906,15.171579360961914,9.88499927520752,49.965484619140625
2021-12-03,13.448533058166504,15.118943214416504,10.024420738220215,48.86405944824219
2021-12-06,13.733560562133789,15.29658317565918,10.069732666015625,51.515647888183594
2021-12-07,13.571609497070312,15.105791091918945,10.233555793762207,51.896400451660156
2021-12-08,13.487403869628906,14.961041450500488,10.230069160461426,51.508853912353516
2021-12-09,13.144062042236328,14.559718132019043,10.20915412902832,51.11451721191406
2021-12-10,13.092230796813965,14.579449653625488,10.334633827209473,51.43407440185547
2021-12-13,12.852544784545898,14.191282272338867,10.271895408630371,52.936641693115234
2021-12-14,13.046887397766113,14.329446792602539,10.149901390075684,52.929832458496094
2021-12-15,13.046887397766113,14.283393859863281,10.212639808654785,52.630680084228516
2021-12-16,13.208834648132324,14.428129196166992,10.348575592041016,54.69076156616211
2021-12-17,12.839583396911621,14.112326622009277,10.10458755493164,53.827301025390625
2021-12-20,12.573982238769531,13.895222663879395,9.815289497375488,53.222190856933594
2021-12-21,12.520123481750488,13.914956092834473,9.829231262207031,54.622779846191406
2021-12-22,12.579153060913086,13.967596054077148,9.815289497375488,54.337215423583984
2021-12-23,12.618502616882324,14.039960861206055,9.874542236328125,53.81369400024414
2021-12-27,12.762792587280273,14.18470287322998,10.02093505859375,53.67771530151367
2021-12-28,12.716876029968262,14.132070541381836,10.031392097473145,52.38593292236328
2021-12-29,12.657856941223145,14.013639450073242,9.947739601135254,52.52189254760742
2021-12-30,12.598831176757812,13.78337287902832,9.916370391845703,53.00461959838867
2022-01-03,12.91363525390625,14.163737297058105,10.139444351196289,53.03181076049805
2022-01-04,12.998303413391113,14.565406799316406,10.177785873413086,52.40631866455078
2022-01-05,12.90639591217041,14.288851737976074,9.783917427062988,52.90263366699219
2022-01-06,13.090208053588867,14.578575134277344,9.776947021484375,53.97006607055664
2022-01-07,13.280587196350098,14.901229858398438,9.822260856628418,57.11117935180664
2022-01-10,13.326539993286133,15.03950309753418,9.763007164001465,56.43129348754883
2022-01-11,13.346235275268555,15.375323295593262,10.052306175231934,57.50553512573242
2022-01-12,13.247767448425293,15.30948257446289,10.359033584594727,58.13103485107422
2022-01-13,13.484094619750977,15.592623710632324,10.568166732788086,57.247161865234375
2022-01-14,13.70073413848877,15.474100112915039,10.962032318115234,57.5803108215332
2022-01-17,13.77951717376709,15.474100112915039,10.979460716247559,57.281166076660156
2022-01-18,14.028976440429688,15.566287994384766,11.028257369995117,58.681739807128906
2022-01-19,13.851729393005371,15.460931777954102,10.975972175598145,59.97353744506836
2022-01-20,13.83859634399414,15.335813522338867,11.05614185333252,58.953712463378906
2022-01-21,13.694173812866211,15.34241008758545,11.073569297790527,57.72989273071289
2022-01-24,13.983022689819336,15.322650909423828,11.136310577392578,57.022796630859375
2022-01-25,14.541028022766113,15.875764846801758,11.498807907104492,57.151973724365234
2022-01-26,14.554165840148926,16.04697036743164,11.80553150177002,57.31517028808594
2022-01-27,14.62637996673584,16.125980377197266,11.809019088745117,57.4443359375
2022-01-28,14.836448669433594,16.323524475097656,11.341957092285156,56.880027770996094
2022-01-31,14.967744827270508,16.67910385131836,11.27573013305664,54.98311233520508
2022-02-01,15.020261764526367,16.796161651611328,11.502290725708008,58.00185012817383
2022-02-02,14.750205039978027,16.532596588134766,11.33498477935791,58.32821273803711
2022-02-03,14.96703052520752,16.723674774169922,11.178135871887207,58.30099868774414
2022-02-04,15.065582275390625,16.776397705078125,11.37332534790039,59.83077621459961
2022-02-07,15.013023376464844,16.68415069580078,11.206019401550293,61.2789421081543
2022-02-08,14.927610397338867,16.86863899230957,11.094483375549316,62.135616302490234
2022-02-09,13.646406173706055,16.196533203125,11.136310577392578,62.14921951293945
2022-02-10,13.843514442443848,16.5062313079834,11.30710220336914,63.821746826171875
2022-02-11,13.88950252532959,17.4814510345459,11.767192840576172,62.529964447021484
2022-02-14,13.909218788146973,17.441913604736328,11.502290725708008,62.257999420166016
2022-02-15,13.922353744506836,17.60665512084961,11.321043968200684,60.4086799621582
2022-02-16,14.086614608764648,17.422149658203125,11.47789192199707,60.85061264038086
2022-02-17,13.922353744506836,17.178340911865234,11.432579040527344,58.23301696777344
2022-02-18,14.00119686126709,17.244237899780273,11.502290725708008,58.35539245605469
2022-02-21,13.836946487426758,16.822519302368164,11.798561096191406,58.40299606323242
2022-02-22,13.784381866455078,16.976564407348633,11.760220527648926,59.41604232788086
2022-02-23,13.718683242797852,16.739225387573242,11.927529335021973,58.790531158447266
2022-02-24,13.304754257202148,16.455734252929688,11.638226509094238,59.51801300048828
2022-02-25,13.370452880859375,16.791959762573242,11.850846290588379,62.74071502685547
2022-03-02,13.23248291015625,16.513322830200195,12.084376335144043,67.75154876708984
2022-03-03,13.488154411315918,16.526527404785156,11.934499740600586,67.7855453491211
2022-03-04,13.100151062011719,16.275819778442383,11.931015014648438,69.32889556884766
2022-03-07,12.764752388000488,15.92615795135498,11.084027290344238,71.43657684326172
2022-03-08,12.929162979125977,15.774418830871582,11.314074516296387,68.30226135253906
2022-03-09,13.757787704467773,16.559507369995117,11.348929405212402,66.50135040283203
2022-03-10,13.6722993850708,16.57269859313965,11.746278762817383,68.69711303710938
2022-03-11,13.613105773925781,16.387983322143555,11.324529647827148,68.3370361328125
2022-03-14,13.711752891540527,16.6188907623291,11.108426094055176,64.67272186279297
2022-03-15,13.678872108459473,16.559507369995117,10.840038299560547,62.81584548950195
2022-03-16,13.876163482666016,16.882780075073242,10.745927810668945,64.34088134765625
2022-03-17,13.928776741027832,17.252235412597656,10.460114479064941,66.57902526855469
2022-03-18,13.895892143249512,17.377586364746094,10.6692476272583,67.84281158447266
2022-03-21,14.224713325500488,17.806415557861328,11.070083618164062,69.76322174072266
2022-03-22,14.402267456054688,18.050525665283203,11.021286964416504,68.20288848876953
2022-03-23,14.310209274291992,17.971357345581055,11.171165466308594,68.09698486328125
2022-03-24,14.52064323425293,18.09010124206543,11.300129890441895,68.4217758178711
2022-03-25,14.652180671691895,18.12309455871582,11.25830364227295,67.23562622070312
2022-03-28,14.579839706420898,18.109907150268555,11.014313697814941,67.31329345703125
2022-03-29,14.84288501739502,18.321012496948242,11.25830364227295,66.73433685302734
2022-03-30,14.750824928283691,18.360610961914062,11.498807907104492,67.68749237060547
2022-03-31,14.61272144317627,18.129684448242188,11.659141540527344,67.49686431884766
2022-04-01,14.454882621765137,18.180950164794922,11.505775451660156,68.45706939697266
2022-04-04,14.394970893859863,18.015911102294922,11.397726058959961,69.14897918701172
2022-04-05,13.993462562561035,17.652820587158203,11.289673805236816,67.1509017944336
2022-04-06,13.921058654785156,17.646217346191406,11.279216766357422,68.16758728027344
2022-04-07,13.980300903320312,17.633018493652344,11.864789962768555,68.57708740234375
2022-04-08,14.138267517089844,17.60000991821289,11.924042701721191,67.17913818359375
2022-04-11,14.118526458740234,17.53398895263672,11.833416938781738,66.36720275878906
2022-04-12,13.993462562561035,17.223722457885742,11.798561096191406,65.92240142822266
2022-04-13,14.138267517089844,17.26992416381836,12.049522399902344,65.94357299804688
2022-04-14,14.105356216430664,17.382156372070312,11.923783302307129,65.01868438720703
2022-04-18,14.355473518371582,17.481184005737305,11.714058876037598,63.945499420166016
2022-04-19,14.169207572937012,17.170902252197266,12.068684577941895,61.90507125854492
2022-04-20,14.118526458740234,17.283124923706055,12.125879287719727,60.295318603515625
2022-04-22,13.915799140930176,16.946449279785156,11.653047561645508,56.800437927246094
2022-04-25,13.828909873962402,16.88042640686035,11.481454849243164,55.83317565917969
2022-04-26,13.235212326049805,16.306087493896484,11.46239185333252,55.07065200805664
2022-04-27,13.31485366821289,16.17405128479004,11.46239185333252,58.01482391357422
2022-04-28,13.191764831542969,16.042015075683594,11.538653373718262,59.448062896728516
2022-04-29,13.018007278442383,15.758150100708008,11.546279907226562,58.805580139160156
2022-05-02,13.010760307312012,15.690533638000488,11.431880950927734,58.544342041015625
2022-05-03,13.096994400024414,15.769797325134277,11.534838676452637,58.24781799316406
2022-05-04,13.285441398620605,15.749985694885254,12.22883415222168,57.76064682006836
2022-05-05,12.850569725036621,15.386625289916992,12.205954551696777,56.715721130371094
2022-05-06,13.118735313415527,15.71695327758789,12.606340408325195,56.31328201293945
2022-05-09,13.314428329467773,15.492324829101562,12.263154029846191,54.00455093383789
2022-05-10,13.444892883300781,15.413057327270508,12.36992359161377,53.33380889892578
2022-05-11,13.676826477050781,15.928361892700195,12.800813674926758,55.55781936645508
2022-05-12,13.763806343078613,16.179418563842773,12.899958610534668,55.00004577636719
2022-05-13,13.923257827758789,16.371000289916992,13.067732810974121,54.93650436401367
2022-05-16,14.155190467834473,16.542774200439453,13.197381973266602,56.58156967163086
2022-05-17,14.445112228393555,16.68811798095703,13.025789260864258,56.34151840209961
2022-05-18,14.176933288574219,16.45029640197754,12.812250137329102,54.91533660888672
2022-05-19,14.068215370178223,16.397428512573242,13.029601097106934,56.376808166503906
2022-05-20,14.256661415100098,16.602231979370117,13.281269073486328,57.3723258972168
2022-05-23,14.488593101501465,17.031660079956055,13.80367660522461,58.544342041015625
2022-05-24,14.793004035949707,17.2893123626709,13.427818298339844,59.33510971069336
2022-05-25,14.626300811767578,16.97880744934082,13.619039535522461,59.51869201660156
2022-05-26,14.706035614013672,17.190217971801758,13.653032302856445,59.483367919921875
2022-05-27,14.916223526000977,17.282703399658203,13.002887725830078,60.521244049072266
2022-05-30,14.771260261535645,17.124149322509766,12.743680000305176,61.17784881591797
2022-05-31,14.858242988586426,17.282703399658203,12.773426055908203,60.86720657348633
2022-06-01,14.590058326721191,17.04315757751465,12.756429672241211,62.30044937133789
2022-06-02,14.531285285949707,17.11587142944336,12.645947456359863,63.47246551513672
2022-06-03,14.444226264953613,16.95720863342285,12.866910934448242,62.45576858520508
2022-06-06,14.458739280700684,16.89771270751953,12.875409126281738,62.51932144165039
2022-06-07,14.335402488708496,16.89771270751953,13.028386116027832,63.980804443359375
2022-06-08,14.081486701965332,16.57377815246582,12.964645385742188,61.77798080444336
2022-06-09,14.074228286743164,16.289499282836914,12.77767562866211,59.6881217956543
2022-06-10,13.863846778869629,15.932506561279297,12.599202156066895,59.70223617553711
2022-06-13,13.660710334777832,15.740788459777832,12.43773078918457,57.81006622314453
2022-06-14,13.522871017456055,15.635010719299316,12.577958106994629,57.69709777832031
2022-06-15,13.617183685302734,15.701127052307129,12.3569917678833,57.66180419921875
2022-06-17,13.406798362731934,15.50278377532959,11.604863166809082,54.65409851074219
2022-06-20,13.76227855682373,16.177120208740234,11.736594200134277,53.305580139160156
2022-06-21,13.664483070373535,16.00523567199707,11.502880096435547,53.65859603881836
2022-06-22,13.6058349609375,15.886229515075684,11.468889236450195,53.199668884277344
2022-06-23,13.24663257598877,15.522621154785156,11.25642204284668,51.25807189941406
2022-06-24,13.13666820526123,15.496174812316895,11.17143726348877,52.684261322021484
2022-06-27,13.319940567016602,15.58874225616455,11.889571189880371,55.105960845947266
2022-06-28,13.129338264465332,15.416849136352539,12.03829574584961,56.09440231323242
2022-06-29,12.902087211608887,15.258191108703613,11.932061195373535,55.62843322753906
2022-06-30,12.60886001586914,14.987133026123047,11.868321418762207,54.05397033691406
2022-07-01,12.704156875610352,15.117903709411621,12.123281478881836,53.023162841796875
2022-07-04,12.571308135986328,14.9723482131958,12.382488250732422,52.719566345214844
2022-07-05,12.600661277770996,15.078207969665527,11.910816192626953,52.45833206176758
2022-07-06,12.497917175292969,14.939266204833984,11.757842063903809,52.952552795410156
2022-07-07,12.754772186279297,15.150979995727539,12.102035522460938,54.491722106933594
2022-07-08,12.762113571166992,15.15759563446045,12.238011360168457,53.23495864868164
2022-07-11,12.505255699157715,14.912797927856445,12.178523063659668,51.42046356201172
2022-07-12,12.55663013458252,14.879719734191895,11.995800971984863,51.5757942199707
2022-07-13,12.270417213439941,14.820171356201172,12.004301071166992,51.3992805480957
2022-07-14,11.991543769836426,14.654772758483887,11.681353569030762,47.97500991821289
2022-07-15,12.064934730529785,14.919415473937988,11.881071090698242,48.27155685424805
2022-07-18,12.219043731689453,15.117903709411621,12.153024673461914,48.52572250366211
2022-07-19,12.66671371459961,15.627341270446777,12.399487495422363,48.63162612915039
2022-07-20,12.505255699157715,15.428858757019043,12.39523696899414,47.57963180541992
2022-07-21,12.674050331115723,15.55456829071045,12.331498146057129,48.412757873535156
2022-07-22,12.51259994506836,15.389161109924316,12.463225364685059,48.864620208740234
2022-07-25,12.68138599395752,15.614108085632324,13.045380592346191,49.768348693847656
2022-07-26,12.59332275390625,15.528104782104492,13.177111625671387,49.67656326293945
2022-07-27,12.66671371459961,15.581035614013672,13.321587562561035,49.789520263671875
2022-07-28,12.762113571166992,15.680272102355957,13.721020698547363,49.909549713134766
2022-07-29,12.79146957397461,15.627341270446777,14.511394500732422,49.24587631225586
2022-08-01,12.762113571166992,15.539713859558105,14.311675071716309,48.06679916381836
2022-08-02,12.981764793395996,15.705245018005371,14.37541389465332,49.59889602661133
2022-08-03,13.18747329711914,15.817800521850586,14.3839111328125,47.671417236328125
2022-08-04,13.429922103881836,16.201828002929688,14.536888122558594,47.396060943603516
2022-08-05,13.59154224395752,16.506397247314453,14.817344665527344,48.010318756103516
2022-08-08,13.635627746582031,16.711645126342773,15.565221786499023,48.419822692871094
2022-08-09,13.833992004394531,17.14864730834961,15.820178985595703,49.422386169433594
2022-08-10,14.054394721984863,17.466455459594727,15.769186973571777,49.45769500732422
2022-08-11,14.171942710876465,17.492944717407227,15.403746604919434,51.1804084777832
2022-08-12,14.348270416259766,17.704814910888672,16.547624588012695,51.835453033447266
2022-08-15,14.27480411529541,17.85709571838379,16.552845001220703,50.72150421142578
2022-08-16,14.480506896972656,18.062358856201172,16.704179763793945,51.85029602050781
2022-08-17,14.502543449401855,18.10870361328125,17.09556007385254,50.669532775878906
2022-08-18,14.590714454650879,18.05573844909668,17.439979553222656,50.2907829284668
2022-08-19,14.407039642333984,17.83910369873047,16.55806541442871,49.726383209228516
2022-08-22,14.208673477172852,17.63821792602539,16.91292381286621,48.99861145019531
2022-08-23,14.311530113220215,17.68509292602539,17.450416564941406,52.139923095703125
2022-08-24,14.230719566345215,17.758750915527344,17.554784774780273,50.461585998535156
2022-08-25,14.333568572998047,17.979734420776367,17.36692237854004,51.441856384277344
2022-08-26,14.282145500183105,17.872583389282227,17.554784774780273,50.669532775878906
2022-08-29,14.333568572998047,17.81232452392578,17.993131637573242,49.68925476074219
2022-08-30,14.289495468139648,17.731962203979492,16.923357009887695,48.248558044433594
2022-08-31,13.929498672485352,17.28331184387207,17.340829849243164,47.89951705932617
2022-09-01,14.047050476074219,17.549776077270508,17.66437339782715,47.44651794433594
2022-09-02,14.200722694396973,17.79100227355957,17.439979553222656,46.72616958618164
2022-09-05,14.23015308380127,18.079147338867188,17.398231506347656,48.43421173095703
2022-09-06,14.141894340515137,17.911624908447266,16.751148223876953,47.28314208984375
2022-09-08,14.061004638671875,17.7843017578125,16.594594955444336,47.906951904296875
2022-09-09,14.252211570739746,17.92502212524414,16.589378356933594,51.64979934692383
2022-09-12,14.391936302185059,18.146146774291992,16.42760467529297,52.10279846191406
2022-09-13,14.281623840332031,17.958526611328125,15.994474411010742,50.68437576293945
2022-09-14,14.215442657470703,17.891517639160156,16.239742279052734,49.7560920715332
2022-09-15,14.163957595825195,17.93842887878418,16.208431243896484,50.758636474609375
2022-09-16,14.002168655395508,17.87811851501465,16.06231689453125,50.68437576293945
2022-09-19,14.36252212524414,18.548206329345703,16.318021774291992,52.32558059692383
2022-09-20,14.825819969177246,19.164695739746094,16.22408676147461,51.575531005859375
2022-09-21,14.737573623657227,18.963668823242188,16.26583480834961,50.83290481567383
2022-09-22,15.07586669921875,19.34562873840332,16.667654037475586,51.99882507324219
2022-09-23,14.781702041625977,18.963668823242188,15.623968124389648,50.92201232910156
2022-09-26,14.516949653625488,18.55491065979004,15.284770965576172,51.033409118652344
2022-09-27,14.428703308105469,18.447694778442383,15.48306941986084,50.27592468261719
2022-09-28,14.43605899810791,18.440996170043945,15.274334907531738,50.7512092590332
2022-09-29,14.54637336730957,18.715734481811523,15.295207977294922,50.81804275512695
2022-09-30,14.590496063232422,18.802846908569336,15.550909042358398,53.49893569946289
2022-10-03,15.598002433776855,19.947853088378906,16.792896270751953,54.954490661621094
2022-10-04,15.589888572692871,19.981382369995117,16.37020492553711,56.28378677368164
2022-10-05,15.759184837341309,19.981382369995117,16.98597526550293,57.15266799926758
2022-10-06,15.435317993164062,19.619298934936523,17.565223693847656,55.86792755126953
2022-10-07,15.067285537719727,19.659528732299805,17.54956817626953,56.075862884521484
2022-10-10,14.839098930358887,19.451677322387695,17.351266860961914,54.94706344604492
2022-10-11,14.80229663848877,19.317564010620117,17.22080421447754,54.575748443603516
2022-10-13,14.588838577270508,19.203582763671875,17.711334228515625,53.602909088134766
2022-10-14,14.493149757385254,19.21028709411621,17.439979553222656,51.85772705078125
2022-10-17,14.596203804016113,19.364503860473633,17.42432403564453,52.67462158203125
2022-10-18,14.706610679626465,19.840572357177734,17.852231979370117,53.43952178955078
2022-10-19,14.772849082946777,19.84727668762207,18.483661651611328,52.80828857421875
2022-10-20,14.942156791687012,20.155717849731445,19.031597137451172,53.48408889770508
2022-10-21,15.258660316467285,20.826231002807617,19.683902740478516,55.051025390625
2022-10-24,14.610922813415527,19.880800247192383,17.873109817504883,53.4172477722168
2022-10-25,14.522587776184082,19.719877243041992,17.49738311767578,53.4172477722168
2022-10-26,13.889577865600586,19.297454833984375,17.069475173950195,54.60544967651367
2022-10-27,14.147195816040039,19.6528263092041,17.199932098388672,52.65977096557617
2022-10-28,14.228168487548828,19.807039260864258,16.996414184570312,50.09027099609375
2022-10-31,14.6182861328125,20.383691787719727,15.55612850189209,49.85263442993164
2022-11-01,14.699240684509277,20.435789108276367,15.582221031188965,51.367591857910156
2022-11-03,14.447991371154785,20.28818702697754,15.629183769226074,49.867488861083984
2022-11-04,14.293269157409668,20.36199378967285,14.768144607543945,53.65488815307617
2022-11-07,13.82174301147461,19.8990535736084,14.168025016784668,53.3726921081543
2022-11-08,13.689119338989258,19.838682174682617,14.2723970413208,54.991615295410156
2022-11-09,11.309365272521973,18.8859920501709,14.037564277648926,54.3232536315918
2022-11-10,10.977822303771973,18.530412673950195,13.630528450012207,55.3629264831543
2022-11-11,11.162013053894043,17.93330955505371,14.084531784057617,61.11830139160156
2022-11-14,11.169382095336914,17.879636764526367,14.455038070678711,61.86835479736328
2022-11-16,11.206215858459473,17.624692916870117,14.168025016784668,61.222267150878906
2022-11-17,11.449350357055664,17.73204231262207,14.173246383666992,61.712406158447266
2022-11-18,11.500926971435547,17.8729248046875,13.933197975158691,60.026641845703125
2022-11-21,11.419878959655762,17.92660140991211,13.974944114685059,59.3508415222168
2022-11-22,11.375673294067383,17.631404876708984,13.025115966796875,59.51421356201172
2022-11-23,11.294628143310547,17.45024871826172,13.086527824401855,60.10090255737305
2022-11-24,11.523030281066895,18.074193954467773,13.538750648498535,60.487064361572266
2022-11-25,11.309365272521973,17.43683433532715,13.321016311645508,60.07861328125
2022-11-28,11.294628143310547,17.121511459350586,13.600164413452148,60.37567901611328
2022-11-29,11.427248001098633,17.269107818603516,14.16962718963623,62.7075309753418
2022-11-30,11.478819847106934,17.443544387817383,14.884251594543457,63.650665283203125
2022-12-01,11.34620189666748,17.441972732543945,14.286870002746582,63.999698638916016
2022-12-02,11.338072776794434,17.676944732666016,14.465524673461914,64.46012878417969
2022-12-05,10.917597770690918,17.15999412536621,14.303621292114258,64.39329528808594
2022-12-06,11.175786018371582,17.556100845336914,14.314786911010742,65.32899475097656
2022-12-07,11.050378799438477,17.428537368774414,14.152876853942871,63.00457763671875
2022-12-08,10.733177185058594,16.817602157592773,13.834648132324219,63.776912689208984
2022-12-09,10.548760414123535,16.657516479492188,13.79556941986084,65.90081787109375
2022-12-12,10.430730819702148,16.500049591064453,13.348928451538086,63.932861328125
2022-12-13,10.120908737182617,15.877018928527832,13.019533157348633,64.20262145996094
2022-12-14,10.334830284118652,15.945483207702637,11.986679077148438,64.74658203125
2022-12-15,10.209426879882812,16.03447914123535,12.304908752441406,64.95520782470703
2022-12-16,10.19467544555664,16.212493896484375,12.310492515563965,63.84494400024414
2022-12-19,10.474991798400879,16.69859504699707,12.494729995727539,63.61394119262695
2022-12-20,10.851207733154297,16.876605987548828,12.87995433807373,63.8971061706543
2022-12-21,10.939726829528809,16.9450626373291,13.15910816192627,64.2622299194336
2022-12-22,10.97661018371582,16.979299545288086,13.393589973449707,63.8971061706543
2022-12-23,11.168405532836914,17.246322631835938,14.024471282958984,64.32185363769531
2022-12-26,10.902844429016113,16.903989791870117,13.923977851867676,64.9105224609375
2022-12-27,10.851207733154297,16.808143615722656,14.018889427185059,66.46044158935547
2022-12-28,11.183159828186035,17.15046501159668,13.84581470489502,66.3114013671875
2022-12-29,11.175786018371582,17.116233825683594,13.678323745727539,66.22943115234375
2023-01-02,10.880716323852539,16.778905868530273,12.796211242675781,66.6169204711914
2023-01-03,10.340758323669434,16.429489135742188,12.472400665283203,66.49768829345703
2023-01-04,10.370302200317383,16.47745132446289,12.868790626525879,66.6169204711914
2023-01-05,10.8208646774292,16.991294860839844,13.332178115844727,67.73466491699219
2023-01-06,11.123702049255371,17.285911560058594,13.25401782989502,68.80767822265625
2023-01-09,11.264631271362305,17.409225463867188,13.3265962600708,68.88220977783203
2023-01-10,11.602724075317383,17.744951248168945,13.449424743652344,69.73167419433594
2023-01-11,11.833239555358887,18.053253173828125,13.555501937866211,69.48577880859375
2023-01-12,11.55661678314209,17.799760818481445,13.750903129577637,69.85089111328125
2023-01-13,11.518197059631348,17.7106876373291,13.717405319213867,69.91050720214844
2023-01-16,11.164738655090332,17.51885414123535,13.4215087890625,68.74061584472656
2023-01-17,11.241575241088867,17.88196563720703,14.247791290283203,68.65119171142578
2023-01-18,11.410626411437988,18.203990936279297,13.99655532836914,69.55284118652344
2023-01-19,11.433676719665527,18.203990936279297,14.45435905456543,69.85089111328125
2023-01-20,11.27231502532959,17.88196563720703,14.722343444824219,70.03718566894531
2023-01-23,10.795913696289062,17.3338623046875,14.956830024719238,70.26818084716797
2023-01-24,10.911171913146973,17.491445541381836,14.850752830505371,71.01334381103516
2023-01-25,10.834329605102539,17.553110122680664,15.040573120117188,71.68397521972656
2023-01-26,10.865067481994629,17.450342178344727,14.655344009399414,73.02526092529297
2023-01-27,10.542341232299805,17.080368041992188,14.303621292114258,71.02824401855469
2023-01-30,10.596129417419434,17.087217330932617,14.376197814941406,70.77489471435547
2023-01-31,10.772859573364258,17.354429244995117,14.554859161376953,70.42466735839844
2023-02-01,10.565393447875977,17.126564025878906,14.353864669799805,69.64224243164062
2023-02-02,10.726189613342285,17.28425407409668,13.689489364624023,66.42317962646484
2023-02-03,10.487656593322754,17.222536087036133,13.84023380279541,66.28160095214844
2023-02-06,10.44918441772461,17.229394912719727,14.392949104309082,65.45448303222656
2023-02-07,10.387632369995117,16.831745147705078,14.303621292114258,65.88666534423828
2023-02-08,10.895466804504395,18.223535537719727,14.54368782043457,66.11021423339844
2023-02-09,10.618468284606934,17.771038055419922,14.476694107055664,65.86431884765625
2023-02-10,9.748984336853027,17.688758850097656,14.917749404907227,64.67951202392578
2023-02-13,10.095237731933594,18.31266212463379,14.96241283416748,64.6124496459961
2023-02-14,10.187570571899414,18.08641242980957,14.906580924987793,64.90306091308594
2023-02-15,10.587684631347656,18.353801727294922,14.928915023803711,66.31886291503906
2023-02-16,10.787745475769043,18.490921020507812,14.990328788757324,66.46044158935547
2023-02-17,10.726189613342285,18.429222106933594,14.761425971984863,65.59606170654297
2023-02-22,10.618468284606934,18.08641242980957,14.381782531738281,65.09680938720703
2023-02-23,10.572298049926758,18.15496826171875,14.822836875915527,64.79129028320312
2023-02-24,10.233738899230957,17.599626541137695,14.459944725036621,63.3680419921875
2023-02-27,10.133711814880371,17.37337875366211,14.599520683288574,63.3680419921875
2023-02-28,10.06445598602295,17.43507957458496,14.091465950012207,63.57669448852539
2023-03-01,9.987515449523926,17.152164459228516,14.124964714050293,66.46790313720703
2023-03-02,9.85572338104248,16.58958625793457,13.756485939025879,66.31886291503906
2023-03-03,9.90966510772705,16.610157012939453,14.348282814025879,66.54240417480469
2023-03-06,10.241015434265137,16.987512588500977,14.493441581726074,64.19515228271484
2023-03-07,10.47989559173584,17.035537719726562,14.013303756713867,63.584136962890625
2023-03-08,10.80354118347168,17.248226165771484,14.191961288452148,64.16536712646484
2023-03-09,10.765007972717285,16.918903350830078,14.130548477172852,63.323341369628906
2023-03-10,10.456775665283203,16.51411247253418,13.946307182312012,63.11469650268555
2023-03-13,10.341190338134766,16.315149307250977,13.505252838134766,63.37550354003906
2023-03-14,10.279546737670898,16.26026153564453,13.26518440246582,63.952457427978516
2023-03-15,10.425952911376953,16.219097137451172,13.030698776245117,62.02581024169922
2023-03-16,10.71877670288086,16.486669540405273,12.986037254333496,62.254268646240234
2023-03-17,10.27184009552002,16.013273239135742,13.12561321258545,63.00056076049805
2023-03-20,10.0946044921875,16.05443000793457,12.801796913146973,63.51838684082031
2023-03-21,10.125428199768066,16.383752822875977,13.064196586608887,62.985328674316406
2023-03-22,10.032959938049316,16.287696838378906,13.025115966796875,62.200958251953125
2023-03-23,9.686200141906738,15.882908821105957,12.729215621948242,60.601768493652344
2023-03-24,9.794078826904297,16.113304138183594,12.723633766174316,59.908790588378906
2023-03-27,9.971311569213867,16.390878677368164,12.94136905670166,59.809791564941406
2023-03-28,9.955904006958008,16.46721839904785,13.170272827148438,60.44184875488281
2023-03-29,10.009840965270996,16.626815795898438,13.343343734741211,61.30998611450195
2023-03-30,10.310367584228516,17.084815979003906,13.382426261901855,62.307579040527344
2023-03-31,10.148547172546387,17.168092727661133,13.092109680175781,61.1424560546875
2023-04-03,9.894253730773926,16.687294006347656,13.672741889953613,61.15768051147461
2023-04-04,10.117263793945312,17.0206298828125,13.54991626739502,59.42902374267578
2023-04-05,10.202153205871582,17.00673484802246,13.594578742980957,58.55327606201172
2023-04-06,10.055529594421387,16.95118522644043,13.399175643920898,58.44667053222656
2023-04-10,10.171282768249512,17.131738662719727,13.68390941619873,59.57371139526367
2023-04-11,10.703770637512207,17.687286376953125,14.32595157623291,62.71880340576172
2023-04-12,10.649751663208008,17.805334091186523,14.432026863098145,61.378509521484375
2023-04-13,10.657468795776367,17.805334091186523,14.53252124786377,60.548458099365234
2023-04-14,10.642032623291016,18.062274932861328,14.683263778686523,60.01539611816406
2023-04-17,10.595727920532227,18.027559280395508,14.912162780761719,59.2995719909668
2023-04-18,10.526276588439941,18.013675689697266,15.291807174682617,59.809791564941406
2023-04-19,10.333345413208008,17.728946685791016,14.800504684448242,58.065914154052734
2023-04-20,10.42595100402832,17.777557373046875,14.9010009765625,56.85509490966797
2023-04-24,10.34106159210205,17.61783790588379,15.185733795166016,54.79898452758789
2023-04-25,10.572575569152832,17.777557373046875,15.124322891235352,53.30640411376953
2023-04-26,10.418232917785645,17.59701156616211,14.934499740600586,53.512020111083984
2023-04-27,10.618881225585938,17.909509658813477,14.571603775024414,54.64668655395508
2023-04-28,10.688333511352539,17.99978256225586,14.905025482177734,55.134063720703125
2023-05-02,10.533990859985352,17.303239822387695,14.301275253295898,52.95610809326172
2023-05-03,10.625933647155762,17.275449752807617,14.25096607208252,52.54488754272461
2023-05-04,10.873226165771484,17.4144229888916,14.477371215820312,50.91522979736328
2023-05-05,11.414185523986816,18.060691833496094,15.093697547912598,52.57535171508789
2023-05-08,11.839223861694336,18.310863494873047,15.41443920135498,53.28356170654297
2023-05-09,11.723304748535156,18.42204475402832,15.464747428894043,53.831851959228516
2023-05-10,11.746488571166992,18.693056106567383,15.427017211914062,52.81903076171875
2023-05-11,11.901044845581055,18.873737335205078,15.993026733398438,51.790985107421875
2023-05-12,11.955142974853516,18.70000648498535,16.508726119995117,51.84428405761719
2023-05-15,12.140613555908203,18.769493103027344,16.137676239013672,52.590576171875
2023-05-16,12.14834213256836,18.706951141357422,16.54017448425293,51.50922393798828
2023-05-17,12.094244956970215,18.89457893371582,16.137676239013672,53.21501922607422
2023-05-18,12.132888793945312,18.82509422302246,16.232013702392578,53.29117965698242
2023-05-19,12.42654800415039,18.67220687866211,16.206857681274414,52.704811096191406
2023-05-22,12.302903175354004,18.31780242919922,16.11252212524414,51.85952377319336
2023-05-23,12.403361320495605,18.463743209838867,16.508726119995117,50.68677520751953
2023-05-24,12.024693489074707,18.3594970703125,16.760292053222656,49.536888122558594
2023-05-25,12.457457542419434,18.936277389526367,16.63450813293457,49.384578704833984
2023-05-26,12.457457542419434,18.79034996032715,16.854629516601562,50.51163101196289
2023-05-29,12.472916603088379,18.706951141357422,16.78544807434082,50.1308708190918
2023-05-30,12.132888793945312,18.44289207458496,16.596776962280273,48.95051574707031
2023-05-31,11.986055374145508,18.296960830688477,16.42697525024414,48.592594146728516
2023-06-01,12.194707870483398,18.5665225982666,16.95525550842285,49.62065124511719
2023-06-02,12.209390640258789,18.837722778320312,17.09361457824707,51.73767852783203
2023-06-05,12.634942054748535,18.87944221496582,17.27599334716797,51.31122589111328
2023-06-06,12.836106300354004,19.011558532714844,17.640756607055664,51.478763580322266
2023-06-07,12.828369140625,19.067184448242188,18.156463623046875,52.293582916259766
2023-06-09,13.045015335083008,19.33142852783203,19.043209075927734,52.057518005371094
2023-06-12,12.936691284179688,19.122821807861328,19.37653160095215,51.11323547363281
2023-06-13,12.952170372009277,19.338382720947266,19.33872413635254,51.653907775878906
2023-06-14,13.03727912902832,19.60263442993164,20.169633865356445,52.560115814208984
2023-06-15,13.075959205627441,19.859914779663086,19.693870544433594,52.97134017944336
2023-06-16,13.114651679992676,19.922504425048828,19.861391067504883,53.05509948730469
2023-06-19,13.346766471862793,20.193696975708008,20.384056091308594,52.8494987487793
2023-06-20,13.377716064453125,20.18408203125,20.484573364257812,51.48637390136719
2023-06-21,13.346766471862793,20.38058853149414,21.34228515625,50.96854019165039
2023-06-22,12.998587608337402,20.18408203125,21.07425308227539,50.694393157958984
2023-06-23,12.836106300354004,20.120922088623047,20.209836959838867,50.184173583984375
2023-06-26,12.774206161499023,20.092849731445312,20.665494918823242,50.29079055786133
2023-06-27,12.818764686584473,19.86826515197754,20.504674911499023,50.892391204833984
2023-06-28,12.607337951660156,19.755983352661133,20.69900131225586,49.285579681396484
2023-06-29,12.662152290344238,19.99458885192871,20.792814254760742,49.88718795776367
2023-06-30,12.881413459777832,19.94546890258789,19.78768539428711,48.904823303222656
2023-07-03,13.045853614807129,20.33707618713379,20.156230926513672,50.43547821044922
2023-07-04,12.96665096282959,20.210668563842773,20.203134536743164,50.184173583984375
2023-07-05,12.990169525146484,20.3862361907959,20.176332473754883,49.74249267578125
2023-07-06,12.676590919494629,20.084274291992188,19.868093490600586,49.384578704833984
2023-07-07,12.762826919555664,20.463478088378906,19.767578125,49.84910202026367
2023-07-10,12.770665168762207,20.33005714416504,19.801084518432617,49.08757781982422
2023-07-11,12.778505325317383,19.971906661987305,19.533048629760742,50.70200729370117
2023-07-12,12.66091251373291,19.852523803710938,19.546449661254883,51.05992126464844
2023-07-13,12.974495887756348,20.070222854614258,19.854690551757812,52.24789810180664
2023-07-14,12.880417823791504,19.85955238342285,19.466039657592773,52.24789810180664
2023-07-17,13.013690948486328,20.245786666870117,19.42583465576172,51.66913604736328
2023-07-18,12.990169525146484,19.852523803710938,19.318620681762695,51.3416862487793
2023-07-19,12.943133354187012,19.64185333251953,19.499544143676758,51.204612731933594
2023-07-20,12.950973510742188,20.007015228271484,19.5196475982666,51.3188362121582
2023-07-21,13.374313354492188,20.365171432495117,19.888193130493164,51.631065368652344
2023-07-24,13.013690948486328,20.042123794555664,20.30364990234375,53.192176818847656
2023-07-25,12.96665096282959,20.084274291992188,20.7727108001709,54.837066650390625
2023-07-26,13.09992790222168,20.196624755859375,20.7727108001709,54.64668655395508
2023-07-27,12.802022933959961,19.7471866607666,19.693870544433594,53.626243591308594
2023-07-28,12.943133354187012,20.042123794555664,19.941802978515625,51.5015983581543
2023-07-31,13.060729026794434,20.11235809326172,20.846426010131836,52.666725158691406
2023-08-01,13.029373168945312,20.1739444732666,20.504674911499023,51.935665130615234
2023-08-02,13.083507537841797,20.110708236694336,20.45777130126953,51.09037780761719
2023-08-03,12.989326477050781,19.95612144470215,20.719106674194336,51.41022491455078
2023-08-04,12.125985145568848,19.590723037719727,20.102622985839844,51.44829559326172
2023-08-07,12.039649963378906,19.43613624572754,20.22994041442871,51.707210540771484
2023-08-08,12.094590187072754,19.39396858215332,20.25004005432129,51.37214660644531
2023-08-09,12.031801223754883,19.323705673217773,20.410865783691406,50.907615661621094
2023-08-10,12.133831977844238,19.38694190979004,20.524778366088867,50.306007385253906
2023-08-11,12.063194274902344,19.42207908630371,20.477874755859375,49.88718795776367
2023-08-14,12.000409126281738,19.141006469726562,20.531476974487305,48.56018829345703
2023-08-15,12.031801223754883,19.035606384277344,20.678897857666016,48.08164596557617
2023-08-16,11.969014167785645,19.02155303955078,21.134557723999023,47.893367767333984
2023-08-17,11.843439102172852,18.796695709228516,21.067546844482422,48.568031311035156
2023-08-18,11.92192268371582,18.944252014160156,21.121156692504883,48.026729583740234
2023-08-21,11.835591316223145,18.866968154907227,20.97373390197754,48.0894889831543
2023-08-22,11.91407585144043,19.16208839416504,21.293241500854492,49.093650817871094
2023-08-23,12.07889461517334,19.400997161865234,22.4271183013916,49.45451354980469
2023-08-24,11.788496017456055,19.176136016845703,22.392337799072266,48.795536041259766
2023-08-25,11.639376640319824,18.87398910522461,22.239299774169922,48.69355392456055
2023-08-28,12.016105651855469,19.513425827026367,22.489728927612305,49.39175033569336
2023-08-29,12.157378196716309,19.82261085510254,22.538421630859375,50.96858596801758
2023-08-30,11.89837646484375,19.443157196044922,22.691455841064453,50.976436614990234
2023-08-31,11.73355770111084,19.274513244628906,22.218429565429688,51.05488204956055
2023-09-01,11.764951705932617,19.441619873046875,22.698415756225586,54.043800354003906
2023-09-04,11.709135055541992,19.265817642211914,22.461898803710938,54.44389724731445
2023-09-05,11.457662582397461,18.9775447845459,23.213184356689453,54.20854187011719
2023-09-06,11.300497055053711,18.794729232788086,23.317527770996094,53.33775329589844
2023-09-08,11.300497055053711,18.82286262512207,23.23404884338379,52.33360290527344
2023-09-11,11.512672424316406,19.300994873046875,23.213184356689453,53.08671951293945
2023-09-12,11.654129028320312,19.413488388061523,23.324481964111328,53.0474967956543
2023-09-13,11.701279640197754,19.511926651000977,22.976665496826172,52.84352493286133
2023-09-14,11.748429298400879,19.43458366394043,23.560998916625977,55.008724212646484
2023-09-15,11.724854469299316,19.39240074157715,23.574909210205078,54.5537223815918
2023-09-18,11.724854469299316,19.343181610107422,23.741863250732422,53.91044235229492
2023-09-19,11.59126091003418,19.285873413085938,23.79750633239746,54.012420654296875
2023-09-20,11.638411521911621,19.612512588500977,23.853160858154297,54.373287200927734
2023-09-21,11.206192016601562,19.165157318115234,23.484481811523438,52.95335388183594
2023-09-22,11.11974811553955,19.115455627441406,23.672300338745117,53.34559631347656
2023-09-25,11.088318824768066,19.172258377075195,23.825334548950195,52.247314453125
2023-09-26,10.970438003540039,18.88822364807129,23.275787353515625,51.431434631347656
2023-09-27,10.939006805419922,18.852718353271484,24.01315689086914,51.541263580322266
2023-09-28,11.198333740234375,19.349782943725586,23.964460372924805,52.32575607299805
2023-09-29,11.237631797790527,19.321372985839844,24.096633911132812,53.016117095947266
2023-10-02,11.080459594726562,19.142074584960938,23.734901428222656,52.55326461791992
2023-10-03,10.945876121520996,18.90048599243164,23.63056182861328,52.23162078857422
2023-10-04,11.315727233886719,19.333919525146484,22.691455841064453,51.67462921142578
2023-10-05,11.362939834594727,19.63945198059082,22.767976760864258,51.69816589355469
2023-10-06,11.38654613494873,19.824190139770508,23.31057357788086,52.45127868652344
2023-10-09,11.284250259399414,19.65366554260254,24.31228256225586,52.07472229003906
2023-10-10,11.410154342651367,19.632341384887695,24.49314308166504,52.388519287109375
2023-10-11,11.57540225982666,19.88103485107422,24.4305362701416,52.84352493286133
2023-10-13,11.402284622192383,19.67498207092285,25.237470626831055,52.239463806152344
2023-10-16,11.520319938659668,19.703399658203125,25.515718460083008,52.79646301269531
2023-10-17,11.402284622192383,19.412078857421875,26.20439338684082,53.22793197631836
2023-10-18,11.299985885620117,19.007070541381836,26.79568099975586,51.27454376220703
2023-10-19,11.355069160461426,19.227340698242188,26.670467376708984,50.537113189697266
2023-10-20,11.142606735229492,19.15628433227539,26.329607009887695,49.17209243774414
2023-10-23,11.158343315124512,19.177597045898438,24.59052848815918,49.07796096801758
2023-10-24,11.158343315124512,19.177597045898438,24.959213256835938,50.19977951049805
2023-10-25,11.126867294311523,19.2131290435791,25.09138298034668,50.1527099609375
2023-10-26,11.410154342651367,19.689191818237305,24.833999633789062,51.227474212646484
2023-10-27,11.29211711883545,19.397865295410156,24.65313148498535,53.008270263671875
2023-10-30,11.166214942932129,19.24155616760254,24.402711868286133,53.486812591552734
2023-10-31,11.008831977844238,19.056806564331055,24.166196823120117,54.13010025024414
2023-11-01,11.111126899719238,19.325321197509766,24.4305362701416,55.16563034057617
2023-11-03,11.63825798034668,19.858577728271484,24.722700119018555,55.855979919433594
2023-11-06,11.630376815795898,20.04344367980957,24.701828002929688,56.09133529663086
2023-11-07,11.937687873840332,20.605146408081055,24.291406631469727,54.977352142333984
2023-11-08,12.000723838806152,20.69757843017578,23.769685745239258,55.016571044921875
2023-11-09,12.024361610412598,20.790000915527344,24.263586044311523,55.28329849243164
2023-11-10,11.851009368896484,21.038860321044922,24.15228271484375,56.13056564331055
2023-11-13,11.614619255065918,20.89665412902832,24.827043533325195,56.012882232666016
2023-11-14,11.858888626098633,21.209510803222656,25.16790199279785,57.746604919433594
2023-11-16,12.26862907409668,21.55078887939453,24.72965431213379,58.131011962890625
2023-11-17,12.158312797546387,21.650333404541016,25.53658676147461,58.240840911865234
2023-11-20,12.189833641052246,21.863636016845703,25.55745506286621,59.66862106323242
2023-11-21,12.142556190490723,21.828088760375977,25.293115615844727,61.112098693847656
2023-11-22,12.394705772399902,21.96317481994629,25.416913986206055,60.53117370605469
2023-11-23,12.725650787353516,21.934736251831055,25.424142837524414,60.15108108520508
2023-11-24,12.733529090881348,21.813859939575195,25.496427536010742,59.641605377197266
2023-11-27,12.654733657836914,21.756980895996094,25.351850509643555,59.28578186035156
2023-11-28,12.772929191589355,21.970285415649414,25.734983444213867,59.41516876220703
2023-11-29,12.709894180297852,22.119598388671875,25.467510223388672,59.398990631103516
2023-11-30,12.820208549499512,22.460886001586914,25.95907974243164,59.72248077392578
2023-12-01,12.859602928161621,22.409408569335938,25.785585403442383,60.83039093017578
2023-12-04,12.764131546020508,22.437875747680664,25.236190795898438,59.463687896728516
2023-12-05,12.882464408874512,22.62283706665039,25.120527267456055,58.91377258300781
2023-12-06,12.7483549118042,22.423646926879883,24.216909408569336,58.52560806274414
2023-12-07,12.77991008758545,22.672630310058594,24.15907859802246,58.71159744262695
2023-12-08,12.985017776489258,22.959444046020508,24.932573318481445,58.87334442138672
2023-12-11,12.882464408874512,22.801692962646484,24.83859634399414,58.92185974121094
2023-12-12,12.819352149963379,22.686965942382812,24.636186599731445,59.02699661254883
2023-12-13,13.379457473754883,23.375324249267578,24.99040412902832,59.03508377075195
2023-12-14,13.608236312866211,23.56892204284668,25.532573699951172,59.358558654785156
2023-12-15,13.742344856262207,23.468538284301758,25.59040641784668,59.730567932128906
2023-12-18,13.844897270202637,23.583261489868164,25.908475875854492,60.01359939575195
2023-12-19,13.844897270202637,23.59760093688965,26.20486068725586,60.43413162231445
2023-12-20,13.616127014160156,23.353809356689453,26.298839569091797,60.24003982543945
2023-12-21,13.624016761779785,23.511552810668945,26.30607032775879,62.24562072753906
2023-12-22,13.828556060791016,23.884418487548828,26.559080123901367,61.77656936645508
2023-12-26,13.869645118713379,24.12820816040039,26.98558807373047,61.99492263793945
2023-12-27,13.95180606842041,24.293119430541992,27.007274627685547,62.59336853027344
2023-12-28,14.042192459106445,24.357656478881836,26.9205265045166,62.431617736816406
2024-01-02,13.762829780578613,24.047487258911133,27.310894012451172,62.310325622558594
2024-01-03,13.778437614440918,23.782039642333984,28.163904190063477,61.98683166503906
2024-01-04,13.589238166809082,23.624210357666016,27.925350189208984,61.153873443603516
2024-01-05,13.88537883758545,24.17661476135254,27.99040985107422,60.36943435668945
2024-01-08,13.778437614440918,23.91835594177246,27.780771255493164,60.06212615966797
2024-01-09,13.4082670211792,23.904001235961914,27.54221534729004,59.301944732666016
2024-01-10,13.177942276000977,23.882482528686523,27.289199829101562,58.41238784790039
2024-01-11,13.11213493347168,23.92552947998047,27.52052879333496,58.719688415527344
2024-01-12,13.005197525024414,23.954221725463867,27.592819213867188,57.975685119628906
2024-01-15,13.054553031921387,23.997272491455078,27.889204025268555,57.86247634887695
2024-01-16,12.939391136169434,23.660091400146484,27.54221534729004,57.110382080078125
2024-01-17,12.964071273803711,23.6744327545166,27.3831787109375,56.08332443237305
2024-01-18,12.890034675598145,23.57399559020996,27.27474594116211,55.80028533935547
2024-01-19,12.865358352661133,23.631389617919922,27.13016700744629,55.072452545166016
2024-01-22,12.71728801727295,23.243986129760742,27.253055572509766,54.8298454284668
2024-01-23,12.651484489440918,23.35160255432129,27.592819213867188,55.96202087402344
2024-01-24,12.602127075195312,23.243986129760742,27.3831787109375,56.52812194824219
2024-01-25,12.635032653808594,23.193769454956055,28.395225524902344,55.137149810791016
2024-01-26,12.766648292541504,23.538127899169922,28.886796951293945,56.20463180541992
2024-01-29,12.651484489440918,23.416168212890625,29.3277587890625,55.93775939941406
2024-01-30,12.56099796295166,23.2655086517334,29.14703941345215,55.62236785888672
2024-01-31,12.626805305480957,23.5166072845459,29.465112686157227,54.7974967956543
2024-02-01,12.602127075195312,23.46467399597168,30.050657272338867,54.54679489135742
2024-02-02,12.617753982543945,23.500564575195312,29.66028594970703,53.438880920410156
2024-02-05,12.87307357788086,23.945592880249023,29.790407180786133,52.9779167175293
2024-02-06,13.671981811523438,24.972036361694336,30.06511116027832,53.916011810302734
2024-02-07,11.497641563415527,24.792587280273438,30.506078720092773,54.021141052246094
2024-02-08,11.16819953918457,24.30449104309082,30.26029396057129,53.54400634765625
2024-02-09,11.085837364196777,24.613140106201172,29.855472564697266,53.30948257446289
2024-02-14,11.011711120605469,24.613140106201172,29.631370544433594,53.14774703979492
2024-02-15,11.061126708984375,24.821300506591797,30.578367233276367,52.9779167175293
2024-02-16,11.10230827331543,24.792587280273438,30.860294342041016,54.9915771484375
2024-02-19,11.242318153381348,25.065349578857422,31.012096405029297,54.57914352416992
2024-02-20,11.505875587463379,25.61087417602539,30.686798095703125,53.38227081298828
2024-02-21,11.464696884155273,25.467313766479492,30.730165481567383,53.786624908447266
2024-02-22,11.530584335327148,25.32285499572754,30.498844146728516,54.36079406738281
2024-02-23,11.382335662841797,25.39698028564453,30.28921127319336,54.49018478393555
2024-02-26,11.36586856842041,25.471115112304688,30.860294342041016,53.1720085144043
2024-02-27,11.547059059143066,25.782466888427734,30.816925048828125,54.5710563659668
2024-02-28,11.497641563415527,25.79729461669922,29.226560592651367,53.97262191772461
2024-02-29,11.324681282043457,25.159770965576172,29.016918182373047,54.17479705810547
2024-03-01,11.36586856842041,25.26927947998047,29.045833587646484,54.08583068847656
2024-03-04,11.257801055908203,25.076440811157227,28.973546981811523,53.96453857421875
2024-03-05,11.315531730651855,25.054189682006836,28.886796951293945,53.25287628173828
2024-03-06,11.3980073928833,25.328622817993164,29.522945404052734,53.98070526123047
2024-03-07,11.34852409362793,25.061609268188477,29.1976375579834,53.794708251953125
2024-03-08,11.41450309753418,25.291532516479492,26.530162811279297,53.38227081298828
2024-03-11,11.480484008789062,25.417621612548828,25.771129608154297,51.72443389892578
2024-03-12,11.620691299438477,25.52145004272461,26.616912841796875,51.40215301513672
2024-03-13,11.744401931762695,25.773622512817383,26.298839569091797,51.731658935546875
2024-03-14,11.818632125854492,25.7587947845459,26.183177947998047,51.072662353515625
2024-03-15,11.637185096740723,25.617874145507812,26.25546646118164,50.48969268798828
2024-03-18,11.711409568786621,25.72170639038086,26.26992416381836,51.45284652709961
2024-03-19,11.64543342590332,25.7587947845459,26.074745178222656,51.87528610229492
2024-03-20,11.793885231018066,25.810714721679688,26.530162811279297,52.221683502197266
2024-03-21,11.661928176879883,25.543701171875,25.80727195739746,52.09495544433594
2024-03-22,11.513473510742188,25.18651580810547,26.060285568237305,51.49509811401367
2024-03-25,11.496978759765625,25.18651580810547,26.457876205444336,51.38526153564453
2024-03-26,11.661928176879883,25.686962127685547,26.212093353271484,50.73470687866211
2024-03-27,11.843369483947754,25.828882217407227,26.42173194885254,51.19939041137695
2024-03-28,11.760897636413574,25.87369728088379,27.007274627685547,51.393707275390625
2024-04-01,11.653679847717285,24.9901180267334,27.216917037963867,51.723209381103516
2024-04-02,11.718903541564941,25.020004272460938,27.91811752319336,52.331520080566406
2024-04-03,11.950142860412598,24.83316993713379,27.773540496826172,51.57957458496094
2024-04-04,12.024468421936035,24.504356384277344,27.45547103881836,51.005062103271484
2024-04-05,11.991436004638672,24.459522247314453,27.54221534729004,50.447444915771484
2024-04-08,12.074021339416504,24.825702667236328,27.925350189208984,53.20174026489258
2024-04-09,12.148348808288574,25.087257385253906,27.997636795043945,52.84688949584961
2024-04-10,11.892333030700684,24.556673049926758,28.619325637817383,52.04426193237305
2024-04-11,11.884075164794922,24.51183319091797,28.409687042236328,52.26392364501953
2024-04-12,11.735419273376465,24.257749557495117,28.14944076538086,52.06960678100586
2024-04-15,11.561989784240723,23.84672737121582,28.416921615600586,52.37376022338867
2024-04-16,11.479402542114258,23.66736602783203,28.547035217285156,51.909080505371094
2024-04-17,11.421592712402344,23.68231773376465,28.75667953491211,52.47514724731445
2024-04-18,11.37204360961914,23.71221160888672,28.80727767944336,52.66946792602539
2024-04-19,11.264683723449707,23.577688217163086,29.29884147644043,53.5312385559082
2024-04-22,11.215131759643555,23.562747955322266,30.00005531311035,53.505897521972656
2024-04-23,11.289456367492676,23.913976669311523,29.942222595214844,53.04121017456055
2024-04-24,11.289456367492676,23.809358596801758,29.804868698120117,53.70021438598633
2024-04-25,11.28119945526123,23.674840927124023,30.52053451538086,52.568084716796875
2024-04-26,11.462886810302734,24.070913314819336,30.951574325561523,52.568084716796875
2024-04-29,11.611541748046875,23.88408851623535,31.323137283325195,53.98747253417969
2024-04-30,11.561989784240723,23.435699462890625,31.226530075073242,53.47209930419922
2024-05-02,11.429851531982422,23.77789878845215,31.34542465209961,54.00436782836914
2024-05-03,11.395925521850586,24.07699203491211,30.946687698364258,54.06351089477539
2024-05-06,11.387656211853027,24.226545333862305,31.156158447265625,54.224037170410156
2024-05-07,11.387656211853027,24.72751808166504,31.53630256652832,54.56199264526367
2024-05-08,11.41246509552002,24.884546279907227,32.01729202270508,54.06351089477539
2024-05-09,11.123018264770508,24.136816024780273,32.32761001586914,54.50284957885742
2024-05-10,11.05685806274414,24.413469314575195,32.257789611816406,54.31697082519531
2024-05-13,11.10647964477539,24.712568283081055,32.28882598876953,54.638023376464844
2024-05-14,11.098206520080566,24.981752395629883,31.706968307495117,54.604225158691406
2024-05-15,10.990700721740723,24.914457321166992,29.790748596191406,54.44370651245117
2024-05-16,11.048588752746582,24.83968734741211,28.92184829711914,54.840797424316406
2024-05-17,11.10647964477539,24.847158432006836,28.46412467956543,55.91378402709961
2024-05-20,11.02377986907959,24.772388458251953,28.51067352294922,55.8884391784668
2024-05-21,11.08166790008545,24.645273208618164,28.45636749267578,55.727909088134766
2024-05-22,10.833571434020996,24.263931274414062,28.844263076782227,55.288578033447266
2024-05-23,10.651633262634277,24.047082901000977,28.557222366333008,54.959083557128906
2024-05-24,10.726061820983887,23.81528663635254,28.402063369750977,54.98442840576172
2024-05-27,10.69298267364502,23.733034133911133,28.712379455566406,55.1702995300293
2024-05-28,10.68471622467041,23.60592269897461,29.32526397705078,53.97902297973633
2024-05-29,10.5772066116333,23.441423416137695,29.28647232055664,53.42985916137695
2024-05-31,10.477968215942383,23.202150344848633,30.09330940246582,53.39606475830078
2024-06-03,10.544120788574219,23.529579162597656,29.930389404296875,52.272377014160156
2024-06-04,10.642664909362793,23.611875534057617,29.5967960357666,51.740108489990234
2024-06-05,10.584684371948242,23.566987991333008,29.63558578491211,51.005062103271484
2024-06-06,10.808306694030762,23.866252899169922,29.77522850036621,51.714759826660156
2024-06-07,10.725483894348145,23.529579162597656,28.6580753326416,51.03886413574219
2024-06-10,10.650945663452148,23.34254264831543,29.092525482177734,51.59648132324219
2024-06-11,10.708918571472168,23.60439109802246,29.216650009155273,51.520442962646484
2024-06-12,10.510148048400879,23.566987991333008,28.58091926574707,50.81074142456055
2024-06-13,10.518430709838867,23.320098876953125,28.293670654296875,51.393707275390625
2024-06-14,10.626100540161133,23.297651290893555,27.671306610107422,51.21628189086914
2024-06-17,10.742048263549805,23.866252899169922,27.775033950805664,51.01351547241211
2024-06-18,10.575519561767578,23.851287841796875,28.64474868774414,51.25008010864258
2024-06-19,10.626771926879883,24.038328170776367,28.66868782043457,51.410606384277344
2024-06-20,10.601146697998047,23.873737335205078,29.123493194580078,51.87528610229492
2024-06-21,10.59260368347168,24.040388107299805,29.275087356567383,51.393707275390625
2024-06-24,10.626771926879883,24.387269973754883,29.57032012939453,51.45284652709961
2024-06-25,10.541354179382324,24.462677001953125,29.5463809967041,51.24163055419922
2024-06-26,10.566977500915527,24.417430877685547,29.594253540039062,51.87528610229492
2024-06-27,10.609687805175781,24.462677001953125,30.088956832885742,52.01047134399414
2024-06-28,10.575519561767578,24.440053939819336,30.360240936279297,52.568084716796875
2024-07-01,10.481552124023438,24.325109481811523,30.823026657104492,53.34536361694336
2024-07-02,10.463567733764648,24.642000198364258,30.72727394104004,53.16794204711914
2024-07-03,10.497788429260254,24.79289436340332,30.19268035888672,54.224037170410156
2024-07-04,10.54056453704834,24.83061981201172,29.777772903442383,53.95368194580078
2024-07-05,10.660343170166016,24.845712661743164,29.937353134155273,53.734012603759766
2024-07-08,10.660343170166016,24.800445556640625,30.67142677307129,53.31157302856445
2024-07-09,10.660343170166016,24.973981857299805,30.66344451904297,53.24398422241211
2024-07-10,10.84001350402832,25.23805809020996,30.37619972229004,52.52583694458008
2024-07-11,10.84001350402832,25.388954162597656,30.583656311035156,52.39065933227539
2024-07-12,10.814346313476562,25.2455997467041,30.440031051635742,53.15949249267578
2024-07-15,10.788677215576172,25.34368324279785,30.719303131103516,53.218631744384766
2024-07-16,10.822901725769043,25.494585037231445,30.639507293701172,52.66101837158203
2024-07-17,10.951234817504883,25.77374839782715,30.799091339111328,52.17099380493164
2024-07-18,10.745903015136719,25.653024673461914,30.74323844909668,51.68096923828125
2024-07-19,10.68601131439209,25.84920310974121,30.87089729309082,51.63871765136719
2024-07-22,10.805789947509766,25.83411407470703,30.256513595581055,51.57957458496094
2024-07-23,10.728790283203125,25.796384811401367,29.86554527282715,50.88678741455078
2024-07-24,10.73734188079834,25.75865936279297,30.104917526245117,51.19939041137695
2024-07-25,10.566231727600098,25.645484924316406,30.065017700195312,51.174041748046875
2024-07-26,10.651788711547852,25.83411407470703,30.033100128173828,51.93442916870117
2024-07-29,10.694567680358887,26.022735595703125,29.426698684692383,52.027366638183594
2024-07-30,10.609007835388184,25.924654006958008,29.243179321289062,50.878334045410156
2024-07-31,10.63467788696289,25.562488555908203,29.849584579467773,52.06960678100586
2024-08-01,10.77156925201416,25.190813064575195,29.394775390625,50.903682708740234
2024-08-02,10.839238166809082,24.873760223388672,28.509105682373047,50.19398498535156
2024-08-05,11.661820411682129,24.873760223388672,28.485166549682617,49.934593200683594
2024-08-06,12.047407150268555,25.424835205078125,28.979867935180664,50.188560485839844
2024-08-07,12.073112487792969,25.492773056030273,28.93997573852539,50.09222412109375
2024-08-08,12.210211753845215,25.40218162536621,29.402759552001953,49.78571701049805
2024-08-09,12.51010799407959,26.089141845703125,29.131467819213867,49.96962356567383
2024-08-12,12.595795631408691,26.126882553100586,29.793729782104492,49.71565628051758
2024-08-13,12.750029563903809,26.866682052612305,29.61021614074707,49.49672317504883
2024-08-14,12.861419677734375,27.530986785888672,30.128849029541016,49.041343688964844
2024-08-15,12.989949226379395,27.968826293945312,30.59163475036621,49.242759704589844
2024-08-16,12.82714557647705,27.734806060791016,30.719303131103516,49.11140060424805
2024-08-19,13.401241302490234,27.900888442993164,30.67142677307129,49.89956283569336
2024-08-20,13.452651023864746,28.10470962524414,30.551740646362305,50.09222412109375
2024-08-21,13.39267349243164,27.991474151611328,30.368221282958984,51.055538177490234
2024-08-22,13.298417091369629,27.734806060791016,30.46111297607422,51.1255989074707
2024-08-23,13.418375968933105,27.523441314697266,30.27237319946289,50.26737594604492
2024-08-26,13.375536918640137,27.58382797241211,32.47161102294922,50.83659744262695
2024-08-27,13.212732315063477,27.6140193939209,32.03668975830078,52.369144439697266
2024-08-28,13.426945686340332,28.210390090942383,32.4962272644043,51.99257278442383
2024-08-29,13.39267349243164,27.900888442993164,32.27467346191406,51.931278228759766
2024-08-30,13.401241302490234,27.70461082458496,32.307491302490234,52.17647933959961
2024-09-02,13.366963386535645,27.48381805419922,32.00387191772461,51.44086456298828
2024-09-03,13.511931419372559,27.929418563842773,31.618179321289062,49.52299499511719
2024-09-04,13.61487865447998,28.12578010559082,31.626380920410156,49.908321380615234
2024-09-05,13.734983444213867,28.307048797607422,31.4294376373291,50.26737594604492
2024-09-06,13.469036102294922,27.906755447387695,30.813976287841797,49.6368408203125
2024-09-09,13.511931419372559,28.178661346435547,31.150426864624023,49.6368408203125
2024-09-10,13.554824829101562,28.178661346435547,30.633447647094727,49.041343688964844
2024-09-11,13.400402069091797,28.231515884399414,30.60062026977539,50.43376541137695
2024-09-12,13.340350151062012,27.921863555908203,30.255962371826172,50.88914489746094
2024-09-13,13.340350151062012,27.95207405090332,30.116456985473633,51.230682373046875
2024-09-16,13.23740291595459,27.944522857666016,30.53497314453125,51.230682373046875
2024-09-17,13.151612281799316,27.876548767089844,30.395462036132812,50.985477447509766
2024-09-18,13.074397087097168,27.717941284179688,29.66512680053711,50.38998031616211
2024-09-19,12.894241333007812,27.64242172241211,29.76359748840332,50.994232177734375
2024-09-20,12.654029846191406,27.340316772460938,29.755388259887695,50.22358322143555
2024-09-23,12.328028678894043,27.180517196655273,30.05901336669922,50.381221771240234
2024-09-24,12.310868263244629,27.172908782958984,30.18210792541504,52.842044830322266
2024-09-25,12.388081550598145,27.515329360961914,30.403669357299805,53.0784912109375
2024-09-26,12.705503463745117,27.865354537963867,29.74717903137207,56.266178131103516
2024-09-27,12.817031860351562,27.971891403198242,29.632293701171875,56.01221466064453
2024-09-30,12.61113452911377,27.477279663085938,29.550235748291016,55.618133544921875
2024-10-01,12.77420711517334,27.026321411132812,30.33802032470703,55.889610290527344
2024-10-02,13.234789848327637,27.193809509277344,30.756534576416016,56.19612121582031
2024-10-03,13.095478057861328,26.52386474609375,31.134017944335938,55.118961334228516
2024-10-04,13.11289119720459,26.5771541595459,31.051950454711914,54.716121673583984
2024-10-07,13.234789848327637,26.752248764038086,31.48687744140625,55.19778060913086
2024-10-08,13.252202033996582,26.912128448486328,30.85500717163086,53.525115966796875
2024-10-09,12.990992546081543,26.417282104492188,30.54317855834961,53.3849983215332
2024-10-10,13.060647964477539,26.561922073364258,30.89604377746582,53.63896560668945
2024-10-11,12.886507987976074,26.363985061645508,30.87141990661621,54.40961837768555
2024-10-14,13.07806396484375,26.531476974487305,30.94527816772461,54.234466552734375
2024-10-15,13.191254615783691,26.835996627807617,30.690887451171875,53.56890869140625
2024-10-16,13.147719383239746,26.676115036010742,30.53497314453125,54.5935173034668
2024-10-17,13.234789848327637,26.729413986206055,30.305200576782227,53.20985412597656
2024-10-18,13.339274406433105,26.858840942382812,30.22313690185547,53.02594757080078
2024-10-21,13.304447174072266,26.721799850463867,29.74717903137207,52.83328628540039
2024-10-22,13.217377662658691,26.767475128173828,29.632293701171875,52.90334701538086
2024-10-23,13.165133476257324,26.934967041015625,29.263019561767578,51.97506332397461
2024-10-24,13.191254615783691,27.178579330444336,29.4599666595459,52.28157424926758
2024-10-25,12.999698638916016,26.874061584472656,29.66512680053711,54.059322357177734
2024-10-28,13.234789848327637,27.201427459716797,29.615888595581055,55.06642150878906
2024-10-29,13.043232917785645,26.912128448486328,29.550235748291016,54.873756408691406
2024-10-30,13.08676815032959,26.835996627807617,29.418935775756836,54.707366943359375
2024-10-31,12.512102127075195,26.66089630126953,29.468172073364258,54.34831237792969
2024-11-01,12.28571605682373,26.514387130737305,29.06607437133789,54.32203674316406
2024-11-04,12.302258491516113,26.87238121032715,29.13172721862793,54.882511138916016
2024-11-05,12.145320892333984,27.679773330688477,29.041454315185547,54.40085220336914
2024-11-06,12.040696144104004,27.550281524658203,29.04966163635254,53.787841796875
2024-11-07,11.909912109375,27.14658546447754,29.13992691040039,55.661922454833984
2024-11-08,11.779131889343262,26.720041275024414,29.689739227294922,53.09600830078125
2024-11-11,11.7355375289917,26.75051498413086,29.74717903137207,51.36204528808594
2024-11-12,11.674507141113281,26.430601119995117,30.305200576782227,50.19731903076172
2024-11-13,11.752973556518555,26.29349708557129,30.264171600341797,50.05719757080078
2024-11-14,11.79656982421875,26.217329025268555,30.584209442138672,49.77695846557617
2024-11-18,11.962226867675781,26.125919342041016,31.34737777709961,50.39873123168945
2024-11-19,12.049413681030273,26.36204719543457,31.019134521484375,50.51258087158203
2024-11-21,12.005821228027344,25.905033111572266,31.109397888183594,50.46003341674805
2024-11-22,12.031976699829102,25.981210708618164,32.34851837158203,50.95044708251953
2024-11-25,11.857600212097168,25.973587036132812,32.151580810546875,50.941688537597656
2024-11-26,11.93606948852539,26.468685150146484,32.11054611206055,50.293643951416016
2024-11-27,11.613472938537598,25.821252822875977,31.995656967163086,50.90666580200195
2024-11-28,11.12522029876709,24.89198875427246,31.667415618896484,50.381221771240234
2024-11-29,11.011876106262207,24.8310546875,31.921802520751953,51.47589111328125
2024-12-02,10.776467323303223,24.47869873046875,32.12696075439453,51.59849166870117
2024-12-03,10.740641593933105,24.753053665161133,32.4141731262207,51.20441818237305
2024-12-04,10.862892150878906,24.905473709106445,32.20901870727539,50.20606994628906
2024-12-05,11.011341094970703,25.438940048217773,32.529056549072266,50.61766815185547
2024-12-06,10.758106231689453,24.920719146728516,32.02848815917969,49.75068664550781
2024-12-09,10.688251495361328,25.042648315429688,32.857303619384766,52.39542007446289
2024-12-10,10.897823333740234,25.38160514831543,32.98039245605469,52.342872619628906
2024-12-11,11.089929580688477,25.6278018951416,33.30863571166992,51.52843475341797
2024-12-12,10.70571231842041,24.989227294921875,32.712867736816406,50.106380462646484
2024-12-13,10.565997123718262,24.66608428955078,32.508087158203125,49.3553581237793
2024-12-16,10.391350746154785,24.396806716918945,32.37157440185547,49.328853607177734
2024-12-17,10.469942092895508,24.527603149414062,32.67873001098633,49.57624816894531
2024-12-18,10.033330917358398,23.82747459411621,31.834035873413086,48.42762756347656
2024-12-19,10.042064666748047,23.958263397216797,31.7060489654541,47.508731842041016
2024-12-20,10.269100189208984,24.235240936279297,31.441551208496094,48.25975036621094
2024-12-23,10.085723876953125,23.765920639038086,31.45008659362793,48.46296691894531
2024-12-26,10.164313316345215,23.91979217529297,31.686500549316406,48.60433578491211
2024-12-27,10.085723876953125,23.681291580200195,31.589061737060547,48.365779876708984
2024-12-30,10.094454765319824,23.642822265625,32.058555603027344,48.197906494140625
2025-01-02,10.214502334594727,23.533233642578125,32.57234573364258,47.93283462524414
2025-01-03,10.052029609680176,22.95587730407715,32.22686767578125,47.04044723510742
2025-01-06,10.249481201171875,23.987428665161133,32.07627487182617,46.43962860107422
2025-01-07,10.393082618713379,24.24916648864746,32.75836944580078,45.989013671875
2025-01-08,10.231529235839844,23.85655975341797,32.492618560791016,45.547237396240234
2025-01-09,10.15972900390625,23.918148040771484,32.63434982299805,45.26449966430664
2025-01-10,10.034083366394043,23.587127685546875,32.722938537597656,45.52073287963867
2025-01-13,10.069982528686523,23.756488800048828,32.83810043334961,45.51189422607422
2025-01-14,10.258455276489258,23.77188491821289,32.616641998291016,45.81230163574219
2025-01-15,10.617456436157227,24.803438186645508,33.03298568725586,46.47496795654297
2025-01-16,10.52770709991455,24.72645378112793,32.820377349853516,46.53681945800781
2025-01-17,10.402055740356445,24.90351104736328,32.9532585144043,48.14488983154297
2025-01-20,10.437956809997559,25.142152786254883,33.03298568725586,47.968177795410156
2025-01-21,10.446930885314941,25.196041107177734,33.041839599609375,47.729618072509766
2025-01-22,10.30333137512207,25.103660583496094,32.855812072753906,46.527984619140625
2025-01-23,10.222556114196777,25.049776077270508,32.62549591064453,46.22757339477539
2025-01-24,10.141779899597168,24.98818588256836,32.45718765258789,46.854896545410156
2025-01-27,10.393082618713379,25.588647842407227,32.93553924560547,47.676605224609375
2025-01-28,10.437956809997559,25.63483428955078,32.8912467956543,46.51914978027344
2025-01-29,10.330256462097168,25.57324981689453,32.687503814697266,46.65167999267578
2025-01-30,10.89568042755127,26.196800231933594,33.12156677246094,48.622005462646484
2025-01-31,10.850807189941406,26.027441024780273,33.3873176574707,47.86214828491211
2025-02-03,10.832856178283691,25.786861419677734,33.21901321411133,47.89749526977539
2025-02-04,10.813956260681152,25.87928581237793,32.8912467956543,47.729618072509766
2025-02-05,11.065653800964355,26.2720947265625,32.65207290649414,47.9858512878418
2025-02-06,11.21846866607666,26.318313598632812,32.590065002441406,48.710365295410156
2025-02-07,10.778000831604004,26.125761032104492,32.40403747558594,48.44529724121094
2025-02-10,10.786989212036133,26.410736083984375,32.62549591064453,48.94892501831055
2025-02-11,11.038686752319336,26.688013076782227,32.62549591064453,48.73686981201172
2025-02-12,10.535294532775879,25.948606491088867,32.13828659057617,48.40995788574219
2025-02-13,10.679120063781738,26.087244033813477,32.1737174987793,48.471805572509766
2025-02-14,10.957784652709961,26.780439376831055,33.16585922241211,49.18748092651367
2025-02-17,10.975763320922852,26.834360122680664,33.36960220336914,48.92241668701172
2025-02-18,10.966771125793457,26.789466857910156,33.980831146240234,49.249332427978516
2025-02-19,10.769009590148926,26.53932762145996,34.051700592041016,49.20515441894531
2025-02-20,10.742042541503906,26.466703414916992,34.10485076904297,51.016441345214844
2025-02-21,10.643163681030273,26.386016845703125,34.00740432739258,51.387535095214844
2025-02-24,10.454391479492188,26.240764617919922,33.76823425292969,50.91925048828125
2025-02-25,10.580239295959473,26.507049560546875,33.617637634277344,50.42445755004883
2025-02-26,10.373488426208496,26.442495346069336,33.617637634277344,50.11521530151367
2025-02-27,10.310564041137695,26.418283462524414,32.43061447143555,49.74412155151367
2025-02-28,10.103813171386719,25.77275848388672,31.8282413482666,48.72803497314453
2025-03-05,10.310564041137695,26.15839195251465,30.667787551879883,49.116798400878906
2025-03-06,10.400032043457031,26.206836700439453,30.34888458251953,49.65576934814453
2025-03-07,10.52609634399414,26.319866180419922,30.676651000976562,50.380287170410156
2025-03-10,10.373023986816406,26.553997039794922,30.667787551879883,49.56492233276367
2025-03-11,10.309988975524902,26.319866180419922,30.207149505615234,49.9780387878418
2025-03-12,10.309988975524902,26.400604248046875,30.207149505615234,49.3537712097168
2025-03-13,10.490079879760742,26.828500747680664,30.508338928222656,50.03312301635742
2025-03-14,10.922287940979004,27.70044708251953,31.44733238220215,51.676414489746094
2025-03-17,11.084365844726562,28.532020568847656,32.031986236572266,52.420021057128906
2025-03-18,11.075363159179688,28.6854248046875,32.058555603027344,52.80560302734375
2025-03-19,11.174407958984375,28.756471633911133,32.031986236572266,52.71379852294922
2025-03-20,11.120384216308594,28.49004554748535,32.10285186767578,52.54854965209961
2025-03-21,11.273456573486328,28.55221176147461,32.59891891479492,52.74134063720703
2025-03-24,11.390514373779297,28.578847885131836,32.554630279541016,52.46592712402344
2025-03-25,11.579606056213379,28.809757232666016,32.8115234375,52.64035415649414
2025-03-26,11.768698692321777,28.49892234802246,33.12156677246094,52.961666107177734
2025-03-27,11.723677635192871,28.53445053100586,33.36960220336914,53.383968353271484
2025-03-28,11.561595916748047,28.14368438720703,33.15700149536133,52.842323303222656
2025-03-31,11.408522605895996,27.89501953125,32.91781997680664,52.05281066894531
2025-04-01,11.42486572265625,27.901813507080078,33.041839599609375,52.502647399902344
2025-04-02,11.451475143432617,27.910701751708984,32.9532585144043,52.26395797729492
2025-04-03,11.671874046325684,28.40831756591797,31.890249252319336,50.37279510498047
2025-04-04,11.543306350708008,27.670785903930664,30.60577964782715,48.3622932434082
2025-04-07,11.350459098815918,27.72410011291504,29.392181396484375,47.78392791748047
2025-04-08,11.038229942321777,27.732982635498047,28.34688949584961,45.167518615722656
2025-04-09,11.451475143432617,28.239486694335938,29.49848175048828,47.600318908691406
2025-04-10,11.43310832977295,28.123966217041016,27.664791107177734,48.454097747802734
2025-04-11,11.589223861694336,28.266143798828125,28.214012145996094,49.26197052001953
2025-04-14,11.690237998962402,28.72821044921875,28.107709884643555,49.904598236083984
2025-04-15,11.699421882629395,29.0925350189209,27.46104621887207,49.39967727661133
2025-04-16,11.681055068969727,29.048105239868164,27.46104621887207,48.25212860107422
2025-04-17,11.736153602600098,29.101425170898438,28.003997802734375,48.545902252197266
2025-04-22,11.690237998962402,29.67011833190918,28.067541122436523,49.40885543823242
2025-04-23,12.075934410095215,30.292137145996094,27.749828338623047,49.996402740478516
2025-04-24,12.268780708312988,30.878604888916016,27.622745513916016,50.776737213134766
2025-04-25,12.287147521972656,30.76308822631836,27.704442977905273,49.436397552490234
2025-04-28,12.259597778320312,31.091869354248047,27.595510482788086,49.61082458496094
2025-04-29,12.397345542907715,31.340675354003906,27.740751266479492,49.427215576171875
2025-04-30,12.608559608459473,31.61613655090332,27.223337173461914,48.52754211425781
2025-05-02,12.342246055603027,31.534038543701172,27.967687606811523,48.47245788574219
2025-05-05,12.230952262878418,30.97394561767578,26.92378044128418,48.61934280395508
2025-05-06,12.175772666931152,30.813919067382812,27.368576049804688,48.656063079833984
2025-05-07,11.991851806640625,31.151752471923828,27.49565887451172,48.56426239013672
2025-05-08,13.867874145507812,31.400680541992188,27.87691307067871,48.41737747192383
2025-05-09,13.90466022491455,33.09873580932617,28.058462142944336,48.610164642333984
2025-05-12,13.702342987060547,32.43196105957031,28.730195999145508,49.831153869628906
2025-05-13,13.996621131896973,32.83202362060547,29.16591453552246,50.64820861816406
2025-05-14,13.978229522705078,33.054290771484375,28.966211318969727,50.40033721923828
2025-05-15,14.116171836853027,33.49879837036133,28.929899215698242,50.9052619934082
2025-05-16,14.162153244018555,33.694393157958984,29.066062927246094,50.94198226928711
2025-05-19,14.290900230407715,34.094459533691406,29.029752731323242,50.80427551269531
2025-05-20,14.428842544555664,34.05000305175781,29.147762298583984,50.813453674316406
2025-05-21,14.171347618103027,33.36544418334961,28.820972442626953,50.16164779663086
2025-05-22,14.208134651184082,33.134300231933594,28.439716339111328,49.785255432128906
2025-05-23,14.382862091064453,33.53436279296875,28.503259658813477,49.86787796020508
2025-05-26,14.456429481506348,33.60548400878906,28.41248321533203,49.583282470703125
2025-05-27,14.750712394714355,33.8721923828125,28.621265411376953,49.427215576171875
2025-05-28,14.851866722106934,33.596595764160156,28.530492782592773,49.03246307373047
2025-05-29,14.787497520446777,33.329891204833984,28.35801887512207,49.069183349609375
2025-05-30,14.897849082946777,33.27654266357422,28.04938507080078,47.829830169677734
2025-06-02,14.934632301330566,33.04319763183594,28.212779998779297,48.25212860107422
2025-06-03,15.191487312316895,32.936458587646484,28.221351623535156,48.22458267211914
2025-06-04,15.145452499389648,32.85640335083008,27.445219039916992,48.444915771484375
2025-06-05,14.703518867492676,32.45615005493164,27.454570770263672,48.57344055175781
2025-06-06,14.69430923461914,32.53620529174805,27.74445152282715,48.63770294189453
2025-06-09,14.58382511138916,32.36720657348633,27.276901245117188,48.92229461669922
2025-06-10,14.574618339538574,32.3170280456543,28.09978675842285,49.25279235839844
2025-06-11,15.02575969696045,32.6132698059082,29.034889221191406,48.821311950683594
2025-06-12,15.173069953918457,32.864620208740234,29.68946075439453,48.5
2025-06-13,14.998139381408691,32.46964645385742,30.41883659362793,47.85737228393555
2025-06-16,15.320383071899414,33.06211853027344,30.119606018066406,49.41803741455078
2025-06-17,15.550554275512695,33.25960922241211,30.802228927612305,47.19638442993164
2025-06-18,15.430869102478027,33.06211853027344,30.774179458618164,47.04031753540039
2025-06-20,15.30196762084961,32.89154815673828,30.690017700195312,45.8285026550293
2025-06-23,15.182278633117676,32.819732666015625,29.923236846923828,46.40686798095703
2025-06-24,15.228314399719238,33.43914794921875,29.334121704101562,46.39768981933594
2025-06-25,15.09941577911377,32.83769226074219,29.18450355529785,46.34260559082031
2025-06-26,15.237518310546875,32.59531784057617,29.41827964782715,47.7380256652832
2025-06-27,15.25593376159668,32.55941390991211,29.18450355529785,48.536720275878906
2025-06-30,15.49531364440918,33.16984176635742,29.34347152709961,48.334754943847656
2025-07-01,15.633240699768066,33.32040023803711,29.446332931518555,48.98655700683594
2025-07-02,15.350783348083496,33.050960540771484,29.969987869262695,50.767555236816406
2025-07-03,15.716729164123535,33.86826705932617,30.072851181030273,50.528865814208984
2025-07-04,15.641663551330566,33.88622283935547,30.035446166992188,50.675750732421875
2025-07-07,15.491534233093262,33.437164306640625,29.97934341430664,49.9321403503418
2025-07-08,15.529064178466797,33.3563346862793,30.409488677978516,50.1065673828125
2025-07-09,15.350783348083496,32.6647834777832,30.22246742248535,49.61082458496094
2025-07-10,15.14435863494873,31.65888786315918,30.147661209106445,50.74919128417969
2025-07-11,15.059908866882324,31.39842414855957,30.51235008239746,51.41018295288086
2025-07-14,15.116209030151367,31.34453582763672,30.11025619506836,50.822635650634766
2025-07-15,15.106823921203613,31.452314376831055,29.876482009887695,49.491477966308594
2025-07-16,15.069293975830078,31.60499382019043,29.726863861083984,49.941322326660156
2025-07-17,15.041144371032715,32.080997467041016,29.427631378173828,49.849517822265625
2025-07-18,14.703351974487305,31.49721908569336,28.978784561157227,50.08820724487305
2025-07-21,14.712733268737793,31.865449905395508,29.034889221191406,51.456085205078125
2025-07-22,14.665816307067871,31.434349060058594,29.31542205810547,52.7872428894043
2025-07-23,14.900395393371582,31.78462028503418,29.913883209228516,52.71379852294922
2025-07-24,14.712733268737793,31.488237380981445,29.86713218688965,51.89674377441406
2025-07-25,14.600136756896973,31.622957229614258,29.90453338623047,51.134769439697266
2025-07-28,14.487539291381836,30.95833969116211,29.941938400268555,50.63903045654297
2025-07-29,14.459390640258789,31.137964248657227,30.334680557250977,50.3268928527832
2025-07-30,14.69396686553955,31.49721908569336,30.643264770507812,49.427215576171875
2025-07-31,14.571986198425293,31.578048706054688,30.521699905395508,49.078365325927734
2025-08-01,14.600136756896973,31.387235641479492,30.119606018066406,49.3445930480957
2025-08-04,14.711908340454102,31.719696044921875,30.072851181030273,49.73935317993164
2025-08-05,14.740092277526855,32.07015609741211,30.213119506835938,49.675086975097656
2025-08-06,14.72130298614502,32.474510192871094,30.250518798828125,49.36295700073242
2025-08-07,14.834037780761719,33.049591064453125,30.41883659362793,49.72098922729492
2025-08-08,14.993744850158691,33.27424240112305,28.54863739013672,50.85017776489258
2025-08-11,14.937376976013184,33.48091125488281,28.72630500793457,50.79509735107422
2025-08-12,15.2849760055542,34.17281723022461,28.80111312866211,51.32756042480469
2025-08-13,15.15345287322998,33.84932327270508,28.586040496826172,51.39919662475586
2025-08-14,15.040719032287598,33.804405212402344,28.221351623535156,50.76252365112305
2025-08-15,15.0595064163208,33.687599182128906,28.211999893188477,50.66749954223633
2025-08-18,15.360133171081543,33.93020248413086,28.389671325683594,50.553470611572266
2025-08-19,14.834037780761719,32.9443244934082,28.090436935424805,50.59148025512695
2025-08-20,14.881011009216309,32.962467193603516,28.25875473022461,50.36341857910156
2025-08-21,14.834037780761719,32.99876403808594,28.3242130279541,50.79103469848633
2025-08-22,15.322555541992188,33.92421340942383,29.138917922973633,52.06437301635742
2025-08-25,15.360133171081543,33.75182342529297,29.31105613708496,52.187904357910156
2025-08-26,15.322555541992188,33.525001525878906,29.10066795349121,52.65353012084961
2025-08-27,15.435294151306152,34.08753204345703,29.320619583129883,52.625022888183594
2025-08-28,15.7734956741333,34.795230865478516,29.578824996948242,52.64402770996094
2025-08-29,15.811073303222656,34.9222526550293,29.741397857666016,52.79607009887695
2025-09-01,15.707732200622559,35.201507568359375,29.808340072631836,52.834075927734375
2025-09-02,15.528068542480469,34.602420806884766,29.961349487304688,52.634525299072266
2025-09-03,15.518665313720703,34.3028678894043,29.70314598083496,52.834075927734375
2025-09-04,15.8290376663208,34.43901824951172,29.70314598083496,52.938602447509766
2025-09-05,16.21465301513672,34.82026672363281,29.253677368164062,53.42323684692383
2025-09-08,16.130006790161133,34.656883239746094,29.36843490600586,53.556270599365234
2025-09-09,15.979521751403809,34.357330322265625,29.597951889038086,53.39472579956055
2025-09-10,15.866658210754395,34.38456344604492,30.133487701416016,53.76532745361328
2025-09-11,16.01714324951172,34.448097229003906,30.018728256225586,54.18343734741211
2025-09-12,15.8290376663208,33.930702209472656,29.817903518676758,54.164432525634766
2025-09-15,16.01714324951172,34.49348831176758,30.076108932495117,54.639556884765625
2025-09-16,15.979521751403809,34.40271759033203,30.152612686157227,54.82960891723633
2025-09-17,16.534427642822266,34.89289093017578,30.334312438964844,54.92463302612305
2025-09-18,16.36513328552246,34.938270568847656,30.037857055664062,54.820106506347656
2025-09-19,16.65669822692871,35.401214599609375,29.70314598083496,55.03866195678711
2025-09-22,16.684913635253906,34.89289093017578,29.999603271484375,55.11468505859375
2025-09-23,16.788373947143555,35.44659423828125,30.506450653076172,54.80109786987305
2025-09-24,16.65669822692871,35.21058654785156,31.194997787475586,55.010154724121094
2025-09-25,16.525026321411133,34.929195404052734,30.94635581970215,55.31423568725586
2025-09-26,16.60967254638672,35.10166931152344,30.841161727905273,54.24995422363281
2025-09-29,16.778968811035156,35.30135726928711,30.420381546020508,54.43050003051758
2025-09-30,16.91972541809082,35.46475601196289,30.085670471191406,54.715579986572266
2025-10-01,16.632781982421875,34.82692337036133,30.009166717529297,55.409263610839844
2025-10-02,16.36370086669922,34.44550323486328,29.722270965576172,55.77986145019531
2025-10-03,16.373275756835938,34.69978332519531,29.645767211914062,55.67533493041992
2025-10-06,16.277528762817383,34.30020523071289,29.37799835205078,56.625587463378906
2025-10-07,16.009424209594727,33.755332946777344,29.48319435119629,55.82737350463867
2025-10-08,16.26795196533203,33.81889724731445,29.31105613708496,56.25498962402344
2025-10-09,16.3541259765625,33.764408111572266,28.890275955200195,56.16946792602539
2025-10-10,16.133901596069336,33.728084564208984,28.6320743560791,55.941402435302734
2025-10-13,16.200923919677734,33.86430740356445,28.909404754638672,56.77762985229492
2025-10-14,16.43072509765625,34.00960922241211,28.70857810974121,56.77762985229492
2025-10-15,16.622228622436523,34.00960922241211,28.45037269592285,57.8324089050293
2025-10-16,16.8137264251709,33.92787551879883,28.16347885131836,57.30026626586914
2025-10-17,16.928627014160156,34.045936584472656,28.431245803833008,57.13872528076172
2025-10-20,17.244604110717773,34.65437316894531,28.45037269592285,57.87042236328125
2025-10-21,17.014801025390625,34.327449798583984,28.220857620239258,57.775394439697266
2025-10-22,17.033954620361328,34.60897445678711,28.546005249023438,58.80167007446289
2025-10-23,17.215879440307617,34.58172607421875,28.871152877807617,58.6876335144043
2025-10-24,17.311626434326172,34.536312103271484,28.536441802978516,58.65913009643555
2025-10-27,17.45525360107422,34.82692337036133,28.689453125,58.592613220214844
2025-10-28,17.46483039855957,34.944984436035156,28.679887771606445,59.10574722290039
2025-10-29,18.029754638671875,35.725982666015625,28.70857810974121,60.179534912109375
2025-10-30,17.330778121948242,35.68056869506836,28.58425521850586,60.635658264160156
2025-10-31,17.388229370117188,35.816795349121094,28.45037269592285,62.013526916503906
2025-11-03,17.579727172851562,36.41429138183594,28.785083770751953,62.09904479980469
2025-11-04,17.636253356933594,36.30526351928711,28.928529739379883,61.405364990234375
2025-11-05,18.01007080078125,36.459716796875,29.5023193359375,62.46014404296875
2025-11-06,17.933387756347656,36.459716796875,29.655330657958984,62.24158477783203
2025-11-07,17.952556610107422,36.496063232421875,30.774219512939453,61.55739974975586
2025-11-10,18.288028717041016,36.74136734008789,30.94635581970215,61.96601104736328
2025-11-11,18.681011199951172,37.45002746582031,31.749662399291992,61.80447006225586
2025-11-12,18.633089065551758,36.59599685668945,30.936790466308594,62.488651275634766
2025-11-13,18.67142677307129,36.74136734008789,31.070676803588867,62.40312576293945
2025-11-14,18.661842346191406,36.88673400878906,31.271503448486328,62.02302169799805
2025-11-17,18.51806640625,36.61417007446289,31.443641662597656,61.97551345825195
2025-11-18,18.29761505126953,36.43246078491211,31.54883575439453,61.785457611083984
2025-11-19,18.11549949645996,36.205322265625,31.386260986328125,61.71894073486328
2025-11-21,18.01007080078125,36.31435012817383,31.147178649902344,61.91850280761719
2025-11-24,18.019649505615234,36.17807388305664,31.11849021911621,61.85197830200195
2025-11-25,18.163429260253906,36.25984191894531,30.869848251342773,62.33660888671875
2025-11-26,18.70977210998535,37.11387252807617,30.822032928466797,63.267860412597656
2025-11-27,18.67142677307129,36.986671447753906,30.984607696533203,63.030296325683594
2025-11-28,18.834367752075195,37.831607818603516,30.401254653930664,64.04706573486328
2025-12-01,18.546825408935547,37.53861999511719,30.458633422851562,64.54119110107422
2025-12-02,18.74732208251953,38.37482833862305,30.669023513793945,65.0733413696289
2025-12-03,18.229225158691406,38.37482833862305,30.898540496826172,67.17340087890625
2025-12-04,18.48827362060547,39.32011795043945,31.099365234375,68.34220886230469
2025-12-05,17.38492774963379,37.502262115478516,29.999603271484375,66.7267837524414
2025-12-08,17.50965118408203,37.68404769897461,30.276933670043945,66.2706527709961
2025-12-09,17.279388427734375,37.60224533081055,30.468198776245117,66.30867004394531
2025-12-10,17.586406707763672,37.8981819152832,30.544702529907227,67.52498626708984
2025-12-11,17.78788948059082,37.869354248046875,30.037857055664062,68.41822814941406
2025-12-12,17.903018951416016,38.20567321777344,30.209991455078125,68.61000061035156
2025-12-15,18.15247344970703,38.78221893310547,30.315189361572266,69.02999877929688
2025-12-16,17.653564453125,37.782867431640625,29.397125244140625,69.29000091552734
2025-12-17,17.50965118408203,37.44654846191406,29.722270965576172,70.16999816894531
2025-12-18,17.586406707763672,37.63873291015625,29.550134658813477,70.3499984741211
2025-12-19,17.749509811401367,37.98466110229492,29.655330657958984,70.8499984741211
2025-12-22,17.500057220458984,38.0615348815918,29.741397857666016,72.91999816894531
2025-12-23,17.663162231445312,38.686126708984375,29.901338577270508,72.9000015258789
2025-12-26,17.653564453125,38.69861602783203,29.999990463256836,73.12000274658203
2025-12-29,17.73991584777832,38.5798454284668,30.315675735473633,72.12000274658203
2025-12-30,17.824491500854492,38.82727813720703,30.404462814331055,71.95999908447266
2026-01-02,17.85388946533203,38.76607131958008,30.29594612121582,72.37999725341797
2026-01-05,18.60819435119629,39.330482482910156,29.792823791503906,73.12000274658203
2026-01-06,18.716100692749023,39.5681266784668,29.240371704101562,75.87000274658203
2026-01-07,18.480676651000977,38.93440628051758,29.427810668945312,76.31999969482422
2026-01-08,18.166780471801758,39.538421630859375,29.792823791503906,75.58000183105469
2026-01-09,18.1864013671875,39.459205627441406,29.8914737701416,74.72000122070312
2026-01-12,18.049068450927734,39.10273742675781,29.950666427612305,74.73999786376953
2026-01-13,17.843074798583984,38.78587341308594,30.72014808654785,75.3499984741211
2026-01-14,18.166780471801758,39.2116584777832,31.55868911743164,78.91999816894531
2026-01-15,18.539531707763672,39.54832458496094,31.361385345458984,78.8499984741211
2026-01-16,18.54934310913086,39.22156524658203,31.608015060424805,78.87999725341797
2026-01-19,18.539531707763672,39.162147521972656,31.73625946044922,78.56999969482422
2026-01-20,18.80438232421875,39.52851867675781,31.854644775390625,80.08000183105469
2026-01-21,19.38313102722168,41.26136016845703,32.97927474975586,82.5
2026-01-22,19.91282844543457,42.65753173828125,33.127254486083984,82.9800033569336
2026-01-23,20.39348602294922,43.14272689819336,34.56756591796875,85.0199966430664
2026-01-26,20.481765747070312,43.717037200927734,34.88325119018555,83.06999969482422
2026-01-27,21.02128028869629,44.87556076049805,35.64287185668945,84.9000015258789
2026-01-28,21.305747985839844,45.885562896728516,36.83655548095703,86.97000122070312
2026-01-29,21.031089782714844,45.697425842285156,37.19170379638672,87.41000366210938
2026-01-30,20.903566360473633,45.053802490234375,37.250892639160156,84.31999969482422
2026-02-02,21.168418884277344,45.44823455810547,36.73790740966797,84.81999969482422
2026-02-03,21.285228729248047,45.70578384399414,37.07332229614258,88.98999786376953
2026-02-04,20.59797477722168,44.20009231567383,37.014129638671875,89.43000030517578
2026-02-05,20.764877319335938,45.09162521362305,36.50114059448242,86.44999694824219
2026-02-06,20.234712600708008,46.3100471496582,36.155860900878906,85.62999725341797
2026-02-09,20.529247283935547,47.85536575317383,36.81682586669922,87.30999755859375
2026-02-10,20.539066314697266,47.96432876586914,36.84642028808594,87.05000305175781
2026-02-11,21.147777557373047,48.90538787841797,37.56658172607422,90.08999633789062
2026-02-12,20.84341812133789,47.78602600097656,36.609657287597656,89.2300033569336
2026-02-13,20.588153839111328,47.3204460144043,36.39262390136719,87.02999877929688
2026-02-18,20.529247283935547,47.53837203979492,36.688575744628906,83.91999816894531
2026-02-19,20.941600799560547,48.093109130859375,37.30022048950195,83.45999908447266
2026-02-20,21.36376953125,48.76670837402344,37.458065032958984,86.80999755859375
2026-02-23,20.84341812133789,47.003456115722656,38.0697021484375,87.38999938964844
2026-02-24,21.010324478149414,47.71668243408203,39.03649139404297,87.7300033569336
2026-02-25,20.784513473510742,47.34025955200195,39.03649139404297,89.97000122070312
2026-02-26,20.59797477722168,47.22138595581055,39.075950622558594,89.20999908447266
2026-02-27,20.764877319335938,46.33976364135742,38.79972839355469,88.47000122070312
2026-03-02,20.84341812133789,45.50554275512695,40.57545852661133,88.16000366210938
2026-03-03,19.84992027282715,43.97944259643555,40.397884368896484,84.4800033569336
2026-03-04,20.134891510009766,44.60375213623047,39.95395278930664,84.08999633789062
2026-03-05,19.486330032348633,43.11729431152344,40.141387939453125,81.29000091552734
2026-03-06,19.211181640625,42.54253005981445,41.59156799316406,78.86000061035156
2026-03-09,19.211181640625,42.77045440673828,42.578086853027344,79.26000213623047
2026-03-10,19.682865142822266,43.40467834472656,42.35118865966797,80.55999755859375
2026-03-11,19.594425201416016,43.493865966796875,44.19597625732422,79.8499984741211
2026-03-12,19.053955078125,42.304691314697266,44.393280029296875,79.23999786376953
2026-03-13,18.660888671875,42.01731491088867,44.067726135253906,78.30000305175781
2026-03-16,18.67071533203125,42.61189651489258,45.24168395996094,78.83999633789062
2026-03-17,18.5233154296875,42.32451248168945,45.75467300415039,78.95999908447266
2026-03-18,18.307125091552734,41.89839553833008,46.36631393432617,77.12999725341797
2026-03-19,18.316951751708984,42.19568634033203,46.14927673339844,76.62999725341797
2026-03-20,18.012325286865234,41.515140533447266,45.05424499511719,75.55000305175781
2026-03-23,18.67071533203125,42.74410629272461,45.40938949584961,77.48999786376953
2026-03-24,18.61175537109375,42.504310607910156,46.63267517089844,78.0999984741211
2026-03-25,18.945863723754883,43.063838958740234,46.85957336425781,79.55000305175781
2026-03-26,18.493833541870117,41.90481185913086,47.372562408447266,78.91000366210938
2026-03-27,18.199033737182617,41.415225982666016,48.74382019042969,79.0
2026-03-30,18.149898529052734,41.56509780883789,49.00031280517578,79.5
2026-03-31,18.8377685546875,43.44352340698242,48.0137939453125,82.4800033569336
2026-04-01,19.093263626098633,43.81155014038086,46.7313232421875,83.0
2026-04-02,18.807003021240234,43.281768798828125,47.50080871582031,83.55000305175781
2026-04-06,19.01356315612793,43.4716911315918,48.280155181884766,83.08999633789062
2026-04-07,19.190723419189453,43.44170379638672,47.855953216552734,83.69000244140625
2026-04-08,20.149761199951172,44.961063385009766,45.981571197509766,85.58999633789062
2026-04-09,20.269641876220703,45.73073959350586,47.254180908203125,84.69000244140625
2026-04-10,20.419490814208984,46.05060577392578,48.36894226074219,85.58999633789062
2026-04-13,20.569339752197266,45.810707092285156,49.108829498291016,87.36000061035156
2026-04-14,20.7591495513916,46.51041030883789,47.23445129394531,88.30000305175781
2026-04-15,20.77912712097168,47.020198822021484,46.25779724121094,88.44000244140625
2026-04-16,20.829078674316406,46.96022033691406,47.92501449584961,87.44000244140625
2026-04-17,21.238666534423828,46.780296325683594,45.596832275390625,89.75
2026-04-20,21.00889778137207,46.35047912597656,46.386043548583984,88.7300033569336
2026-04-22,20.38951873779297,45.011043548583984,47.027278900146484,87.22000122070312
2026-04-23,19.949960708618164,44.161399841308594,47.77000045776367,85.97000122070312
2026-04-24,19.90001106262207,44.351318359375,47.15999984741211,85.87000274658203
2026-04-27,19.710201263427734,43.97148132324219,47.369998931884766,85.5
2026-04-28,19.55036163330078,44.0814323425293,47.52000045776367,84.38999938964844
2026-04-29,19.090824127197266,42.851951599121094,48.959999084472656,79.44000244140625
2026-04-30,19.300613403320312,43.171817779541016,49.08000183105469,81.18000030517578
2026-05-04,18.89102554321289,42.400001525878906,49.34000015258789,78.66000366210938
2026-05-05,19.190000534057617,42.459999084472656,48.65999984741211,78.38999938964844
2026-05-06,19.270000457763672,41.779998779296875,47.27000045776367,81.2300033569336
2026-05-07,18.520000457763672,40.790000915527344,46.220001220703125,80.06999969482422
2026-05-08,18.59000015258789,41.2599983215332,45.66999816894531,80.80000305175781
2026-05-11,18.09000015258789,40.33000183105469,46.43000030517578,83.44999694824219
2026-05-12,17.959999084472656,39.869998931884766,45.68000030517578,83.25
2026-05-13,17.649999618530273,39.630001068115234,44.56999969482422,84.30000305175781
